system,frame_index,time_ns,close_heavy_atom_contacts_3p5A
MERS,0,0.0000,4
MERS,1,0.1000,9
MERS,2,0.2000,9
MERS,3,0.3000,3
MERS,4,0.4000,5
MERS,5,0.5000,8
MERS,6,0.6000,6
MERS,7,0.7000,6
MERS,8,0.8000,11
MERS,9,0.9000,10
MERS,10,1.0000,7
MERS,11,1.1000,7
MERS,12,1.2000,5
MERS,13,1.3000,9
MERS,14,1.4000,6
MERS,15,1.5000,22
MERS,16,1.6000,2
MERS,17,1.7000,9
MERS,18,1.8000,10
MERS,19,1.9000,11
MERS,20,2.0000,9
MERS,21,2.1000,20
MERS,22,2.2000,7
MERS,23,2.3000,15
MERS,24,2.4000,6
MERS,25,2.5000,9
MERS,26,2.6000,16
MERS,27,2.7000,9
MERS,28,2.8000,7
MERS,29,2.9000,8
MERS,30,3.0000,8
MERS,31,3.1000,6
MERS,32,3.2000,8
MERS,33,3.3000,14
MERS,34,3.4000,7
MERS,35,3.5000,7
MERS,36,3.6000,9
MERS,37,3.7000,10
MERS,38,3.8000,6
MERS,39,3.9000,8
MERS,40,4.0000,2
MERS,41,4.1000,10
MERS,42,4.2000,8
MERS,43,4.3000,11
MERS,44,4.4000,16
MERS,45,4.5000,10
MERS,46,4.6000,12
MERS,47,4.7000,15
MERS,48,4.8000,8
MERS,49,4.9000,9
MERS,50,5.0000,6
MERS,51,5.1000,18
MERS,52,5.2000,9
MERS,53,5.3000,8
MERS,54,5.4000,6
MERS,55,5.5000,19
MERS,56,5.6000,13
MERS,57,5.7000,20
MERS,58,5.8000,11
MERS,59,5.9000,15
MERS,60,6.0000,15
MERS,61,6.1000,11
MERS,62,6.2000,11
MERS,63,6.3000,6
MERS,64,6.4000,13
MERS,65,6.5000,7
MERS,66,6.6000,9
MERS,67,6.7000,6
MERS,68,6.8000,10
MERS,69,6.9000,3
MERS,70,7.0000,9
MERS,71,7.1000,9
MERS,72,7.2000,11
MERS,73,7.3000,21
MERS,74,7.4000,7
MERS,75,7.5000,6
MERS,76,7.6000,6
MERS,77,7.7000,5
MERS,78,7.8000,15
MERS,79,7.9000,4
MERS,80,8.0000,9
MERS,81,8.1000,4
MERS,82,8.2000,7
MERS,83,8.3000,18
MERS,84,8.4000,8
MERS,85,8.5000,10
MERS,86,8.6000,13
MERS,87,8.7000,6
MERS,88,8.8000,11
MERS,89,8.9000,15
MERS,90,9.0000,15
MERS,91,9.1000,8
MERS,92,9.2000,10
MERS,93,9.3000,8
MERS,94,9.4000,10
MERS,95,9.5000,6
MERS,96,9.6000,10
MERS,97,9.7000,11
MERS,98,9.8000,7
MERS,99,9.9000,3
MERS,100,10.0000,13
MERS,101,10.1000,8
MERS,102,10.2000,12
MERS,103,10.3000,9
MERS,104,10.4000,12
MERS,105,10.5000,7
MERS,106,10.6000,11
MERS,107,10.7000,14
MERS,108,10.8000,9
MERS,109,10.9000,8
MERS,110,11.0000,15
MERS,111,11.1000,7
MERS,112,11.2000,1
MERS,113,11.3000,7
MERS,114,11.4000,8
MERS,115,11.5000,10
MERS,116,11.6000,5
MERS,117,11.7000,10
MERS,118,11.8000,5
MERS,119,11.9000,16
MERS,120,12.0000,11
MERS,121,12.1000,9
MERS,122,12.2000,5
MERS,123,12.3000,4
MERS,124,12.4000,6
MERS,125,12.5000,14
MERS,126,12.6000,7
MERS,127,12.7000,11
MERS,128,12.8000,6
MERS,129,12.9000,3
MERS,130,13.0000,11
MERS,131,13.1000,9
MERS,132,13.2000,10
MERS,133,13.3000,15
MERS,134,13.4000,7
MERS,135,13.5000,6
MERS,136,13.6000,10
MERS,137,13.7000,4
MERS,138,13.8000,4
MERS,139,13.9000,7
MERS,140,14.0000,19
MERS,141,14.1000,8
MERS,142,14.2000,13
MERS,143,14.3000,6
MERS,144,14.4000,15
MERS,145,14.5000,11
MERS,146,14.6000,10
MERS,147,14.7000,10
MERS,148,14.8000,14
MERS,149,14.9000,20
MERS,150,15.0000,8
MERS,151,15.1000,10
MERS,152,15.2000,2
MERS,153,15.3000,11
MERS,154,15.4000,4
MERS,155,15.5000,13
MERS,156,15.6000,5
MERS,157,15.7000,5
MERS,158,15.8000,10
MERS,159,15.9000,24
MERS,160,16.0000,8
MERS,161,16.1000,5
MERS,162,16.2000,10
MERS,163,16.3000,7
MERS,164,16.4000,8
MERS,165,16.5000,17
MERS,166,16.6000,13
MERS,167,16.7000,6
MERS,168,16.8000,3
MERS,169,16.9000,12
MERS,170,17.0000,11
MERS,171,17.1000,13
MERS,172,17.2000,9
MERS,173,17.3000,11
MERS,174,17.4000,4
MERS,175,17.5000,9
MERS,176,17.6000,2
MERS,177,17.7000,4
MERS,178,17.8000,6
MERS,179,17.9000,6
MERS,180,18.0000,6
MERS,181,18.1000,6
MERS,182,18.2000,20
MERS,183,18.3000,14
MERS,184,18.4000,16
MERS,185,18.5000,7
MERS,186,18.6000,8
MERS,187,18.7000,16
MERS,188,18.8000,7
MERS,189,18.9000,9
MERS,190,19.0000,7
MERS,191,19.1000,11
MERS,192,19.2000,22
MERS,193,19.3000,9
MERS,194,19.4000,21
MERS,195,19.5000,11
MERS,196,19.6000,8
MERS,197,19.7000,19
MERS,198,19.8000,15
MERS,199,19.9000,8
MERS,200,20.0000,11
MERS,201,20.1000,15
MERS,202,20.2000,13
MERS,203,20.3000,14
MERS,204,20.4000,21
MERS,205,20.5000,13
MERS,206,20.6000,18
MERS,207,20.7000,9
MERS,208,20.8000,20
MERS,209,20.9000,15
MERS,210,21.0000,15
MERS,211,21.1000,11
MERS,212,21.2000,18
MERS,213,21.3000,9
MERS,214,21.4000,9
MERS,215,21.5000,6
MERS,216,21.6000,12
MERS,217,21.7000,9
MERS,218,21.8000,8
MERS,219,21.9000,11
MERS,220,22.0000,5
MERS,221,22.1000,12
MERS,222,22.2000,11
MERS,223,22.3000,10
MERS,224,22.4000,14
MERS,225,22.5000,16
MERS,226,22.6000,12
MERS,227,22.7000,18
MERS,228,22.8000,14
MERS,229,22.9000,14
MERS,230,23.0000,5
MERS,231,23.1000,8
MERS,232,23.2000,10
MERS,233,23.3000,9
MERS,234,23.4000,11
MERS,235,23.5000,9
MERS,236,23.6000,9
MERS,237,23.7000,13
MERS,238,23.8000,11
MERS,239,23.9000,11
MERS,240,24.0000,6
MERS,241,24.1000,8
MERS,242,24.2000,9
MERS,243,24.3000,12
MERS,244,24.4000,9
MERS,245,24.5000,9
MERS,246,24.6000,12
MERS,247,24.7000,16
MERS,248,24.8000,14
MERS,249,24.9000,10
MERS,250,25.0000,9
MERS,251,25.1000,1
MERS,252,25.2000,10
MERS,253,25.3000,12
MERS,254,25.4000,12
MERS,255,25.5000,13
MERS,256,25.6000,15
MERS,257,25.7000,14
MERS,258,25.8000,15
MERS,259,25.9000,14
MERS,260,26.0000,13
MERS,261,26.1000,22
MERS,262,26.2000,11
MERS,263,26.3000,4
MERS,264,26.4000,10
MERS,265,26.5000,17
MERS,266,26.6000,10
MERS,267,26.7000,16
MERS,268,26.8000,15
MERS,269,26.9000,8
MERS,270,27.0000,15
MERS,271,27.1000,11
MERS,272,27.2000,10
MERS,273,27.3000,17
MERS,274,27.4000,10
MERS,275,27.5000,14
MERS,276,27.6000,6
MERS,277,27.7000,11
MERS,278,27.8000,9
MERS,279,27.9000,9
MERS,280,28.0000,7
MERS,281,28.1000,10
MERS,282,28.2000,10
MERS,283,28.3000,20
MERS,284,28.4000,14
MERS,285,28.5000,8
MERS,286,28.6000,4
MERS,287,28.7000,15
MERS,288,28.8000,20
MERS,289,28.9000,13
MERS,290,29.0000,13
MERS,291,29.1000,16
MERS,292,29.2000,13
MERS,293,29.3000,8
MERS,294,29.4000,18
MERS,295,29.5000,3
MERS,296,29.6000,14
MERS,297,29.7000,10
MERS,298,29.8000,14
MERS,299,29.9000,6
MERS,300,30.0000,11
MERS,301,30.1000,12
MERS,302,30.2000,5
MERS,303,30.3000,11
MERS,304,30.4000,10
MERS,305,30.5000,11
MERS,306,30.6000,9
MERS,307,30.7000,10
MERS,308,30.8000,8
MERS,309,30.9000,14
MERS,310,31.0000,14
MERS,311,31.1000,12
MERS,312,31.2000,8
MERS,313,31.3000,11
MERS,314,31.4000,8
MERS,315,31.5000,15
MERS,316,31.6000,13
MERS,317,31.7000,7
MERS,318,31.8000,6
MERS,319,31.9000,10
MERS,320,32.0000,11
MERS,321,32.1000,15
MERS,322,32.2000,4
MERS,323,32.3000,9
MERS,324,32.4000,8
MERS,325,32.5000,6
MERS,326,32.6000,12
MERS,327,32.7000,13
MERS,328,32.8000,10
MERS,329,32.9000,15
MERS,330,33.0000,13
MERS,331,33.1000,23
MERS,332,33.2000,10
MERS,333,33.3000,20
MERS,334,33.4000,5
MERS,335,33.5000,7
MERS,336,33.6000,12
MERS,337,33.7000,7
MERS,338,33.8000,4
MERS,339,33.9000,7
MERS,340,34.0000,13
MERS,341,34.1000,13
MERS,342,34.2000,15
MERS,343,34.3000,13
MERS,344,34.4000,12
MERS,345,34.5000,15
MERS,346,34.6000,17
MERS,347,34.7000,17
MERS,348,34.8000,15
MERS,349,34.9000,9
MERS,350,35.0000,8
MERS,351,35.1000,17
MERS,352,35.2000,11
MERS,353,35.3000,11
MERS,354,35.4000,6
MERS,355,35.5000,10
MERS,356,35.6000,12
MERS,357,35.7000,14
MERS,358,35.8000,11
MERS,359,35.9000,4
MERS,360,36.0000,13
MERS,361,36.1000,13
MERS,362,36.2000,5
MERS,363,36.3000,9
MERS,364,36.4000,16
MERS,365,36.5000,6
MERS,366,36.6000,13
MERS,367,36.7000,6
MERS,368,36.8000,11
MERS,369,36.9000,14
MERS,370,37.0000,13
MERS,371,37.1000,7
MERS,372,37.2000,18
MERS,373,37.3000,19
MERS,374,37.4000,9
MERS,375,37.5000,4
MERS,376,37.6000,12
MERS,377,37.7000,13
MERS,378,37.8000,9
MERS,379,37.9000,7
MERS,380,38.0000,14
MERS,381,38.1000,13
MERS,382,38.2000,22
MERS,383,38.3000,5
MERS,384,38.4000,15
MERS,385,38.5000,6
MERS,386,38.6000,16
MERS,387,38.7000,15
MERS,388,38.8000,14
MERS,389,38.9000,15
MERS,390,39.0000,15
MERS,391,39.1000,8
MERS,392,39.2000,11
MERS,393,39.3000,22
MERS,394,39.4000,15
MERS,395,39.5000,15
MERS,396,39.6000,9
MERS,397,39.7000,13
MERS,398,39.8000,12
MERS,399,39.9000,12
MERS,400,40.0000,9
MERS,401,40.1000,12
MERS,402,40.2000,4
MERS,403,40.3000,13
MERS,404,40.4000,15
MERS,405,40.5000,8
MERS,406,40.6000,18
MERS,407,40.7000,7
MERS,408,40.8000,11
MERS,409,40.9000,11
MERS,410,41.0000,12
MERS,411,41.1000,15
MERS,412,41.2000,5
MERS,413,41.3000,12
MERS,414,41.4000,12
MERS,415,41.5000,15
MERS,416,41.6000,8
MERS,417,41.7000,16
MERS,418,41.8000,16
MERS,419,41.9000,10
MERS,420,42.0000,10
MERS,421,42.1000,14
MERS,422,42.2000,8
MERS,423,42.3000,3
MERS,424,42.4000,3
MERS,425,42.5000,12
MERS,426,42.6000,10
MERS,427,42.7000,10
MERS,428,42.8000,15
MERS,429,42.9000,5
MERS,430,43.0000,10
MERS,431,43.1000,8
MERS,432,43.2000,20
MERS,433,43.3000,19
MERS,434,43.4000,12
MERS,435,43.5000,10
MERS,436,43.6000,16
MERS,437,43.7000,15
MERS,438,43.8000,19
MERS,439,43.9000,11
MERS,440,44.0000,15
MERS,441,44.1000,20
MERS,442,44.2000,10
MERS,443,44.3000,15
MERS,444,44.4000,8
MERS,445,44.5000,13
MERS,446,44.6000,8
MERS,447,44.7000,4
MERS,448,44.8000,15
MERS,449,44.9000,11
MERS,450,45.0000,8
MERS,451,45.1000,5
MERS,452,45.2000,14
MERS,453,45.3000,16
MERS,454,45.4000,9
MERS,455,45.5000,17
MERS,456,45.6000,15
MERS,457,45.7000,15
MERS,458,45.8000,11
MERS,459,45.9000,17
MERS,460,46.0000,14
MERS,461,46.1000,12
MERS,462,46.2000,10
MERS,463,46.3000,8
MERS,464,46.4000,13
MERS,465,46.5000,10
MERS,466,46.6000,13
MERS,467,46.7000,15
MERS,468,46.8000,8
MERS,469,46.9000,15
MERS,470,47.0000,16
MERS,471,47.1000,13
MERS,472,47.2000,12
MERS,473,47.3000,5
MERS,474,47.4000,11
MERS,475,47.5000,7
MERS,476,47.6000,7
MERS,477,47.7000,13
MERS,478,47.8000,14
MERS,479,47.9000,9
MERS,480,48.0000,17
MERS,481,48.1000,13
MERS,482,48.2000,12
MERS,483,48.3000,8
MERS,484,48.4000,7
MERS,485,48.5000,7
MERS,486,48.6000,14
MERS,487,48.7000,10
MERS,488,48.8000,11
MERS,489,48.9000,10
MERS,490,49.0000,4
MERS,491,49.1000,16
MERS,492,49.2000,9
MERS,493,49.3000,8
MERS,494,49.4000,11
MERS,495,49.5000,14
MERS,496,49.6000,18
MERS,497,49.7000,12
MERS,498,49.8000,10
MERS,499,49.9000,8
MERS,500,50.0000,19
MERS,501,50.1000,13
MERS,502,50.2000,8
MERS,503,50.3000,10
MERS,504,50.4000,11
MERS,505,50.5000,11
MERS,506,50.6000,10
MERS,507,50.7000,6
MERS,508,50.8000,19
MERS,509,50.9000,10
MERS,510,51.0000,11
MERS,511,51.1000,8
MERS,512,51.2000,14
MERS,513,51.3000,4
MERS,514,51.4000,15
MERS,515,51.5000,12
MERS,516,51.6000,10
MERS,517,51.7000,6
MERS,518,51.8000,12
MERS,519,51.9000,14
MERS,520,52.0000,9
MERS,521,52.1000,14
MERS,522,52.2000,12
MERS,523,52.3000,8
MERS,524,52.4000,10
MERS,525,52.5000,20
MERS,526,52.6000,15
MERS,527,52.7000,9
MERS,528,52.8000,12
MERS,529,52.9000,8
MERS,530,53.0000,15
MERS,531,53.1000,11
MERS,532,53.2000,11
MERS,533,53.3000,5
MERS,534,53.4000,13
MERS,535,53.5000,13
MERS,536,53.6000,13
MERS,537,53.7000,16
MERS,538,53.8000,12
MERS,539,53.9000,11
MERS,540,54.0000,8
MERS,541,54.1000,8
MERS,542,54.2000,13
MERS,543,54.3000,16
MERS,544,54.4000,15
MERS,545,54.5000,17
MERS,546,54.6000,11
MERS,547,54.7000,11
MERS,548,54.8000,11
MERS,549,54.9000,9
MERS,550,55.0000,8
MERS,551,55.1000,9
MERS,552,55.2000,5
MERS,553,55.3000,12
MERS,554,55.4000,9
MERS,555,55.5000,9
MERS,556,55.6000,6
MERS,557,55.7000,3
MERS,558,55.8000,13
MERS,559,55.9000,11
MERS,560,56.0000,10
MERS,561,56.1000,5
MERS,562,56.2000,9
MERS,563,56.3000,4
MERS,564,56.4000,14
MERS,565,56.5000,7
MERS,566,56.6000,19
MERS,567,56.7000,10
MERS,568,56.8000,15
MERS,569,56.9000,14
MERS,570,57.0000,7
MERS,571,57.1000,12
MERS,572,57.2000,9
MERS,573,57.3000,11
MERS,574,57.4000,10
MERS,575,57.5000,7
MERS,576,57.6000,4
MERS,577,57.7000,10
MERS,578,57.8000,14
MERS,579,57.9000,9
MERS,580,58.0000,3
MERS,581,58.1000,8
MERS,582,58.2000,12
MERS,583,58.3000,12
MERS,584,58.4000,14
MERS,585,58.5000,13
MERS,586,58.6000,22
MERS,587,58.7000,11
MERS,588,58.8000,10
MERS,589,58.9000,11
MERS,590,59.0000,4
MERS,591,59.1000,7
MERS,592,59.2000,13
MERS,593,59.3000,9
MERS,594,59.4000,7
MERS,595,59.5000,3
MERS,596,59.6000,12
MERS,597,59.7000,9
MERS,598,59.8000,12
MERS,599,59.9000,12
MERS,600,60.0000,17
MERS,601,60.1000,11
MERS,602,60.2000,8
MERS,603,60.3000,15
MERS,604,60.4000,17
MERS,605,60.5000,12
MERS,606,60.6000,9
MERS,607,60.7000,11
MERS,608,60.8000,5
MERS,609,60.9000,10
MERS,610,61.0000,4
MERS,611,61.1000,18
MERS,612,61.2000,6
MERS,613,61.3000,16
MERS,614,61.4000,10
MERS,615,61.5000,9
MERS,616,61.6000,12
MERS,617,61.7000,10
MERS,618,61.8000,3
MERS,619,61.9000,3
MERS,620,62.0000,12
MERS,621,62.1000,9
MERS,622,62.2000,11
MERS,623,62.3000,13
MERS,624,62.4000,11
MERS,625,62.5000,9
MERS,626,62.6000,3
MERS,627,62.7000,5
MERS,628,62.8000,7
MERS,629,62.9000,8
MERS,630,63.0000,6
MERS,631,63.1000,9
MERS,632,63.2000,9
MERS,633,63.3000,9
MERS,634,63.4000,9
MERS,635,63.5000,10
MERS,636,63.6000,11
MERS,637,63.7000,7
MERS,638,63.8000,10
MERS,639,63.9000,7
MERS,640,64.0000,13
MERS,641,64.1000,17
MERS,642,64.2000,17
MERS,643,64.3000,2
MERS,644,64.4000,12
MERS,645,64.5000,19
MERS,646,64.6000,9
MERS,647,64.7000,7
MERS,648,64.8000,10
MERS,649,64.9000,11
MERS,650,65.0000,8
MERS,651,65.1000,21
MERS,652,65.2000,10
MERS,653,65.3000,14
MERS,654,65.4000,10
MERS,655,65.5000,11
MERS,656,65.6000,12
MERS,657,65.7000,7
MERS,658,65.8000,11
MERS,659,65.9000,9
MERS,660,66.0000,7
MERS,661,66.1000,8
MERS,662,66.2000,7
MERS,663,66.3000,6
MERS,664,66.4000,7
MERS,665,66.5000,11
MERS,666,66.6000,6
MERS,667,66.7000,7
MERS,668,66.8000,11
MERS,669,66.9000,11
MERS,670,67.0000,13
MERS,671,67.1000,5
MERS,672,67.2000,8
MERS,673,67.3000,13
MERS,674,67.4000,9
MERS,675,67.5000,19
MERS,676,67.6000,10
MERS,677,67.7000,10
MERS,678,67.8000,16
MERS,679,67.9000,8
MERS,680,68.0000,7
MERS,681,68.1000,11
MERS,682,68.2000,5
MERS,683,68.3000,17
MERS,684,68.4000,11
MERS,685,68.5000,9
MERS,686,68.6000,6
MERS,687,68.7000,6
MERS,688,68.8000,5
MERS,689,68.9000,16
MERS,690,69.0000,11
MERS,691,69.1000,14
MERS,692,69.2000,11
MERS,693,69.3000,21
MERS,694,69.4000,8
MERS,695,69.5000,11
MERS,696,69.6000,26
MERS,697,69.7000,11
MERS,698,69.8000,13
MERS,699,69.9000,13
MERS,700,70.0000,15
MERS,701,70.1000,14
MERS,702,70.2000,5
MERS,703,70.3000,22
MERS,704,70.4000,10
MERS,705,70.5000,14
MERS,706,70.6000,11
MERS,707,70.7000,11
MERS,708,70.8000,7
MERS,709,70.9000,11
MERS,710,71.0000,18
MERS,711,71.1000,9
MERS,712,71.2000,17
MERS,713,71.3000,5
MERS,714,71.4000,4
MERS,715,71.5000,4
MERS,716,71.6000,8
MERS,717,71.7000,20
MERS,718,71.8000,14
MERS,719,71.9000,16
MERS,720,72.0000,11
MERS,721,72.1000,15
MERS,722,72.2000,11
MERS,723,72.3000,19
MERS,724,72.4000,11
MERS,725,72.5000,13
MERS,726,72.6000,10
MERS,727,72.7000,15
MERS,728,72.8000,11
MERS,729,72.9000,11
MERS,730,73.0000,14
MERS,731,73.1000,19
MERS,732,73.2000,16
MERS,733,73.3000,10
MERS,734,73.4000,11
MERS,735,73.5000,10
MERS,736,73.6000,12
MERS,737,73.7000,4
MERS,738,73.8000,21
MERS,739,73.9000,18
MERS,740,74.0000,9
MERS,741,74.1000,5
MERS,742,74.2000,6
MERS,743,74.3000,6
MERS,744,74.4000,10
MERS,745,74.5000,12
MERS,746,74.6000,8
MERS,747,74.7000,18
MERS,748,74.8000,13
MERS,749,74.9000,16
MERS,750,75.0000,13
MERS,751,75.1000,12
MERS,752,75.2000,15
MERS,753,75.3000,11
MERS,754,75.4000,10
MERS,755,75.5000,20
MERS,756,75.6000,13
MERS,757,75.7000,7
MERS,758,75.8000,10
MERS,759,75.9000,16
MERS,760,76.0000,16
MERS,761,76.1000,5
MERS,762,76.2000,20
MERS,763,76.3000,9
MERS,764,76.4000,11
MERS,765,76.5000,17
MERS,766,76.6000,13
MERS,767,76.7000,9
MERS,768,76.8000,8
MERS,769,76.9000,5
MERS,770,77.0000,11
MERS,771,77.1000,10
MERS,772,77.2000,6
MERS,773,77.3000,8
MERS,774,77.4000,10
MERS,775,77.5000,21
MERS,776,77.6000,14
MERS,777,77.7000,10
MERS,778,77.8000,14
MERS,779,77.9000,11
MERS,780,78.0000,6
MERS,781,78.1000,10
MERS,782,78.2000,13
MERS,783,78.3000,15
MERS,784,78.4000,14
MERS,785,78.5000,10
MERS,786,78.6000,9
MERS,787,78.7000,19
MERS,788,78.8000,18
MERS,789,78.9000,8
MERS,790,79.0000,10
MERS,791,79.1000,18
MERS,792,79.2000,16
MERS,793,79.3000,20
MERS,794,79.4000,5
MERS,795,79.5000,14
MERS,796,79.6000,15
MERS,797,79.7000,14
MERS,798,79.8000,19
MERS,799,79.9000,15
MERS,800,80.0000,15
MERS,801,80.1000,13
MERS,802,80.2000,5
MERS,803,80.3000,3
MERS,804,80.4000,13
MERS,805,80.5000,8
MERS,806,80.6000,13
MERS,807,80.7000,10
MERS,808,80.8000,15
MERS,809,80.9000,12
MERS,810,81.0000,11
MERS,811,81.1000,14
MERS,812,81.2000,9
MERS,813,81.3000,11
MERS,814,81.4000,7
MERS,815,81.5000,8
MERS,816,81.6000,16
MERS,817,81.7000,23
MERS,818,81.8000,16
MERS,819,81.9000,10
MERS,820,82.0000,15
MERS,821,82.1000,12
MERS,822,82.2000,11
MERS,823,82.3000,9
MERS,824,82.4000,16
MERS,825,82.5000,20
MERS,826,82.6000,12
MERS,827,82.7000,8
MERS,828,82.8000,10
MERS,829,82.9000,7
MERS,830,83.0000,10
MERS,831,83.1000,17
MERS,832,83.2000,13
MERS,833,83.3000,10
MERS,834,83.4000,8
MERS,835,83.5000,2
MERS,836,83.6000,8
MERS,837,83.7000,21
MERS,838,83.8000,7
MERS,839,83.9000,16
MERS,840,84.0000,13
MERS,841,84.1000,11
MERS,842,84.2000,10
MERS,843,84.3000,10
MERS,844,84.4000,18
MERS,845,84.5000,18
MERS,846,84.6000,17
MERS,847,84.7000,8
MERS,848,84.8000,10
MERS,849,84.9000,15
MERS,850,85.0000,12
MERS,851,85.1000,10
MERS,852,85.2000,12
MERS,853,85.3000,15
MERS,854,85.4000,13
MERS,855,85.5000,13
MERS,856,85.6000,5
MERS,857,85.7000,12
MERS,858,85.8000,16
MERS,859,85.9000,18
MERS,860,86.0000,5
MERS,861,86.1000,17
MERS,862,86.2000,16
MERS,863,86.3000,9
MERS,864,86.4000,15
MERS,865,86.5000,12
MERS,866,86.6000,13
MERS,867,86.7000,14
MERS,868,86.8000,6
MERS,869,86.9000,12
MERS,870,87.0000,17
MERS,871,87.1000,9
MERS,872,87.2000,19
MERS,873,87.3000,8
MERS,874,87.4000,14
MERS,875,87.5000,9
MERS,876,87.6000,16
MERS,877,87.7000,9
MERS,878,87.8000,4
MERS,879,87.9000,7
MERS,880,88.0000,14
MERS,881,88.1000,11
MERS,882,88.2000,11
MERS,883,88.3000,11
MERS,884,88.4000,21
MERS,885,88.5000,19
MERS,886,88.6000,8
MERS,887,88.7000,18
MERS,888,88.8000,19
MERS,889,88.9000,8
MERS,890,89.0000,17
MERS,891,89.1000,8
MERS,892,89.2000,7
MERS,893,89.3000,5
MERS,894,89.4000,12
MERS,895,89.5000,16
MERS,896,89.6000,16
MERS,897,89.7000,16
MERS,898,89.8000,11
MERS,899,89.9000,17
MERS,900,90.0000,7
MERS,901,90.1000,17
MERS,902,90.2000,15
MERS,903,90.3000,13
MERS,904,90.4000,12
MERS,905,90.5000,9
MERS,906,90.6000,10
MERS,907,90.7000,8
MERS,908,90.8000,6
MERS,909,90.9000,9
MERS,910,91.0000,15
MERS,911,91.1000,16
MERS,912,91.2000,11
MERS,913,91.3000,13
MERS,914,91.4000,12
MERS,915,91.5000,7
MERS,916,91.6000,15
MERS,917,91.7000,9
MERS,918,91.8000,6
MERS,919,91.9000,10
MERS,920,92.0000,7
MERS,921,92.1000,10
MERS,922,92.2000,4
MERS,923,92.3000,9
MERS,924,92.4000,19
MERS,925,92.5000,19
MERS,926,92.6000,2
MERS,927,92.7000,8
MERS,928,92.8000,19
MERS,929,92.9000,18
MERS,930,93.0000,11
MERS,931,93.1000,14
MERS,932,93.2000,3
MERS,933,93.3000,6
MERS,934,93.4000,14
MERS,935,93.5000,8
MERS,936,93.6000,15
MERS,937,93.7000,12
MERS,938,93.8000,6
MERS,939,93.9000,10
MERS,940,94.0000,9
MERS,941,94.1000,13
MERS,942,94.2000,7
MERS,943,94.3000,7
MERS,944,94.4000,12
MERS,945,94.5000,9
MERS,946,94.6000,10
MERS,947,94.7000,8
MERS,948,94.8000,12
MERS,949,94.9000,23
MERS,950,95.0000,8
MERS,951,95.1000,24
MERS,952,95.2000,7
MERS,953,95.3000,14
MERS,954,95.4000,11
MERS,955,95.5000,8
MERS,956,95.6000,7
MERS,957,95.7000,9
MERS,958,95.8000,10
MERS,959,95.9000,19
MERS,960,96.0000,8
MERS,961,96.1000,11
MERS,962,96.2000,10
MERS,963,96.3000,16
MERS,964,96.4000,5
MERS,965,96.5000,7
MERS,966,96.6000,17
MERS,967,96.7000,9
MERS,968,96.8000,11
MERS,969,96.9000,6
MERS,970,97.0000,10
MERS,971,97.1000,11
MERS,972,97.2000,10
MERS,973,97.3000,9
MERS,974,97.4000,9
MERS,975,97.5000,11
MERS,976,97.6000,18
MERS,977,97.7000,13
MERS,978,97.8000,11
MERS,979,97.9000,10
MERS,980,98.0000,13
MERS,981,98.1000,8
MERS,982,98.2000,11
MERS,983,98.3000,16
MERS,984,98.4000,10
MERS,985,98.5000,7
MERS,986,98.6000,11
MERS,987,98.7000,3
MERS,988,98.8000,12
MERS,989,98.9000,15
MERS,990,99.0000,6
MERS,991,99.1000,18
MERS,992,99.2000,9
MERS,993,99.3000,6
MERS,994,99.4000,7
MERS,995,99.5000,6
MERS,996,99.6000,9
MERS,997,99.7000,9
MERS,998,99.8000,12
MERS,999,99.9000,15
MERS,1000,100.0000,14
SARS1,0,0.0000,7
SARS1,1,0.1000,7
SARS1,2,0.2000,3
SARS1,3,0.3000,7
SARS1,4,0.4000,5
SARS1,5,0.5000,0
SARS1,6,0.6000,10
SARS1,7,0.7000,12
SARS1,8,0.8000,9
SARS1,9,0.9000,15
SARS1,10,1.0000,15
SARS1,11,1.1000,5
SARS1,12,1.2000,8
SARS1,13,1.3000,5
SARS1,14,1.4000,6
SARS1,15,1.5000,13
SARS1,16,1.6000,12
SARS1,17,1.7000,9
SARS1,18,1.8000,4
SARS1,19,1.9000,6
SARS1,20,2.0000,8
SARS1,21,2.1000,12
SARS1,22,2.2000,13
SARS1,23,2.3000,7
SARS1,24,2.4000,7
SARS1,25,2.5000,11
SARS1,26,2.6000,5
SARS1,27,2.7000,8
SARS1,28,2.8000,8
SARS1,29,2.9000,10
SARS1,30,3.0000,12
SARS1,31,3.1000,5
SARS1,32,3.2000,11
SARS1,33,3.3000,12
SARS1,34,3.4000,11
SARS1,35,3.5000,8
SARS1,36,3.6000,11
SARS1,37,3.7000,10
SARS1,38,3.8000,4
SARS1,39,3.9000,16
SARS1,40,4.0000,12
SARS1,41,4.1000,10
SARS1,42,4.2000,18
SARS1,43,4.3000,9
SARS1,44,4.4000,12
SARS1,45,4.5000,9
SARS1,46,4.6000,8
SARS1,47,4.7000,5
SARS1,48,4.8000,9
SARS1,49,4.9000,6
SARS1,50,5.0000,5
SARS1,51,5.1000,16
SARS1,52,5.2000,7
SARS1,53,5.3000,5
SARS1,54,5.4000,4
SARS1,55,5.5000,6
SARS1,56,5.6000,13
SARS1,57,5.7000,20
SARS1,58,5.8000,5
SARS1,59,5.9000,21
SARS1,60,6.0000,11
SARS1,61,6.1000,9
SARS1,62,6.2000,6
SARS1,63,6.3000,11
SARS1,64,6.4000,7
SARS1,65,6.5000,7
SARS1,66,6.6000,11
SARS1,67,6.7000,9
SARS1,68,6.8000,10
SARS1,69,6.9000,7
SARS1,70,7.0000,17
SARS1,71,7.1000,7
SARS1,72,7.2000,10
SARS1,73,7.3000,5
SARS1,74,7.4000,9
SARS1,75,7.5000,10
SARS1,76,7.6000,9
SARS1,77,7.7000,9
SARS1,78,7.8000,7
SARS1,79,7.9000,14
SARS1,80,8.0000,10
SARS1,81,8.1000,14
SARS1,82,8.2000,7
SARS1,83,8.3000,10
SARS1,84,8.4000,12
SARS1,85,8.5000,11
SARS1,86,8.6000,9
SARS1,87,8.7000,27
SARS1,88,8.8000,7
SARS1,89,8.9000,12
SARS1,90,9.0000,10
SARS1,91,9.1000,8
SARS1,92,9.2000,7
SARS1,93,9.3000,12
SARS1,94,9.4000,5
SARS1,95,9.5000,6
SARS1,96,9.6000,6
SARS1,97,9.7000,12
SARS1,98,9.8000,4
SARS1,99,9.9000,9
SARS1,100,10.0000,9
SARS1,101,10.1000,5
SARS1,102,10.2000,8
SARS1,103,10.3000,4
SARS1,104,10.4000,8
SARS1,105,10.5000,12
SARS1,106,10.6000,14
SARS1,107,10.7000,7
SARS1,108,10.8000,9
SARS1,109,10.9000,11
SARS1,110,11.0000,8
SARS1,111,11.1000,7
SARS1,112,11.2000,8
SARS1,113,11.3000,12
SARS1,114,11.4000,3
SARS1,115,11.5000,4
SARS1,116,11.6000,7
SARS1,117,11.7000,7
SARS1,118,11.8000,13
SARS1,119,11.9000,11
SARS1,120,12.0000,7
SARS1,121,12.1000,8
SARS1,122,12.2000,14
SARS1,123,12.3000,9
SARS1,124,12.4000,13
SARS1,125,12.5000,2
SARS1,126,12.6000,6
SARS1,127,12.7000,5
SARS1,128,12.8000,8
SARS1,129,12.9000,9
SARS1,130,13.0000,5
SARS1,131,13.1000,9
SARS1,132,13.2000,7
SARS1,133,13.3000,10
SARS1,134,13.4000,10
SARS1,135,13.5000,13
SARS1,136,13.6000,14
SARS1,137,13.7000,5
SARS1,138,13.8000,11
SARS1,139,13.9000,11
SARS1,140,14.0000,9
SARS1,141,14.1000,15
SARS1,142,14.2000,6
SARS1,143,14.3000,10
SARS1,144,14.4000,11
SARS1,145,14.5000,11
SARS1,146,14.6000,6
SARS1,147,14.7000,10
SARS1,148,14.8000,5
SARS1,149,14.9000,12
SARS1,150,15.0000,8
SARS1,151,15.1000,12
SARS1,152,15.2000,6
SARS1,153,15.3000,11
SARS1,154,15.4000,9
SARS1,155,15.5000,7
SARS1,156,15.6000,4
SARS1,157,15.7000,11
SARS1,158,15.8000,6
SARS1,159,15.9000,8
SARS1,160,16.0000,11
SARS1,161,16.1000,25
SARS1,162,16.2000,5
SARS1,163,16.3000,7
SARS1,164,16.4000,13
SARS1,165,16.5000,19
SARS1,166,16.6000,7
SARS1,167,16.7000,5
SARS1,168,16.8000,2
SARS1,169,16.9000,5
SARS1,170,17.0000,13
SARS1,171,17.1000,15
SARS1,172,17.2000,14
SARS1,173,17.3000,6
SARS1,174,17.4000,12
SARS1,175,17.5000,8
SARS1,176,17.6000,17
SARS1,177,17.7000,12
SARS1,178,17.8000,17
SARS1,179,17.9000,4
SARS1,180,18.0000,8
SARS1,181,18.1000,7
SARS1,182,18.2000,11
SARS1,183,18.3000,9
SARS1,184,18.4000,14
SARS1,185,18.5000,8
SARS1,186,18.6000,18
SARS1,187,18.7000,10
SARS1,188,18.8000,13
SARS1,189,18.9000,13
SARS1,190,19.0000,14
SARS1,191,19.1000,14
SARS1,192,19.2000,8
SARS1,193,19.3000,6
SARS1,194,19.4000,1
SARS1,195,19.5000,7
SARS1,196,19.6000,6
SARS1,197,19.7000,9
SARS1,198,19.8000,7
SARS1,199,19.9000,11
SARS1,200,20.0000,6
SARS1,201,20.1000,2
SARS1,202,20.2000,9
SARS1,203,20.3000,7
SARS1,204,20.4000,5
SARS1,205,20.5000,12
SARS1,206,20.6000,10
SARS1,207,20.7000,5
SARS1,208,20.8000,7
SARS1,209,20.9000,11
SARS1,210,21.0000,9
SARS1,211,21.1000,6
SARS1,212,21.2000,17
SARS1,213,21.3000,4
SARS1,214,21.4000,2
SARS1,215,21.5000,4
SARS1,216,21.6000,10
SARS1,217,21.7000,8
SARS1,218,21.8000,10
SARS1,219,21.9000,7
SARS1,220,22.0000,8
SARS1,221,22.1000,10
SARS1,222,22.2000,5
SARS1,223,22.3000,7
SARS1,224,22.4000,10
SARS1,225,22.5000,7
SARS1,226,22.6000,4
SARS1,227,22.7000,10
SARS1,228,22.8000,6
SARS1,229,22.9000,7
SARS1,230,23.0000,8
SARS1,231,23.1000,12
SARS1,232,23.2000,8
SARS1,233,23.3000,8
SARS1,234,23.4000,7
SARS1,235,23.5000,7
SARS1,236,23.6000,7
SARS1,237,23.7000,7
SARS1,238,23.8000,12
SARS1,239,23.9000,12
SARS1,240,24.0000,1
SARS1,241,24.1000,1
SARS1,242,24.2000,9
SARS1,243,24.3000,3
SARS1,244,24.4000,6
SARS1,245,24.5000,4
SARS1,246,24.6000,9
SARS1,247,24.7000,8
SARS1,248,24.8000,2
SARS1,249,24.9000,5
SARS1,250,25.0000,7
SARS1,251,25.1000,13
SARS1,252,25.2000,9
SARS1,253,25.3000,10
SARS1,254,25.4000,20
SARS1,255,25.5000,12
SARS1,256,25.6000,7
SARS1,257,25.7000,7
SARS1,258,25.8000,15
SARS1,259,25.9000,12
SARS1,260,26.0000,9
SARS1,261,26.1000,12
SARS1,262,26.2000,2
SARS1,263,26.3000,6
SARS1,264,26.4000,7
SARS1,265,26.5000,5
SARS1,266,26.6000,8
SARS1,267,26.7000,9
SARS1,268,26.8000,8
SARS1,269,26.9000,7
SARS1,270,27.0000,10
SARS1,271,27.1000,6
SARS1,272,27.2000,4
SARS1,273,27.3000,4
SARS1,274,27.4000,5
SARS1,275,27.5000,12
SARS1,276,27.6000,6
SARS1,277,27.7000,6
SARS1,278,27.8000,4
SARS1,279,27.9000,8
SARS1,280,28.0000,16
SARS1,281,28.1000,13
SARS1,282,28.2000,14
SARS1,283,28.3000,6
SARS1,284,28.4000,8
SARS1,285,28.5000,8
SARS1,286,28.6000,6
SARS1,287,28.7000,9
SARS1,288,28.8000,6
SARS1,289,28.9000,7
SARS1,290,29.0000,12
SARS1,291,29.1000,12
SARS1,292,29.2000,8
SARS1,293,29.3000,12
SARS1,294,29.4000,4
SARS1,295,29.5000,12
SARS1,296,29.6000,14
SARS1,297,29.7000,7
SARS1,298,29.8000,7
SARS1,299,29.9000,13
SARS1,300,30.0000,11
SARS1,301,30.1000,7
SARS1,302,30.2000,9
SARS1,303,30.3000,8
SARS1,304,30.4000,4
SARS1,305,30.5000,12
SARS1,306,30.6000,5
SARS1,307,30.7000,9
SARS1,308,30.8000,11
SARS1,309,30.9000,5
SARS1,310,31.0000,8
SARS1,311,31.1000,3
SARS1,312,31.2000,3
SARS1,313,31.3000,9
SARS1,314,31.4000,7
SARS1,315,31.5000,15
SARS1,316,31.6000,18
SARS1,317,31.7000,10
SARS1,318,31.8000,17
SARS1,319,31.9000,12
SARS1,320,32.0000,12
SARS1,321,32.1000,8
SARS1,322,32.2000,5
SARS1,323,32.3000,7
SARS1,324,32.4000,13
SARS1,325,32.5000,10
SARS1,326,32.6000,5
SARS1,327,32.7000,8
SARS1,328,32.8000,6
SARS1,329,32.9000,5
SARS1,330,33.0000,11
SARS1,331,33.1000,9
SARS1,332,33.2000,17
SARS1,333,33.3000,6
SARS1,334,33.4000,4
SARS1,335,33.5000,5
SARS1,336,33.6000,8
SARS1,337,33.7000,1
SARS1,338,33.8000,14
SARS1,339,33.9000,11
SARS1,340,34.0000,11
SARS1,341,34.1000,11
SARS1,342,34.2000,11
SARS1,343,34.3000,5
SARS1,344,34.4000,8
SARS1,345,34.5000,8
SARS1,346,34.6000,6
SARS1,347,34.7000,12
SARS1,348,34.8000,10
SARS1,349,34.9000,7
SARS1,350,35.0000,11
SARS1,351,35.1000,7
SARS1,352,35.2000,9
SARS1,353,35.3000,6
SARS1,354,35.4000,12
SARS1,355,35.5000,12
SARS1,356,35.6000,10
SARS1,357,35.7000,10
SARS1,358,35.8000,15
SARS1,359,35.9000,8
SARS1,360,36.0000,12
SARS1,361,36.1000,11
SARS1,362,36.2000,6
SARS1,363,36.3000,10
SARS1,364,36.4000,18
SARS1,365,36.5000,12
SARS1,366,36.6000,11
SARS1,367,36.7000,10
SARS1,368,36.8000,10
SARS1,369,36.9000,13
SARS1,370,37.0000,14
SARS1,371,37.1000,10
SARS1,372,37.2000,3
SARS1,373,37.3000,15
SARS1,374,37.4000,13
SARS1,375,37.5000,18
SARS1,376,37.6000,20
SARS1,377,37.7000,24
SARS1,378,37.8000,11
SARS1,379,37.9000,15
SARS1,380,38.0000,12
SARS1,381,38.1000,8
SARS1,382,38.2000,16
SARS1,383,38.3000,10
SARS1,384,38.4000,12
SARS1,385,38.5000,5
SARS1,386,38.6000,13
SARS1,387,38.7000,17
SARS1,388,38.8000,11
SARS1,389,38.9000,17
SARS1,390,39.0000,15
SARS1,391,39.1000,7
SARS1,392,39.2000,12
SARS1,393,39.3000,8
SARS1,394,39.4000,5
SARS1,395,39.5000,0
SARS1,396,39.6000,7
SARS1,397,39.7000,17
SARS1,398,39.8000,11
SARS1,399,39.9000,9
SARS1,400,40.0000,7
SARS1,401,40.1000,12
SARS1,402,40.2000,18
SARS1,403,40.3000,13
SARS1,404,40.4000,23
SARS1,405,40.5000,8
SARS1,406,40.6000,16
SARS1,407,40.7000,13
SARS1,408,40.8000,16
SARS1,409,40.9000,13
SARS1,410,41.0000,9
SARS1,411,41.1000,15
SARS1,412,41.2000,5
SARS1,413,41.3000,19
SARS1,414,41.4000,7
SARS1,415,41.5000,6
SARS1,416,41.6000,12
SARS1,417,41.7000,7
SARS1,418,41.8000,8
SARS1,419,41.9000,4
SARS1,420,42.0000,4
SARS1,421,42.1000,6
SARS1,422,42.2000,7
SARS1,423,42.3000,14
SARS1,424,42.4000,6
SARS1,425,42.5000,13
SARS1,426,42.6000,8
SARS1,427,42.7000,6
SARS1,428,42.8000,6
SARS1,429,42.9000,20
SARS1,430,43.0000,6
SARS1,431,43.1000,14
SARS1,432,43.2000,7
SARS1,433,43.3000,7
SARS1,434,43.4000,11
SARS1,435,43.5000,12
SARS1,436,43.6000,8
SARS1,437,43.7000,5
SARS1,438,43.8000,8
SARS1,439,43.9000,11
SARS1,440,44.0000,12
SARS1,441,44.1000,12
SARS1,442,44.2000,12
SARS1,443,44.3000,11
SARS1,444,44.4000,10
SARS1,445,44.5000,9
SARS1,446,44.6000,8
SARS1,447,44.7000,14
SARS1,448,44.8000,14
SARS1,449,44.9000,16
SARS1,450,45.0000,11
SARS1,451,45.1000,16
SARS1,452,45.2000,8
SARS1,453,45.3000,24
SARS1,454,45.4000,12
SARS1,455,45.5000,9
SARS1,456,45.6000,9
SARS1,457,45.7000,12
SARS1,458,45.8000,11
SARS1,459,45.9000,11
SARS1,460,46.0000,7
SARS1,461,46.1000,4
SARS1,462,46.2000,8
SARS1,463,46.3000,11
SARS1,464,46.4000,14
SARS1,465,46.5000,20
SARS1,466,46.6000,13
SARS1,467,46.7000,10
SARS1,468,46.8000,11
SARS1,469,46.9000,12
SARS1,470,47.0000,10
SARS1,471,47.1000,14
SARS1,472,47.2000,14
SARS1,473,47.3000,6
SARS1,474,47.4000,11
SARS1,475,47.5000,12
SARS1,476,47.6000,11
SARS1,477,47.7000,4
SARS1,478,47.8000,11
SARS1,479,47.9000,20
SARS1,480,48.0000,10
SARS1,481,48.1000,8
SARS1,482,48.2000,0
SARS1,483,48.3000,8
SARS1,484,48.4000,5
SARS1,485,48.5000,9
SARS1,486,48.6000,11
SARS1,487,48.7000,7
SARS1,488,48.8000,13
SARS1,489,48.9000,10
SARS1,490,49.0000,8
SARS1,491,49.1000,5
SARS1,492,49.2000,8
SARS1,493,49.3000,14
SARS1,494,49.4000,10
SARS1,495,49.5000,9
SARS1,496,49.6000,12
SARS1,497,49.7000,15
SARS1,498,49.8000,9
SARS1,499,49.9000,11
SARS1,500,50.0000,11
SARS1,501,50.1000,15
SARS1,502,50.2000,18
SARS1,503,50.3000,8
SARS1,504,50.4000,5
SARS1,505,50.5000,12
SARS1,506,50.6000,12
SARS1,507,50.7000,12
SARS1,508,50.8000,12
SARS1,509,50.9000,9
SARS1,510,51.0000,8
SARS1,511,51.1000,15
SARS1,512,51.2000,8
SARS1,513,51.3000,7
SARS1,514,51.4000,20
SARS1,515,51.5000,12
SARS1,516,51.6000,12
SARS1,517,51.7000,15
SARS1,518,51.8000,14
SARS1,519,51.9000,8
SARS1,520,52.0000,4
SARS1,521,52.1000,13
SARS1,522,52.2000,20
SARS1,523,52.3000,15
SARS1,524,52.4000,11
SARS1,525,52.5000,8
SARS1,526,52.6000,11
SARS1,527,52.7000,12
SARS1,528,52.8000,10
SARS1,529,52.9000,10
SARS1,530,53.0000,6
SARS1,531,53.1000,10
SARS1,532,53.2000,6
SARS1,533,53.3000,13
SARS1,534,53.4000,14
SARS1,535,53.5000,8
SARS1,536,53.6000,9
SARS1,537,53.7000,7
SARS1,538,53.8000,9
SARS1,539,53.9000,14
SARS1,540,54.0000,8
SARS1,541,54.1000,14
SARS1,542,54.2000,13
SARS1,543,54.3000,7
SARS1,544,54.4000,14
SARS1,545,54.5000,16
SARS1,546,54.6000,12
SARS1,547,54.7000,12
SARS1,548,54.8000,19
SARS1,549,54.9000,13
SARS1,550,55.0000,10
SARS1,551,55.1000,13
SARS1,552,55.2000,21
SARS1,553,55.3000,6
SARS1,554,55.4000,14
SARS1,555,55.5000,3
SARS1,556,55.6000,8
SARS1,557,55.7000,10
SARS1,558,55.8000,11
SARS1,559,55.9000,11
SARS1,560,56.0000,10
SARS1,561,56.1000,11
SARS1,562,56.2000,15
SARS1,563,56.3000,17
SARS1,564,56.4000,11
SARS1,565,56.5000,10
SARS1,566,56.6000,21
SARS1,567,56.7000,10
SARS1,568,56.8000,16
SARS1,569,56.9000,16
SARS1,570,57.0000,17
SARS1,571,57.1000,13
SARS1,572,57.2000,21
SARS1,573,57.3000,12
SARS1,574,57.4000,12
SARS1,575,57.5000,11
SARS1,576,57.6000,8
SARS1,577,57.7000,10
SARS1,578,57.8000,11
SARS1,579,57.9000,14
SARS1,580,58.0000,10
SARS1,581,58.1000,7
SARS1,582,58.2000,18
SARS1,583,58.3000,10
SARS1,584,58.4000,7
SARS1,585,58.5000,9
SARS1,586,58.6000,11
SARS1,587,58.7000,9
SARS1,588,58.8000,9
SARS1,589,58.9000,18
SARS1,590,59.0000,9
SARS1,591,59.1000,6
SARS1,592,59.2000,17
SARS1,593,59.3000,13
SARS1,594,59.4000,20
SARS1,595,59.5000,10
SARS1,596,59.6000,13
SARS1,597,59.7000,8
SARS1,598,59.8000,9
SARS1,599,59.9000,12
SARS1,600,60.0000,12
SARS1,601,60.1000,9
SARS1,602,60.2000,9
SARS1,603,60.3000,9
SARS1,604,60.4000,11
SARS1,605,60.5000,11
SARS1,606,60.6000,11
SARS1,607,60.7000,18
SARS1,608,60.8000,14
SARS1,609,60.9000,11
SARS1,610,61.0000,16
SARS1,611,61.1000,20
SARS1,612,61.2000,9
SARS1,613,61.3000,21
SARS1,614,61.4000,16
SARS1,615,61.5000,12
SARS1,616,61.6000,17
SARS1,617,61.7000,5
SARS1,618,61.8000,10
SARS1,619,61.9000,12
SARS1,620,62.0000,5
SARS1,621,62.1000,5
SARS1,622,62.2000,14
SARS1,623,62.3000,12
SARS1,624,62.4000,8
SARS1,625,62.5000,10
SARS1,626,62.6000,9
SARS1,627,62.7000,7
SARS1,628,62.8000,8
SARS1,629,62.9000,7
SARS1,630,63.0000,8
SARS1,631,63.1000,17
SARS1,632,63.2000,8
SARS1,633,63.3000,5
SARS1,634,63.4000,5
SARS1,635,63.5000,11
SARS1,636,63.6000,7
SARS1,637,63.7000,16
SARS1,638,63.8000,19
SARS1,639,63.9000,11
SARS1,640,64.0000,13
SARS1,641,64.1000,13
SARS1,642,64.2000,4
SARS1,643,64.3000,11
SARS1,644,64.4000,15
SARS1,645,64.5000,11
SARS1,646,64.6000,6
SARS1,647,64.7000,12
SARS1,648,64.8000,20
SARS1,649,64.9000,6
SARS1,650,65.0000,18
SARS1,651,65.1000,12
SARS1,652,65.2000,13
SARS1,653,65.3000,8
SARS1,654,65.4000,15
SARS1,655,65.5000,23
SARS1,656,65.6000,8
SARS1,657,65.7000,12
SARS1,658,65.8000,7
SARS1,659,65.9000,9
SARS1,660,66.0000,14
SARS1,661,66.1000,5
SARS1,662,66.2000,14
SARS1,663,66.3000,12
SARS1,664,66.4000,16
SARS1,665,66.5000,9
SARS1,666,66.6000,10
SARS1,667,66.7000,14
SARS1,668,66.8000,7
SARS1,669,66.9000,10
SARS1,670,67.0000,13
SARS1,671,67.1000,12
SARS1,672,67.2000,13
SARS1,673,67.3000,10
SARS1,674,67.4000,8
SARS1,675,67.5000,15
SARS1,676,67.6000,15
SARS1,677,67.7000,9
SARS1,678,67.8000,11
SARS1,679,67.9000,6
SARS1,680,68.0000,10
SARS1,681,68.1000,4
SARS1,682,68.2000,13
SARS1,683,68.3000,9
SARS1,684,68.4000,18
SARS1,685,68.5000,12
SARS1,686,68.6000,11
SARS1,687,68.7000,2
SARS1,688,68.8000,14
SARS1,689,68.9000,8
SARS1,690,69.0000,12
SARS1,691,69.1000,11
SARS1,692,69.2000,10
SARS1,693,69.3000,4
SARS1,694,69.4000,10
SARS1,695,69.5000,14
SARS1,696,69.6000,7
SARS1,697,69.7000,6
SARS1,698,69.8000,3
SARS1,699,69.9000,7
SARS1,700,70.0000,5
SARS1,701,70.1000,14
SARS1,702,70.2000,9
SARS1,703,70.3000,13
SARS1,704,70.4000,14
SARS1,705,70.5000,10
SARS1,706,70.6000,8
SARS1,707,70.7000,5
SARS1,708,70.8000,10
SARS1,709,70.9000,17
SARS1,710,71.0000,8
SARS1,711,71.1000,12
SARS1,712,71.2000,4
SARS1,713,71.3000,10
SARS1,714,71.4000,6
SARS1,715,71.5000,13
SARS1,716,71.6000,5
SARS1,717,71.7000,8
SARS1,718,71.8000,14
SARS1,719,71.9000,10
SARS1,720,72.0000,11
SARS1,721,72.1000,8
SARS1,722,72.2000,12
SARS1,723,72.3000,12
SARS1,724,72.4000,11
SARS1,725,72.5000,20
SARS1,726,72.6000,8
SARS1,727,72.7000,9
SARS1,728,72.8000,11
SARS1,729,72.9000,15
SARS1,730,73.0000,6
SARS1,731,73.1000,12
SARS1,732,73.2000,5
SARS1,733,73.3000,9
SARS1,734,73.4000,10
SARS1,735,73.5000,12
SARS1,736,73.6000,13
SARS1,737,73.7000,13
SARS1,738,73.8000,8
SARS1,739,73.9000,5
SARS1,740,74.0000,9
SARS1,741,74.1000,7
SARS1,742,74.2000,13
SARS1,743,74.3000,12
SARS1,744,74.4000,10
SARS1,745,74.5000,10
SARS1,746,74.6000,10
SARS1,747,74.7000,18
SARS1,748,74.8000,13
SARS1,749,74.9000,11
SARS1,750,75.0000,5
SARS1,751,75.1000,11
SARS1,752,75.2000,15
SARS1,753,75.3000,17
SARS1,754,75.4000,15
SARS1,755,75.5000,10
SARS1,756,75.6000,5
SARS1,757,75.7000,18
SARS1,758,75.8000,13
SARS1,759,75.9000,10
SARS1,760,76.0000,10
SARS1,761,76.1000,11
SARS1,762,76.2000,5
SARS1,763,76.3000,13
SARS1,764,76.4000,12
SARS1,765,76.5000,19
SARS1,766,76.6000,15
SARS1,767,76.7000,12
SARS1,768,76.8000,14
SARS1,769,76.9000,6
SARS1,770,77.0000,18
SARS1,771,77.1000,15
SARS1,772,77.2000,13
SARS1,773,77.3000,9
SARS1,774,77.4000,9
SARS1,775,77.5000,12
SARS1,776,77.6000,14
SARS1,777,77.7000,12
SARS1,778,77.8000,8
SARS1,779,77.9000,14
SARS1,780,78.0000,15
SARS1,781,78.1000,12
SARS1,782,78.2000,6
SARS1,783,78.3000,9
SARS1,784,78.4000,3
SARS1,785,78.5000,15
SARS1,786,78.6000,10
SARS1,787,78.7000,4
SARS1,788,78.8000,8
SARS1,789,78.9000,17
SARS1,790,79.0000,13
SARS1,791,79.1000,9
SARS1,792,79.2000,8
SARS1,793,79.3000,9
SARS1,794,79.4000,9
SARS1,795,79.5000,17
SARS1,796,79.6000,8
SARS1,797,79.7000,9
SARS1,798,79.8000,10
SARS1,799,79.9000,11
SARS1,800,80.0000,17
SARS1,801,80.1000,6
SARS1,802,80.2000,13
SARS1,803,80.3000,8
SARS1,804,80.4000,17
SARS1,805,80.5000,14
SARS1,806,80.6000,11
SARS1,807,80.7000,13
SARS1,808,80.8000,10
SARS1,809,80.9000,14
SARS1,810,81.0000,4
SARS1,811,81.1000,10
SARS1,812,81.2000,6
SARS1,813,81.3000,7
SARS1,814,81.4000,10
SARS1,815,81.5000,6
SARS1,816,81.6000,8
SARS1,817,81.7000,12
SARS1,818,81.8000,17
SARS1,819,81.9000,8
SARS1,820,82.0000,5
SARS1,821,82.1000,13
SARS1,822,82.2000,13
SARS1,823,82.3000,14
SARS1,824,82.4000,7
SARS1,825,82.5000,9
SARS1,826,82.6000,9
SARS1,827,82.7000,14
SARS1,828,82.8000,6
SARS1,829,82.9000,3
SARS1,830,83.0000,13
SARS1,831,83.1000,20
SARS1,832,83.2000,14
SARS1,833,83.3000,15
SARS1,834,83.4000,7
SARS1,835,83.5000,10
SARS1,836,83.6000,12
SARS1,837,83.7000,9
SARS1,838,83.8000,11
SARS1,839,83.9000,7
SARS1,840,84.0000,9
SARS1,841,84.1000,4
SARS1,842,84.2000,8
SARS1,843,84.3000,22
SARS1,844,84.4000,8
SARS1,845,84.5000,20
SARS1,846,84.6000,8
SARS1,847,84.7000,22
SARS1,848,84.8000,12
SARS1,849,84.9000,12
SARS1,850,85.0000,10
SARS1,851,85.1000,15
SARS1,852,85.2000,4
SARS1,853,85.3000,11
SARS1,854,85.4000,16
SARS1,855,85.5000,17
SARS1,856,85.6000,11
SARS1,857,85.7000,14
SARS1,858,85.8000,15
SARS1,859,85.9000,10
SARS1,860,86.0000,6
SARS1,861,86.1000,14
SARS1,862,86.2000,10
SARS1,863,86.3000,11
SARS1,864,86.4000,13
SARS1,865,86.5000,10
SARS1,866,86.6000,13
SARS1,867,86.7000,15
SARS1,868,86.8000,5
SARS1,869,86.9000,15
SARS1,870,87.0000,13
SARS1,871,87.1000,16
SARS1,872,87.2000,11
SARS1,873,87.3000,10
SARS1,874,87.4000,8
SARS1,875,87.5000,6
SARS1,876,87.6000,9
SARS1,877,87.7000,22
SARS1,878,87.8000,6
SARS1,879,87.9000,10
SARS1,880,88.0000,16
SARS1,881,88.1000,12
SARS1,882,88.2000,10
SARS1,883,88.3000,5
SARS1,884,88.4000,7
SARS1,885,88.5000,11
SARS1,886,88.6000,15
SARS1,887,88.7000,9
SARS1,888,88.8000,16
SARS1,889,88.9000,10
SARS1,890,89.0000,7
SARS1,891,89.1000,1
SARS1,892,89.2000,9
SARS1,893,89.3000,17
SARS1,894,89.4000,8
SARS1,895,89.5000,3
SARS1,896,89.6000,11
SARS1,897,89.7000,9
SARS1,898,89.8000,5
SARS1,899,89.9000,9
SARS1,900,90.0000,9
SARS1,901,90.1000,11
SARS1,902,90.2000,10
SARS1,903,90.3000,10
SARS1,904,90.4000,12
SARS1,905,90.5000,4
SARS1,906,90.6000,3
SARS1,907,90.7000,9
SARS1,908,90.8000,16
SARS1,909,90.9000,12
SARS1,910,91.0000,12
SARS1,911,91.1000,8
SARS1,912,91.2000,9
SARS1,913,91.3000,10
SARS1,914,91.4000,13
SARS1,915,91.5000,15
SARS1,916,91.6000,8
SARS1,917,91.7000,8
SARS1,918,91.8000,9
SARS1,919,91.9000,21
SARS1,920,92.0000,13
SARS1,921,92.1000,9
SARS1,922,92.2000,6
SARS1,923,92.3000,6
SARS1,924,92.4000,19
SARS1,925,92.5000,16
SARS1,926,92.6000,3
SARS1,927,92.7000,12
SARS1,928,92.8000,6
SARS1,929,92.9000,9
SARS1,930,93.0000,11
SARS1,931,93.1000,4
SARS1,932,93.2000,13
SARS1,933,93.3000,6
SARS1,934,93.4000,16
SARS1,935,93.5000,3
SARS1,936,93.6000,20
SARS1,937,93.7000,14
SARS1,938,93.8000,6
SARS1,939,93.9000,16
SARS1,940,94.0000,10
SARS1,941,94.1000,10
SARS1,942,94.2000,3
SARS1,943,94.3000,10
SARS1,944,94.4000,7
SARS1,945,94.5000,6
SARS1,946,94.6000,8
SARS1,947,94.7000,4
SARS1,948,94.8000,4
SARS1,949,94.9000,4
SARS1,950,95.0000,14
SARS1,951,95.1000,5
SARS1,952,95.2000,4
SARS1,953,95.3000,16
SARS1,954,95.4000,13
SARS1,955,95.5000,13
SARS1,956,95.6000,4
SARS1,957,95.7000,11
SARS1,958,95.8000,8
SARS1,959,95.9000,4
SARS1,960,96.0000,7
SARS1,961,96.1000,9
SARS1,962,96.2000,10
SARS1,963,96.3000,9
SARS1,964,96.4000,4
SARS1,965,96.5000,13
SARS1,966,96.6000,15
SARS1,967,96.7000,12
SARS1,968,96.8000,8
SARS1,969,96.9000,14
SARS1,970,97.0000,13
SARS1,971,97.1000,5
SARS1,972,97.2000,5
SARS1,973,97.3000,8
SARS1,974,97.4000,16
SARS1,975,97.5000,7
SARS1,976,97.6000,10
SARS1,977,97.7000,6
SARS1,978,97.8000,9
SARS1,979,97.9000,6
SARS1,980,98.0000,9
SARS1,981,98.1000,9
SARS1,982,98.2000,3
SARS1,983,98.3000,8
SARS1,984,98.4000,23
SARS1,985,98.5000,10
SARS1,986,98.6000,10
SARS1,987,98.7000,10
SARS1,988,98.8000,4
SARS1,989,98.9000,12
SARS1,990,99.0000,8
SARS1,991,99.1000,5
SARS1,992,99.2000,16
SARS1,993,99.3000,5
SARS1,994,99.4000,7
SARS1,995,99.5000,14
SARS1,996,99.6000,10
SARS1,997,99.7000,9
SARS1,998,99.8000,6
SARS1,999,99.9000,14
SARS1,1000,100.0000,23
NL63,0,0.0000,5
NL63,1,0.1000,7
NL63,2,0.2000,9
NL63,3,0.3000,15
NL63,4,0.4000,5
NL63,5,0.5000,10
NL63,6,0.6000,12
NL63,7,0.7000,2
NL63,8,0.8000,9
NL63,9,0.9000,4
NL63,10,1.0000,10
NL63,11,1.1000,10
NL63,12,1.2000,13
NL63,13,1.3000,3
NL63,14,1.4000,7
NL63,15,1.5000,10
NL63,16,1.6000,8
NL63,17,1.7000,5
NL63,18,1.8000,9
NL63,19,1.9000,6
NL63,20,2.0000,12
NL63,21,2.1000,9
NL63,22,2.2000,12
NL63,23,2.3000,10
NL63,24,2.4000,17
NL63,25,2.5000,15
NL63,26,2.6000,9
NL63,27,2.7000,10
NL63,28,2.8000,5
NL63,29,2.9000,20
NL63,30,3.0000,15
NL63,31,3.1000,11
NL63,32,3.2000,7
NL63,33,3.3000,11
NL63,34,3.4000,4
NL63,35,3.5000,10
NL63,36,3.6000,9
NL63,37,3.7000,6
NL63,38,3.8000,5
NL63,39,3.9000,5
NL63,40,4.0000,12
NL63,41,4.1000,8
NL63,42,4.2000,8
NL63,43,4.3000,11
NL63,44,4.4000,7
NL63,45,4.5000,12
NL63,46,4.6000,7
NL63,47,4.7000,13
NL63,48,4.8000,10
NL63,49,4.9000,7
NL63,50,5.0000,1
NL63,51,5.1000,6
NL63,52,5.2000,7
NL63,53,5.3000,11
NL63,54,5.4000,1
NL63,55,5.5000,12
NL63,56,5.6000,13
NL63,57,5.7000,9
NL63,58,5.8000,14
NL63,59,5.9000,10
NL63,60,6.0000,15
NL63,61,6.1000,17
NL63,62,6.2000,6
NL63,63,6.3000,9
NL63,64,6.4000,17
NL63,65,6.5000,6
NL63,66,6.6000,9
NL63,67,6.7000,9
NL63,68,6.8000,5
NL63,69,6.9000,18
NL63,70,7.0000,14
NL63,71,7.1000,13
NL63,72,7.2000,14
NL63,73,7.3000,14
NL63,74,7.4000,5
NL63,75,7.5000,12
NL63,76,7.6000,32
NL63,77,7.7000,9
NL63,78,7.8000,13
NL63,79,7.9000,2
NL63,80,8.0000,4
NL63,81,8.1000,7
NL63,82,8.2000,16
NL63,83,8.3000,3
NL63,84,8.4000,4
NL63,85,8.5000,5
NL63,86,8.6000,6
NL63,87,8.7000,12
NL63,88,8.8000,12
NL63,89,8.9000,7
NL63,90,9.0000,9
NL63,91,9.1000,7
NL63,92,9.2000,3
NL63,93,9.3000,7
NL63,94,9.4000,14
NL63,95,9.5000,9
NL63,96,9.6000,10
NL63,97,9.7000,10
NL63,98,9.8000,2
NL63,99,9.9000,4
NL63,100,10.0000,15
NL63,101,10.1000,8
NL63,102,10.2000,1
NL63,103,10.3000,10
NL63,104,10.4000,8
NL63,105,10.5000,8
NL63,106,10.6000,6
NL63,107,10.7000,14
NL63,108,10.8000,2
NL63,109,10.9000,6
NL63,110,11.0000,9
NL63,111,11.1000,3
NL63,112,11.2000,2
NL63,113,11.3000,1
NL63,114,11.4000,2
NL63,115,11.5000,3
NL63,116,11.6000,1
NL63,117,11.7000,6
NL63,118,11.8000,4
NL63,119,11.9000,5
NL63,120,12.0000,16
NL63,121,12.1000,7
NL63,122,12.2000,4
NL63,123,12.3000,6
NL63,124,12.4000,4
NL63,125,12.5000,15
NL63,126,12.6000,2
NL63,127,12.7000,5
NL63,128,12.8000,1
NL63,129,12.9000,7
NL63,130,13.0000,10
NL63,131,13.1000,13
NL63,132,13.2000,3
NL63,133,13.3000,5
NL63,134,13.4000,13
NL63,135,13.5000,8
NL63,136,13.6000,9
NL63,137,13.7000,5
NL63,138,13.8000,6
NL63,139,13.9000,2
NL63,140,14.0000,6
NL63,141,14.1000,12
NL63,142,14.2000,5
NL63,143,14.3000,2
NL63,144,14.4000,3
NL63,145,14.5000,5
NL63,146,14.6000,7
NL63,147,14.7000,14
NL63,148,14.8000,4
NL63,149,14.9000,1
NL63,150,15.0000,10
NL63,151,15.1000,5
NL63,152,15.2000,8
NL63,153,15.3000,5
NL63,154,15.4000,10
NL63,155,15.5000,14
NL63,156,15.6000,10
NL63,157,15.7000,6
NL63,158,15.8000,13
NL63,159,15.9000,8
NL63,160,16.0000,8
NL63,161,16.1000,10
NL63,162,16.2000,7
NL63,163,16.3000,5
NL63,164,16.4000,7
NL63,165,16.5000,5
NL63,166,16.6000,3
NL63,167,16.7000,10
NL63,168,16.8000,11
NL63,169,16.9000,5
NL63,170,17.0000,2
NL63,171,17.1000,4
NL63,172,17.2000,3
NL63,173,17.3000,3
NL63,174,17.4000,3
NL63,175,17.5000,2
NL63,176,17.6000,5
NL63,177,17.7000,4
NL63,178,17.8000,7
NL63,179,17.9000,2
NL63,180,18.0000,3
NL63,181,18.1000,0
NL63,182,18.2000,5
NL63,183,18.3000,8
NL63,184,18.4000,8
NL63,185,18.5000,10
NL63,186,18.6000,23
NL63,187,18.7000,6
NL63,188,18.8000,14
NL63,189,18.9000,10
NL63,190,19.0000,22
NL63,191,19.1000,11
NL63,192,19.2000,5
NL63,193,19.3000,13
NL63,194,19.4000,1
NL63,195,19.5000,10
NL63,196,19.6000,17
NL63,197,19.7000,14
NL63,198,19.8000,14
NL63,199,19.9000,16
NL63,200,20.0000,12
NL63,201,20.1000,13
NL63,202,20.2000,8
NL63,203,20.3000,14
NL63,204,20.4000,9
NL63,205,20.5000,12
NL63,206,20.6000,17
NL63,207,20.7000,18
NL63,208,20.8000,17
NL63,209,20.9000,18
NL63,210,21.0000,30
NL63,211,21.1000,23
NL63,212,21.2000,24
NL63,213,21.3000,16
NL63,214,21.4000,8
NL63,215,21.5000,23
NL63,216,21.6000,20
NL63,217,21.7000,9
NL63,218,21.8000,21
NL63,219,21.9000,24
NL63,220,22.0000,11
NL63,221,22.1000,23
NL63,222,22.2000,19
NL63,223,22.3000,21
NL63,224,22.4000,10
NL63,225,22.5000,13
NL63,226,22.6000,14
NL63,227,22.7000,19
NL63,228,22.8000,13
NL63,229,22.9000,9
NL63,230,23.0000,14
NL63,231,23.1000,11
NL63,232,23.2000,10
NL63,233,23.3000,12
NL63,234,23.4000,23
NL63,235,23.5000,20
NL63,236,23.6000,8
NL63,237,23.7000,10
NL63,238,23.8000,12
NL63,239,23.9000,12
NL63,240,24.0000,16
NL63,241,24.1000,13
NL63,242,24.2000,10
NL63,243,24.3000,15
NL63,244,24.4000,12
NL63,245,24.5000,21
NL63,246,24.6000,7
NL63,247,24.7000,19
NL63,248,24.8000,14
NL63,249,24.9000,13
NL63,250,25.0000,17
NL63,251,25.1000,14
NL63,252,25.2000,14
NL63,253,25.3000,17
NL63,254,25.4000,14
NL63,255,25.5000,13
NL63,256,25.6000,8
NL63,257,25.7000,7
NL63,258,25.8000,23
NL63,259,25.9000,10
NL63,260,26.0000,16
NL63,261,26.1000,10
NL63,262,26.2000,14
NL63,263,26.3000,15
NL63,264,26.4000,16
NL63,265,26.5000,15
NL63,266,26.6000,13
NL63,267,26.7000,11
NL63,268,26.8000,9
NL63,269,26.9000,10
NL63,270,27.0000,6
NL63,271,27.1000,10
NL63,272,27.2000,12
NL63,273,27.3000,16
NL63,274,27.4000,16
NL63,275,27.5000,10
NL63,276,27.6000,4
NL63,277,27.7000,16
NL63,278,27.8000,13
NL63,279,27.9000,9
NL63,280,28.0000,7
NL63,281,28.1000,28
NL63,282,28.2000,9
NL63,283,28.3000,18
NL63,284,28.4000,18
NL63,285,28.5000,13
NL63,286,28.6000,11
NL63,287,28.7000,14
NL63,288,28.8000,6
NL63,289,28.9000,25
NL63,290,29.0000,11
NL63,291,29.1000,12
NL63,292,29.2000,15
NL63,293,29.3000,12
NL63,294,29.4000,8
NL63,295,29.5000,16
NL63,296,29.6000,19
NL63,297,29.7000,5
NL63,298,29.8000,10
NL63,299,29.9000,15
NL63,300,30.0000,7
NL63,301,30.1000,10
NL63,302,30.2000,7
NL63,303,30.3000,18
NL63,304,30.4000,26
NL63,305,30.5000,19
NL63,306,30.6000,23
NL63,307,30.7000,12
NL63,308,30.8000,18
NL63,309,30.9000,24
NL63,310,31.0000,22
NL63,311,31.1000,11
NL63,312,31.2000,7
NL63,313,31.3000,15
NL63,314,31.4000,19
NL63,315,31.5000,16
NL63,316,31.6000,12
NL63,317,31.7000,14
NL63,318,31.8000,17
NL63,319,31.9000,9
NL63,320,32.0000,20
NL63,321,32.1000,13
NL63,322,32.2000,19
NL63,323,32.3000,15
NL63,324,32.4000,12
NL63,325,32.5000,15
NL63,326,32.6000,14
NL63,327,32.7000,11
NL63,328,32.8000,14
NL63,329,32.9000,23
NL63,330,33.0000,21
NL63,331,33.1000,11
NL63,332,33.2000,11
NL63,333,33.3000,13
NL63,334,33.4000,8
NL63,335,33.5000,9
NL63,336,33.6000,8
NL63,337,33.7000,18
NL63,338,33.8000,13
NL63,339,33.9000,17
NL63,340,34.0000,19
NL63,341,34.1000,14
NL63,342,34.2000,12
NL63,343,34.3000,11
NL63,344,34.4000,10
NL63,345,34.5000,15
NL63,346,34.6000,5
NL63,347,34.7000,16
NL63,348,34.8000,13
NL63,349,34.9000,5
NL63,350,35.0000,22
NL63,351,35.1000,7
NL63,352,35.2000,23
NL63,353,35.3000,32
NL63,354,35.4000,23
NL63,355,35.5000,19
NL63,356,35.6000,18
NL63,357,35.7000,21
NL63,358,35.8000,17
NL63,359,35.9000,19
NL63,360,36.0000,10
NL63,361,36.1000,3
NL63,362,36.2000,11
NL63,363,36.3000,16
NL63,364,36.4000,18
NL63,365,36.5000,9
NL63,366,36.6000,8
NL63,367,36.7000,7
NL63,368,36.8000,18
NL63,369,36.9000,16
NL63,370,37.0000,13
NL63,371,37.1000,10
NL63,372,37.2000,13
NL63,373,37.3000,11
NL63,374,37.4000,17
NL63,375,37.5000,11
NL63,376,37.6000,14
NL63,377,37.7000,10
NL63,378,37.8000,16
NL63,379,37.9000,10
NL63,380,38.0000,23
NL63,381,38.1000,13
NL63,382,38.2000,16
NL63,383,38.3000,15
NL63,384,38.4000,10
NL63,385,38.5000,10
NL63,386,38.6000,11
NL63,387,38.7000,21
NL63,388,38.8000,17
NL63,389,38.9000,7
NL63,390,39.0000,26
NL63,391,39.1000,16
NL63,392,39.2000,17
NL63,393,39.3000,5
NL63,394,39.4000,21
NL63,395,39.5000,8
NL63,396,39.6000,9
NL63,397,39.7000,5
NL63,398,39.8000,13
NL63,399,39.9000,5
NL63,400,40.0000,22
NL63,401,40.1000,11
NL63,402,40.2000,16
NL63,403,40.3000,17
NL63,404,40.4000,13
NL63,405,40.5000,9
NL63,406,40.6000,16
NL63,407,40.7000,8
NL63,408,40.8000,15
NL63,409,40.9000,17
NL63,410,41.0000,17
NL63,411,41.1000,19
NL63,412,41.2000,15
NL63,413,41.3000,14
NL63,414,41.4000,14
NL63,415,41.5000,6
NL63,416,41.6000,7
NL63,417,41.7000,15
NL63,418,41.8000,18
NL63,419,41.9000,8
NL63,420,42.0000,19
NL63,421,42.1000,17
NL63,422,42.2000,18
NL63,423,42.3000,9
NL63,424,42.4000,20
NL63,425,42.5000,8
NL63,426,42.6000,10
NL63,427,42.7000,7
NL63,428,42.8000,12
NL63,429,42.9000,7
NL63,430,43.0000,17
NL63,431,43.1000,17
NL63,432,43.2000,12
NL63,433,43.3000,28
NL63,434,43.4000,6
NL63,435,43.5000,16
NL63,436,43.6000,9
NL63,437,43.7000,18
NL63,438,43.8000,13
NL63,439,43.9000,18
NL63,440,44.0000,14
NL63,441,44.1000,27
NL63,442,44.2000,19
NL63,443,44.3000,11
NL63,444,44.4000,15
NL63,445,44.5000,15
NL63,446,44.6000,15
NL63,447,44.7000,20
NL63,448,44.8000,13
NL63,449,44.9000,17
NL63,450,45.0000,9
NL63,451,45.1000,19
NL63,452,45.2000,19
NL63,453,45.3000,14
NL63,454,45.4000,21
NL63,455,45.5000,16
NL63,456,45.6000,21
NL63,457,45.7000,12
NL63,458,45.8000,18
NL63,459,45.9000,16
NL63,460,46.0000,15
NL63,461,46.1000,18
NL63,462,46.2000,9
NL63,463,46.3000,18
NL63,464,46.4000,14
NL63,465,46.5000,15
NL63,466,46.6000,15
NL63,467,46.7000,6
NL63,468,46.8000,21
NL63,469,46.9000,15
NL63,470,47.0000,16
NL63,471,47.1000,13
NL63,472,47.2000,11
NL63,473,47.3000,8
NL63,474,47.4000,12
NL63,475,47.5000,9
NL63,476,47.6000,13
NL63,477,47.7000,14
NL63,478,47.8000,20
NL63,479,47.9000,20
NL63,480,48.0000,16
NL63,481,48.1000,20
NL63,482,48.2000,16
NL63,483,48.3000,12
NL63,484,48.4000,13
NL63,485,48.5000,19
NL63,486,48.6000,20
NL63,487,48.7000,7
NL63,488,48.8000,16
NL63,489,48.9000,16
NL63,490,49.0000,20
NL63,491,49.1000,12
NL63,492,49.2000,15
NL63,493,49.3000,19
NL63,494,49.4000,8
NL63,495,49.5000,26
NL63,496,49.6000,17
NL63,497,49.7000,12
NL63,498,49.8000,10
NL63,499,49.9000,9
NL63,500,50.0000,15
NL63,501,50.1000,21
NL63,502,50.2000,10
NL63,503,50.3000,20
NL63,504,50.4000,9
NL63,505,50.5000,7
NL63,506,50.6000,20
NL63,507,50.7000,13
NL63,508,50.8000,19
NL63,509,50.9000,10
NL63,510,51.0000,17
NL63,511,51.1000,14
NL63,512,51.2000,14
NL63,513,51.3000,4
NL63,514,51.4000,18
NL63,515,51.5000,8
NL63,516,51.6000,8
NL63,517,51.7000,11
NL63,518,51.8000,24
NL63,519,51.9000,6
NL63,520,52.0000,2
NL63,521,52.1000,20
NL63,522,52.2000,21
NL63,523,52.3000,21
NL63,524,52.4000,27
NL63,525,52.5000,21
NL63,526,52.6000,18
NL63,527,52.7000,9
NL63,528,52.8000,17
NL63,529,52.9000,28
NL63,530,53.0000,14
NL63,531,53.1000,9
NL63,532,53.2000,13
NL63,533,53.3000,7
NL63,534,53.4000,12
NL63,535,53.5000,7
NL63,536,53.6000,18
NL63,537,53.7000,10
NL63,538,53.8000,18
NL63,539,53.9000,16
NL63,540,54.0000,9
NL63,541,54.1000,12
NL63,542,54.2000,14
NL63,543,54.3000,16
NL63,544,54.4000,7
NL63,545,54.5000,21
NL63,546,54.6000,16
NL63,547,54.7000,14
NL63,548,54.8000,15
NL63,549,54.9000,18
NL63,550,55.0000,16
NL63,551,55.1000,10
NL63,552,55.2000,17
NL63,553,55.3000,12
NL63,554,55.4000,23
NL63,555,55.5000,12
NL63,556,55.6000,20
NL63,557,55.7000,7
NL63,558,55.8000,20
NL63,559,55.9000,15
NL63,560,56.0000,9
NL63,561,56.1000,11
NL63,562,56.2000,7
NL63,563,56.3000,21
NL63,564,56.4000,12
NL63,565,56.5000,11
NL63,566,56.6000,18
NL63,567,56.7000,13
NL63,568,56.8000,21
NL63,569,56.9000,15
NL63,570,57.0000,15
NL63,571,57.1000,13
NL63,572,57.2000,18
NL63,573,57.3000,14
NL63,574,57.4000,8
NL63,575,57.5000,15
NL63,576,57.6000,11
NL63,577,57.7000,13
NL63,578,57.8000,14
NL63,579,57.9000,10
NL63,580,58.0000,18
NL63,581,58.1000,9
NL63,582,58.2000,14
NL63,583,58.3000,11
NL63,584,58.4000,18
NL63,585,58.5000,21
NL63,586,58.6000,22
NL63,587,58.7000,10
NL63,588,58.8000,11
NL63,589,58.9000,9
NL63,590,59.0000,10
NL63,591,59.1000,8
NL63,592,59.2000,9
NL63,593,59.3000,14
NL63,594,59.4000,12
NL63,595,59.5000,20
NL63,596,59.6000,25
NL63,597,59.7000,16
NL63,598,59.8000,12
NL63,599,59.9000,9
NL63,600,60.0000,13
NL63,601,60.1000,19
NL63,602,60.2000,16
NL63,603,60.3000,13
NL63,604,60.4000,15
NL63,605,60.5000,13
NL63,606,60.6000,9
NL63,607,60.7000,9
NL63,608,60.8000,18
NL63,609,60.9000,17
NL63,610,61.0000,18
NL63,611,61.1000,14
NL63,612,61.2000,22
NL63,613,61.3000,8
NL63,614,61.4000,13
NL63,615,61.5000,13
NL63,616,61.6000,15
NL63,617,61.7000,12
NL63,618,61.8000,14
NL63,619,61.9000,27
NL63,620,62.0000,23
NL63,621,62.1000,7
NL63,622,62.2000,13
NL63,623,62.3000,21
NL63,624,62.4000,10
NL63,625,62.5000,9
NL63,626,62.6000,14
NL63,627,62.7000,14
NL63,628,62.8000,10
NL63,629,62.9000,7
NL63,630,63.0000,6
NL63,631,63.1000,19
NL63,632,63.2000,15
NL63,633,63.3000,13
NL63,634,63.4000,10
NL63,635,63.5000,14
NL63,636,63.6000,13
NL63,637,63.7000,16
NL63,638,63.8000,23
NL63,639,63.9000,22
NL63,640,64.0000,21
NL63,641,64.1000,16
NL63,642,64.2000,7
NL63,643,64.3000,18
NL63,644,64.4000,16
NL63,645,64.5000,9
NL63,646,64.6000,24
NL63,647,64.7000,12
NL63,648,64.8000,16
NL63,649,64.9000,20
NL63,650,65.0000,19
NL63,651,65.1000,17
NL63,652,65.2000,25
NL63,653,65.3000,12
NL63,654,65.4000,14
NL63,655,65.5000,21
NL63,656,65.6000,25
NL63,657,65.7000,9
NL63,658,65.8000,13
NL63,659,65.9000,20
NL63,660,66.0000,20
NL63,661,66.1000,8
NL63,662,66.2000,6
NL63,663,66.3000,16
NL63,664,66.4000,23
NL63,665,66.5000,24
NL63,666,66.6000,28
NL63,667,66.7000,9
NL63,668,66.8000,14
NL63,669,66.9000,13
NL63,670,67.0000,17
NL63,671,67.1000,7
NL63,672,67.2000,15
NL63,673,67.3000,15
NL63,674,67.4000,18
NL63,675,67.5000,12
NL63,676,67.6000,6
NL63,677,67.7000,18
NL63,678,67.8000,27
NL63,679,67.9000,22
NL63,680,68.0000,17
NL63,681,68.1000,18
NL63,682,68.2000,14
NL63,683,68.3000,15
NL63,684,68.4000,15
NL63,685,68.5000,21
NL63,686,68.6000,26
NL63,687,68.7000,13
NL63,688,68.8000,12
NL63,689,68.9000,23
NL63,690,69.0000,19
NL63,691,69.1000,8
NL63,692,69.2000,21
NL63,693,69.3000,16
NL63,694,69.4000,22
NL63,695,69.5000,13
NL63,696,69.6000,16
NL63,697,69.7000,9
NL63,698,69.8000,12
NL63,699,69.9000,10
NL63,700,70.0000,21
NL63,701,70.1000,20
NL63,702,70.2000,18
NL63,703,70.3000,18
NL63,704,70.4000,17
NL63,705,70.5000,13
NL63,706,70.6000,13
NL63,707,70.7000,20
NL63,708,70.8000,14
NL63,709,70.9000,22
NL63,710,71.0000,14
NL63,711,71.1000,18
NL63,712,71.2000,20
NL63,713,71.3000,15
NL63,714,71.4000,12
NL63,715,71.5000,16
NL63,716,71.6000,6
NL63,717,71.7000,16
NL63,718,71.8000,26
NL63,719,71.9000,10
NL63,720,72.0000,10
NL63,721,72.1000,18
NL63,722,72.2000,10
NL63,723,72.3000,17
NL63,724,72.4000,19
NL63,725,72.5000,22
NL63,726,72.6000,14
NL63,727,72.7000,18
NL63,728,72.8000,16
NL63,729,72.9000,12
NL63,730,73.0000,14
NL63,731,73.1000,18
NL63,732,73.2000,9
NL63,733,73.3000,25
NL63,734,73.4000,18
NL63,735,73.5000,11
NL63,736,73.6000,6
NL63,737,73.7000,11
NL63,738,73.8000,12
NL63,739,73.9000,19
NL63,740,74.0000,8
NL63,741,74.1000,23
NL63,742,74.2000,10
NL63,743,74.3000,15
NL63,744,74.4000,19
NL63,745,74.5000,17
NL63,746,74.6000,9
NL63,747,74.7000,20
NL63,748,74.8000,7
NL63,749,74.9000,12
NL63,750,75.0000,33
NL63,751,75.1000,5
NL63,752,75.2000,17
NL63,753,75.3000,25
NL63,754,75.4000,16
NL63,755,75.5000,23
NL63,756,75.6000,9
NL63,757,75.7000,4
NL63,758,75.8000,12
NL63,759,75.9000,19
NL63,760,76.0000,19
NL63,761,76.1000,10
NL63,762,76.2000,24
NL63,763,76.3000,12
NL63,764,76.4000,26
NL63,765,76.5000,17
NL63,766,76.6000,7
NL63,767,76.7000,14
NL63,768,76.8000,18
NL63,769,76.9000,11
NL63,770,77.0000,13
NL63,771,77.1000,21
NL63,772,77.2000,21
NL63,773,77.3000,11
NL63,774,77.4000,15
NL63,775,77.5000,13
NL63,776,77.6000,13
NL63,777,77.7000,17
NL63,778,77.8000,19
NL63,779,77.9000,13
NL63,780,78.0000,14
NL63,781,78.1000,16
NL63,782,78.2000,13
NL63,783,78.3000,15
NL63,784,78.4000,14
NL63,785,78.5000,16
NL63,786,78.6000,21
NL63,787,78.7000,4
NL63,788,78.8000,14
NL63,789,78.9000,23
NL63,790,79.0000,21
NL63,791,79.1000,19
NL63,792,79.2000,9
NL63,793,79.3000,10
NL63,794,79.4000,5
NL63,795,79.5000,7
NL63,796,79.6000,9
NL63,797,79.7000,14
NL63,798,79.8000,7
NL63,799,79.9000,9
NL63,800,80.0000,13
NL63,801,80.1000,21
NL63,802,80.2000,19
NL63,803,80.3000,17
NL63,804,80.4000,11
NL63,805,80.5000,16
NL63,806,80.6000,14
NL63,807,80.7000,17
NL63,808,80.8000,10
NL63,809,80.9000,7
NL63,810,81.0000,7
NL63,811,81.1000,23
NL63,812,81.2000,15
NL63,813,81.3000,26
NL63,814,81.4000,8
NL63,815,81.5000,15
NL63,816,81.6000,14
NL63,817,81.7000,14
NL63,818,81.8000,11
NL63,819,81.9000,18
NL63,820,82.0000,10
NL63,821,82.1000,10
NL63,822,82.2000,8
NL63,823,82.3000,8
NL63,824,82.4000,19
NL63,825,82.5000,7
NL63,826,82.6000,5
NL63,827,82.7000,10
NL63,828,82.8000,19
NL63,829,82.9000,21
NL63,830,83.0000,9
NL63,831,83.1000,8
NL63,832,83.2000,11
NL63,833,83.3000,11
NL63,834,83.4000,14
NL63,835,83.5000,21
NL63,836,83.6000,13
NL63,837,83.7000,10
NL63,838,83.8000,6
NL63,839,83.9000,12
NL63,840,84.0000,23
NL63,841,84.1000,13
NL63,842,84.2000,8
NL63,843,84.3000,8
NL63,844,84.4000,18
NL63,845,84.5000,9
NL63,846,84.6000,24
NL63,847,84.7000,17
NL63,848,84.8000,22
NL63,849,84.9000,13
NL63,850,85.0000,12
NL63,851,85.1000,21
NL63,852,85.2000,10
NL63,853,85.3000,9
NL63,854,85.4000,23
NL63,855,85.5000,10
NL63,856,85.6000,13
NL63,857,85.7000,19
NL63,858,85.8000,7
NL63,859,85.9000,23
NL63,860,86.0000,13
NL63,861,86.1000,5
NL63,862,86.2000,18
NL63,863,86.3000,8
NL63,864,86.4000,4
NL63,865,86.5000,7
NL63,866,86.6000,14
NL63,867,86.7000,21
NL63,868,86.8000,12
NL63,869,86.9000,7
NL63,870,87.0000,4
NL63,871,87.1000,19
NL63,872,87.2000,17
NL63,873,87.3000,13
NL63,874,87.4000,7
NL63,875,87.5000,11
NL63,876,87.6000,18
NL63,877,87.7000,12
NL63,878,87.8000,7
NL63,879,87.9000,1
NL63,880,88.0000,7
NL63,881,88.1000,16
NL63,882,88.2000,4
NL63,883,88.3000,3
NL63,884,88.4000,13
NL63,885,88.5000,18
NL63,886,88.6000,6
NL63,887,88.7000,5
NL63,888,88.8000,11
NL63,889,88.9000,8
NL63,890,89.0000,12
NL63,891,89.1000,10
NL63,892,89.2000,9
NL63,893,89.3000,13
NL63,894,89.4000,25
NL63,895,89.5000,14
NL63,896,89.6000,14
NL63,897,89.7000,13
NL63,898,89.8000,10
NL63,899,89.9000,15
NL63,900,90.0000,10
NL63,901,90.1000,13
NL63,902,90.2000,12
NL63,903,90.3000,15
NL63,904,90.4000,24
NL63,905,90.5000,12
NL63,906,90.6000,6
NL63,907,90.7000,14
NL63,908,90.8000,19
NL63,909,90.9000,6
NL63,910,91.0000,15
NL63,911,91.1000,10
NL63,912,91.2000,8
NL63,913,91.3000,15
NL63,914,91.4000,24
NL63,915,91.5000,5
NL63,916,91.6000,12
NL63,917,91.7000,17
NL63,918,91.8000,3
NL63,919,91.9000,6
NL63,920,92.0000,11
NL63,921,92.1000,18
NL63,922,92.2000,13
NL63,923,92.3000,17
NL63,924,92.4000,8
NL63,925,92.5000,17
NL63,926,92.6000,20
NL63,927,92.7000,22
NL63,928,92.8000,14
NL63,929,92.9000,15
NL63,930,93.0000,17
NL63,931,93.1000,17
NL63,932,93.2000,16
NL63,933,93.3000,12
NL63,934,93.4000,7
NL63,935,93.5000,27
NL63,936,93.6000,10
NL63,937,93.7000,16
NL63,938,93.8000,12
NL63,939,93.9000,9
NL63,940,94.0000,15
NL63,941,94.1000,5
NL63,942,94.2000,10
NL63,943,94.3000,20
NL63,944,94.4000,10
NL63,945,94.5000,20
NL63,946,94.6000,18
NL63,947,94.7000,9
NL63,948,94.8000,11
NL63,949,94.9000,9
NL63,950,95.0000,13
NL63,951,95.1000,18
NL63,952,95.2000,18
NL63,953,95.3000,14
NL63,954,95.4000,8
NL63,955,95.5000,15
NL63,956,95.6000,11
NL63,957,95.7000,13
NL63,958,95.8000,5
NL63,959,95.9000,17
NL63,960,96.0000,23
NL63,961,96.1000,17
NL63,962,96.2000,9
NL63,963,96.3000,4
NL63,964,96.4000,20
NL63,965,96.5000,7
NL63,966,96.6000,8
NL63,967,96.7000,19
NL63,968,96.8000,6
NL63,969,96.9000,14
NL63,970,97.0000,18
NL63,971,97.1000,11
NL63,972,97.2000,8
NL63,973,97.3000,8
NL63,974,97.4000,9
NL63,975,97.5000,7
NL63,976,97.6000,9
NL63,977,97.7000,7
NL63,978,97.8000,3
NL63,979,97.9000,11
NL63,980,98.0000,12
NL63,981,98.1000,8
NL63,982,98.2000,17
NL63,983,98.3000,9
NL63,984,98.4000,17
NL63,985,98.5000,11
NL63,986,98.6000,19
NL63,987,98.7000,10
NL63,988,98.8000,10
NL63,989,98.9000,9
NL63,990,99.0000,11
NL63,991,99.1000,11
NL63,992,99.2000,9
NL63,993,99.3000,7
NL63,994,99.4000,12
NL63,995,99.5000,9
NL63,996,99.6000,6
NL63,997,99.7000,5
NL63,998,99.8000,3
NL63,999,99.9000,9
NL63,1000,100.0000,9
229E,0,0.0000,11
229E,1,0.1000,10
229E,2,0.2000,2
229E,3,0.3000,7
229E,4,0.4000,1
229E,5,0.5000,2
229E,6,0.6000,2
229E,7,0.7000,6
229E,8,0.8000,4
229E,9,0.9000,6
229E,10,1.0000,11
229E,11,1.1000,1
229E,12,1.2000,5
229E,13,1.3000,6
229E,14,1.4000,4
229E,15,1.5000,4
229E,16,1.6000,2
229E,17,1.7000,6
229E,18,1.8000,3
229E,19,1.9000,1
229E,20,2.0000,4
229E,21,2.1000,3
229E,22,2.2000,7
229E,23,2.3000,3
229E,24,2.4000,17
229E,25,2.5000,12
229E,26,2.6000,9
229E,27,2.7000,6
229E,28,2.8000,5
229E,29,2.9000,11
229E,30,3.0000,5
229E,31,3.1000,9
229E,32,3.2000,7
229E,33,3.3000,10
229E,34,3.4000,7
229E,35,3.5000,11
229E,36,3.6000,1
229E,37,3.7000,6
229E,38,3.8000,8
229E,39,3.9000,5
229E,40,4.0000,5
229E,41,4.1000,3
229E,42,4.2000,3
229E,43,4.3000,3
229E,44,4.4000,3
229E,45,4.5000,4
229E,46,4.6000,3
229E,47,4.7000,6
229E,48,4.8000,5
229E,49,4.9000,7
229E,50,5.0000,6
229E,51,5.1000,7
229E,52,5.2000,11
229E,53,5.3000,5
229E,54,5.4000,9
229E,55,5.5000,1
229E,56,5.6000,4
229E,57,5.7000,4
229E,58,5.8000,7
229E,59,5.9000,6
229E,60,6.0000,2
229E,61,6.1000,4
229E,62,6.2000,2
229E,63,6.3000,8
229E,64,6.4000,10
229E,65,6.5000,11
229E,66,6.6000,14
229E,67,6.7000,8
229E,68,6.8000,6
229E,69,6.9000,7
229E,70,7.0000,7
229E,71,7.1000,10
229E,72,7.2000,8
229E,73,7.3000,5
229E,74,7.4000,5
229E,75,7.5000,10
229E,76,7.6000,10
229E,77,7.7000,5
229E,78,7.8000,8
229E,79,7.9000,7
229E,80,8.0000,3
229E,81,8.1000,6
229E,82,8.2000,9
229E,83,8.3000,15
229E,84,8.4000,4
229E,85,8.5000,11
229E,86,8.6000,10
229E,87,8.7000,7
229E,88,8.8000,3
229E,89,8.9000,8
229E,90,9.0000,6
229E,91,9.1000,5
229E,92,9.2000,5
229E,93,9.3000,8
229E,94,9.4000,6
229E,95,9.5000,7
229E,96,9.6000,9
229E,97,9.7000,4
229E,98,9.8000,14
229E,99,9.9000,1
229E,100,10.0000,5
229E,101,10.1000,1
229E,102,10.2000,3
229E,103,10.3000,0
229E,104,10.4000,2
229E,105,10.5000,3
229E,106,10.6000,5
229E,107,10.7000,9
229E,108,10.8000,6
229E,109,10.9000,9
229E,110,11.0000,4
229E,111,11.1000,1
229E,112,11.2000,10
229E,113,11.3000,10
229E,114,11.4000,8
229E,115,11.5000,13
229E,116,11.6000,9
229E,117,11.7000,3
229E,118,11.8000,7
229E,119,11.9000,5
229E,120,12.0000,8
229E,121,12.1000,12
229E,122,12.2000,11
229E,123,12.3000,7
229E,124,12.4000,9
229E,125,12.5000,7
229E,126,12.6000,4
229E,127,12.7000,19
229E,128,12.8000,6
229E,129,12.9000,6
229E,130,13.0000,6
229E,131,13.1000,16
229E,132,13.2000,8
229E,133,13.3000,8
229E,134,13.4000,10
229E,135,13.5000,5
229E,136,13.6000,4
229E,137,13.7000,16
229E,138,13.8000,4
229E,139,13.9000,2
229E,140,14.0000,5
229E,141,14.1000,7
229E,142,14.2000,3
229E,143,14.3000,11
229E,144,14.4000,10
229E,145,14.5000,7
229E,146,14.6000,4
229E,147,14.7000,3
229E,148,14.8000,1
229E,149,14.9000,12
229E,150,15.0000,5
229E,151,15.1000,6
229E,152,15.2000,6
229E,153,15.3000,6
229E,154,15.4000,7
229E,155,15.5000,9
229E,156,15.6000,9
229E,157,15.7000,6
229E,158,15.8000,10
229E,159,15.9000,2
229E,160,16.0000,4
229E,161,16.1000,7
229E,162,16.2000,7
229E,163,16.3000,5
229E,164,16.4000,9
229E,165,16.5000,4
229E,166,16.6000,11
229E,167,16.7000,19
229E,168,16.8000,6
229E,169,16.9000,6
229E,170,17.0000,11
229E,171,17.1000,4
229E,172,17.2000,10
229E,173,17.3000,9
229E,174,17.4000,5
229E,175,17.5000,16
229E,176,17.6000,12
229E,177,17.7000,4
229E,178,17.8000,17
229E,179,17.9000,7
229E,180,18.0000,4
229E,181,18.1000,12
229E,182,18.2000,14
229E,183,18.3000,4
229E,184,18.4000,8
229E,185,18.5000,6
229E,186,18.6000,6
229E,187,18.7000,8
229E,188,18.8000,13
229E,189,18.9000,6
229E,190,19.0000,6
229E,191,19.1000,12
229E,192,19.2000,6
229E,193,19.3000,8
229E,194,19.4000,10
229E,195,19.5000,6
229E,196,19.6000,9
229E,197,19.7000,9
229E,198,19.8000,2
229E,199,19.9000,9
229E,200,20.0000,6
229E,201,20.1000,13
229E,202,20.2000,4
229E,203,20.3000,9
229E,204,20.4000,3
229E,205,20.5000,4
229E,206,20.6000,14
229E,207,20.7000,12
229E,208,20.8000,13
229E,209,20.9000,6
229E,210,21.0000,5
229E,211,21.1000,10
229E,212,21.2000,3
229E,213,21.3000,3
229E,214,21.4000,9
229E,215,21.5000,4
229E,216,21.6000,8
229E,217,21.7000,15
229E,218,21.8000,7
229E,219,21.9000,4
229E,220,22.0000,10
229E,221,22.1000,6
229E,222,22.2000,11
229E,223,22.3000,2
229E,224,22.4000,19
229E,225,22.5000,7
229E,226,22.6000,9
229E,227,22.7000,9
229E,228,22.8000,6
229E,229,22.9000,12
229E,230,23.0000,9
229E,231,23.1000,12
229E,232,23.2000,6
229E,233,23.3000,13
229E,234,23.4000,2
229E,235,23.5000,5
229E,236,23.6000,4
229E,237,23.7000,4
229E,238,23.8000,9
229E,239,23.9000,3
229E,240,24.0000,13
229E,241,24.1000,13
229E,242,24.2000,12
229E,243,24.3000,11
229E,244,24.4000,12
229E,245,24.5000,9
229E,246,24.6000,9
229E,247,24.7000,7
229E,248,24.8000,10
229E,249,24.9000,7
229E,250,25.0000,8
229E,251,25.1000,15
229E,252,25.2000,6
229E,253,25.3000,5
229E,254,25.4000,7
229E,255,25.5000,4
229E,256,25.6000,11
229E,257,25.7000,8
229E,258,25.8000,7
229E,259,25.9000,4
229E,260,26.0000,4
229E,261,26.1000,6
229E,262,26.2000,1
229E,263,26.3000,5
229E,264,26.4000,6
229E,265,26.5000,7
229E,266,26.6000,5
229E,267,26.7000,17
229E,268,26.8000,2
229E,269,26.9000,7
229E,270,27.0000,4
229E,271,27.1000,5
229E,272,27.2000,5
229E,273,27.3000,7
229E,274,27.4000,1
229E,275,27.5000,6
229E,276,27.6000,3
229E,277,27.7000,11
229E,278,27.8000,8
229E,279,27.9000,4
229E,280,28.0000,13
229E,281,28.1000,11
229E,282,28.2000,7
229E,283,28.3000,3
229E,284,28.4000,9
229E,285,28.5000,3
229E,286,28.6000,10
229E,287,28.7000,5
229E,288,28.8000,10
229E,289,28.9000,4
229E,290,29.0000,9
229E,291,29.1000,11
229E,292,29.2000,4
229E,293,29.3000,9
229E,294,29.4000,13
229E,295,29.5000,8
229E,296,29.6000,10
229E,297,29.7000,6
229E,298,29.8000,1
229E,299,29.9000,2
229E,300,30.0000,4
229E,301,30.1000,13
229E,302,30.2000,7
229E,303,30.3000,2
229E,304,30.4000,2
229E,305,30.5000,2
229E,306,30.6000,4
229E,307,30.7000,11
229E,308,30.8000,5
229E,309,30.9000,2
229E,310,31.0000,5
229E,311,31.1000,10
229E,312,31.2000,9
229E,313,31.3000,9
229E,314,31.4000,6
229E,315,31.5000,9
229E,316,31.6000,12
229E,317,31.7000,4
229E,318,31.8000,13
229E,319,31.9000,13
229E,320,32.0000,7
229E,321,32.1000,11
229E,322,32.2000,12
229E,323,32.3000,14
229E,324,32.4000,5
229E,325,32.5000,6
229E,326,32.6000,1
229E,327,32.7000,9
229E,328,32.8000,1
229E,329,32.9000,1
229E,330,33.0000,6
229E,331,33.1000,8
229E,332,33.2000,6
229E,333,33.3000,9
229E,334,33.4000,4
229E,335,33.5000,4
229E,336,33.6000,15
229E,337,33.7000,24
229E,338,33.8000,8
229E,339,33.9000,7
229E,340,34.0000,13
229E,341,34.1000,1
229E,342,34.2000,3
229E,343,34.3000,7
229E,344,34.4000,1
229E,345,34.5000,8
229E,346,34.6000,3
229E,347,34.7000,5
229E,348,34.8000,6
229E,349,34.9000,2
229E,350,35.0000,7
229E,351,35.1000,10
229E,352,35.2000,12
229E,353,35.3000,19
229E,354,35.4000,6
229E,355,35.5000,5
229E,356,35.6000,8
229E,357,35.7000,4
229E,358,35.8000,6
229E,359,35.9000,10
229E,360,36.0000,3
229E,361,36.1000,4
229E,362,36.2000,5
229E,363,36.3000,16
229E,364,36.4000,9
229E,365,36.5000,9
229E,366,36.6000,4
229E,367,36.7000,1
229E,368,36.8000,4
229E,369,36.9000,7
229E,370,37.0000,3
229E,371,37.1000,5
229E,372,37.2000,9
229E,373,37.3000,4
229E,374,37.4000,5
229E,375,37.5000,5
229E,376,37.6000,8
229E,377,37.7000,8
229E,378,37.8000,3
229E,379,37.9000,4
229E,380,38.0000,2
229E,381,38.1000,14
229E,382,38.2000,3
229E,383,38.3000,4
229E,384,38.4000,19
229E,385,38.5000,11
229E,386,38.6000,9
229E,387,38.7000,7
229E,388,38.8000,9
229E,389,38.9000,12
229E,390,39.0000,1
229E,391,39.1000,2
229E,392,39.2000,1
229E,393,39.3000,7
229E,394,39.4000,4
229E,395,39.5000,5
229E,396,39.6000,12
229E,397,39.7000,11
229E,398,39.8000,6
229E,399,39.9000,9
229E,400,40.0000,10
229E,401,40.1000,6
229E,402,40.2000,7
229E,403,40.3000,10
229E,404,40.4000,10
229E,405,40.5000,7
229E,406,40.6000,14
229E,407,40.7000,20
229E,408,40.8000,16
229E,409,40.9000,7
229E,410,41.0000,5
229E,411,41.1000,10
229E,412,41.2000,16
229E,413,41.3000,12
229E,414,41.4000,10
229E,415,41.5000,10
229E,416,41.6000,10
229E,417,41.7000,4
229E,418,41.8000,2
229E,419,41.9000,6
229E,420,42.0000,10
229E,421,42.1000,9
229E,422,42.2000,11
229E,423,42.3000,12
229E,424,42.4000,11
229E,425,42.5000,6
229E,426,42.6000,12
229E,427,42.7000,15
229E,428,42.8000,10
229E,429,42.9000,9
229E,430,43.0000,8
229E,431,43.1000,11
229E,432,43.2000,5
229E,433,43.3000,3
229E,434,43.4000,8
229E,435,43.5000,2
229E,436,43.6000,4
229E,437,43.7000,13
229E,438,43.8000,12
229E,439,43.9000,6
229E,440,44.0000,8
229E,441,44.1000,3
229E,442,44.2000,8
229E,443,44.3000,11
229E,444,44.4000,4
229E,445,44.5000,4
229E,446,44.6000,4
229E,447,44.7000,17
229E,448,44.8000,4
229E,449,44.9000,8
229E,450,45.0000,11
229E,451,45.1000,8
229E,452,45.2000,11
229E,453,45.3000,6
229E,454,45.4000,9
229E,455,45.5000,5
229E,456,45.6000,4
229E,457,45.7000,13
229E,458,45.8000,14
229E,459,45.9000,8
229E,460,46.0000,9
229E,461,46.1000,4
229E,462,46.2000,6
229E,463,46.3000,4
229E,464,46.4000,9
229E,465,46.5000,10
229E,466,46.6000,6
229E,467,46.7000,15
229E,468,46.8000,10
229E,469,46.9000,10
229E,470,47.0000,5
229E,471,47.1000,22
229E,472,47.2000,10
229E,473,47.3000,4
229E,474,47.4000,5
229E,475,47.5000,11
229E,476,47.6000,10
229E,477,47.7000,6
229E,478,47.8000,10
229E,479,47.9000,9
229E,480,48.0000,9
229E,481,48.1000,8
229E,482,48.2000,7
229E,483,48.3000,12
229E,484,48.4000,5
229E,485,48.5000,9
229E,486,48.6000,0
229E,487,48.7000,8
229E,488,48.8000,3
229E,489,48.9000,9
229E,490,49.0000,4
229E,491,49.1000,1
229E,492,49.2000,6
229E,493,49.3000,0
229E,494,49.4000,18
229E,495,49.5000,8
229E,496,49.6000,9
229E,497,49.7000,7
229E,498,49.8000,8
229E,499,49.9000,8
229E,500,50.0000,9
229E,501,50.1000,8
229E,502,50.2000,9
229E,503,50.3000,5
229E,504,50.4000,15
229E,505,50.5000,8
229E,506,50.6000,6
229E,507,50.7000,17
229E,508,50.8000,8
229E,509,50.9000,10
229E,510,51.0000,7
229E,511,51.1000,14
229E,512,51.2000,11
229E,513,51.3000,7
229E,514,51.4000,14
229E,515,51.5000,5
229E,516,51.6000,3
229E,517,51.7000,9
229E,518,51.8000,7
229E,519,51.9000,4
229E,520,52.0000,7
229E,521,52.1000,16
229E,522,52.2000,7
229E,523,52.3000,16
229E,524,52.4000,9
229E,525,52.5000,9
229E,526,52.6000,5
229E,527,52.7000,12
229E,528,52.8000,4
229E,529,52.9000,5
229E,530,53.0000,4
229E,531,53.1000,0
229E,532,53.2000,5
229E,533,53.3000,11
229E,534,53.4000,13
229E,535,53.5000,3
229E,536,53.6000,4
229E,537,53.7000,3
229E,538,53.8000,3
229E,539,53.9000,6
229E,540,54.0000,6
229E,541,54.1000,5
229E,542,54.2000,11
229E,543,54.3000,4
229E,544,54.4000,14
229E,545,54.5000,11
229E,546,54.6000,9
229E,547,54.7000,9
229E,548,54.8000,10
229E,549,54.9000,9
229E,550,55.0000,18
229E,551,55.1000,8
229E,552,55.2000,9
229E,553,55.3000,8
229E,554,55.4000,6
229E,555,55.5000,10
229E,556,55.6000,0
229E,557,55.7000,5
229E,558,55.8000,6
229E,559,55.9000,3
229E,560,56.0000,8
229E,561,56.1000,8
229E,562,56.2000,7
229E,563,56.3000,11
229E,564,56.4000,7
229E,565,56.5000,4
229E,566,56.6000,5
229E,567,56.7000,14
229E,568,56.8000,6
229E,569,56.9000,8
229E,570,57.0000,13
229E,571,57.1000,4
229E,572,57.2000,11
229E,573,57.3000,9
229E,574,57.4000,7
229E,575,57.5000,11
229E,576,57.6000,6
229E,577,57.7000,7
229E,578,57.8000,6
229E,579,57.9000,16
229E,580,58.0000,8
229E,581,58.1000,10
229E,582,58.2000,11
229E,583,58.3000,9
229E,584,58.4000,2
229E,585,58.5000,7
229E,586,58.6000,7
229E,587,58.7000,15
229E,588,58.8000,7
229E,589,58.9000,5
229E,590,59.0000,18
229E,591,59.1000,8
229E,592,59.2000,7
229E,593,59.3000,8
229E,594,59.4000,10
229E,595,59.5000,7
229E,596,59.6000,3
229E,597,59.7000,10
229E,598,59.8000,2
229E,599,59.9000,6
229E,600,60.0000,5
229E,601,60.1000,6
229E,602,60.2000,9
229E,603,60.3000,6
229E,604,60.4000,9
229E,605,60.5000,19
229E,606,60.6000,8
229E,607,60.7000,11
229E,608,60.8000,5
229E,609,60.9000,2
229E,610,61.0000,5
229E,611,61.1000,4
229E,612,61.2000,3
229E,613,61.3000,6
229E,614,61.4000,13
229E,615,61.5000,11
229E,616,61.6000,5
229E,617,61.7000,14
229E,618,61.8000,4
229E,619,61.9000,6
229E,620,62.0000,3
229E,621,62.1000,8
229E,622,62.2000,11
229E,623,62.3000,7
229E,624,62.4000,6
229E,625,62.5000,9
229E,626,62.6000,7
229E,627,62.7000,2
229E,628,62.8000,1
229E,629,62.9000,5
229E,630,63.0000,2
229E,631,63.1000,5
229E,632,63.2000,9
229E,633,63.3000,2
229E,634,63.4000,10
229E,635,63.5000,12
229E,636,63.6000,6
229E,637,63.7000,3
229E,638,63.8000,6
229E,639,63.9000,8
229E,640,64.0000,9
229E,641,64.1000,8
229E,642,64.2000,9
229E,643,64.3000,11
229E,644,64.4000,9
229E,645,64.5000,14
229E,646,64.6000,7
229E,647,64.7000,10
229E,648,64.8000,7
229E,649,64.9000,7
229E,650,65.0000,13
229E,651,65.1000,12
229E,652,65.2000,10
229E,653,65.3000,8
229E,654,65.4000,14
229E,655,65.5000,5
229E,656,65.6000,13
229E,657,65.7000,13
229E,658,65.8000,13
229E,659,65.9000,11
229E,660,66.0000,5
229E,661,66.1000,18
229E,662,66.2000,4
229E,663,66.3000,6
229E,664,66.4000,2
229E,665,66.5000,8
229E,666,66.6000,3
229E,667,66.7000,14
229E,668,66.8000,12
229E,669,66.9000,4
229E,670,67.0000,4
229E,671,67.1000,6
229E,672,67.2000,17
229E,673,67.3000,10
229E,674,67.4000,9
229E,675,67.5000,12
229E,676,67.6000,5
229E,677,67.7000,12
229E,678,67.8000,8
229E,679,67.9000,16
229E,680,68.0000,10
229E,681,68.1000,14
229E,682,68.2000,10
229E,683,68.3000,7
229E,684,68.4000,7
229E,685,68.5000,8
229E,686,68.6000,6
229E,687,68.7000,9
229E,688,68.8000,7
229E,689,68.9000,5
229E,690,69.0000,7
229E,691,69.1000,9
229E,692,69.2000,7
229E,693,69.3000,9
229E,694,69.4000,5
229E,695,69.5000,10
229E,696,69.6000,12
229E,697,69.7000,8
229E,698,69.8000,6
229E,699,69.9000,11
229E,700,70.0000,13
229E,701,70.1000,11
229E,702,70.2000,3
229E,703,70.3000,8
229E,704,70.4000,7
229E,705,70.5000,3
229E,706,70.6000,7
229E,707,70.7000,5
229E,708,70.8000,8
229E,709,70.9000,8
229E,710,71.0000,5
229E,711,71.1000,4
229E,712,71.2000,6
229E,713,71.3000,8
229E,714,71.4000,7
229E,715,71.5000,4
229E,716,71.6000,12
229E,717,71.7000,10
229E,718,71.8000,9
229E,719,71.9000,4
229E,720,72.0000,2
229E,721,72.1000,11
229E,722,72.2000,11
229E,723,72.3000,20
229E,724,72.4000,5
229E,725,72.5000,1
229E,726,72.6000,7
229E,727,72.7000,5
229E,728,72.8000,6
229E,729,72.9000,5
229E,730,73.0000,8
229E,731,73.1000,15
229E,732,73.2000,4
229E,733,73.3000,2
229E,734,73.4000,5
229E,735,73.5000,9
229E,736,73.6000,5
229E,737,73.7000,11
229E,738,73.8000,9
229E,739,73.9000,8
229E,740,74.0000,4
229E,741,74.1000,9
229E,742,74.2000,2
229E,743,74.3000,5
229E,744,74.4000,12
229E,745,74.5000,4
229E,746,74.6000,8
229E,747,74.7000,14
229E,748,74.8000,7
229E,749,74.9000,14
229E,750,75.0000,2
229E,751,75.1000,9
229E,752,75.2000,11
229E,753,75.3000,10
229E,754,75.4000,6
229E,755,75.5000,7
229E,756,75.6000,4
229E,757,75.7000,7
229E,758,75.8000,9
229E,759,75.9000,7
229E,760,76.0000,9
229E,761,76.1000,6
229E,762,76.2000,1
229E,763,76.3000,7
229E,764,76.4000,4
229E,765,76.5000,10
229E,766,76.6000,7
229E,767,76.7000,12
229E,768,76.8000,7
229E,769,76.9000,9
229E,770,77.0000,3
229E,771,77.1000,8
229E,772,77.2000,5
229E,773,77.3000,6
229E,774,77.4000,12
229E,775,77.5000,10
229E,776,77.6000,6
229E,777,77.7000,3
229E,778,77.8000,7
229E,779,77.9000,10
229E,780,78.0000,11
229E,781,78.1000,6
229E,782,78.2000,6
229E,783,78.3000,8
229E,784,78.4000,6
229E,785,78.5000,5
229E,786,78.6000,10
229E,787,78.7000,6
229E,788,78.8000,11
229E,789,78.9000,10
229E,790,79.0000,8
229E,791,79.1000,11
229E,792,79.2000,11
229E,793,79.3000,4
229E,794,79.4000,1
229E,795,79.5000,9
229E,796,79.6000,7
229E,797,79.7000,5
229E,798,79.8000,16
229E,799,79.9000,5
229E,800,80.0000,5
229E,801,80.1000,7
229E,802,80.2000,9
229E,803,80.3000,5
229E,804,80.4000,7
229E,805,80.5000,7
229E,806,80.6000,4
229E,807,80.7000,9
229E,808,80.8000,9
229E,809,80.9000,9
229E,810,81.0000,3
229E,811,81.1000,11
229E,812,81.2000,9
229E,813,81.3000,2
229E,814,81.4000,4
229E,815,81.5000,7
229E,816,81.6000,10
229E,817,81.7000,11
229E,818,81.8000,8
229E,819,81.9000,9
229E,820,82.0000,15
229E,821,82.1000,4
229E,822,82.2000,6
229E,823,82.3000,7
229E,824,82.4000,7
229E,825,82.5000,4
229E,826,82.6000,21
229E,827,82.7000,3
229E,828,82.8000,13
229E,829,82.9000,17
229E,830,83.0000,5
229E,831,83.1000,8
229E,832,83.2000,12
229E,833,83.3000,4
229E,834,83.4000,7
229E,835,83.5000,14
229E,836,83.6000,2
229E,837,83.7000,11
229E,838,83.8000,5
229E,839,83.9000,9
229E,840,84.0000,2
229E,841,84.1000,19
229E,842,84.2000,13
229E,843,84.3000,6
229E,844,84.4000,5
229E,845,84.5000,10
229E,846,84.6000,6
229E,847,84.7000,9
229E,848,84.8000,2
229E,849,84.9000,10
229E,850,85.0000,11
229E,851,85.1000,6
229E,852,85.2000,13
229E,853,85.3000,4
229E,854,85.4000,10
229E,855,85.5000,10
229E,856,85.6000,11
229E,857,85.7000,4
229E,858,85.8000,9
229E,859,85.9000,6
229E,860,86.0000,6
229E,861,86.1000,8
229E,862,86.2000,10
229E,863,86.3000,6
229E,864,86.4000,5
229E,865,86.5000,5
229E,866,86.6000,9
229E,867,86.7000,2
229E,868,86.8000,9
229E,869,86.9000,10
229E,870,87.0000,7
229E,871,87.1000,12
229E,872,87.2000,15
229E,873,87.3000,6
229E,874,87.4000,6
229E,875,87.5000,8
229E,876,87.6000,5
229E,877,87.7000,4
229E,878,87.8000,12
229E,879,87.9000,17
229E,880,88.0000,16
229E,881,88.1000,14
229E,882,88.2000,13
229E,883,88.3000,22
229E,884,88.4000,15
229E,885,88.5000,7
229E,886,88.6000,12
229E,887,88.7000,17
229E,888,88.8000,14
229E,889,88.9000,21
229E,890,89.0000,12
229E,891,89.1000,3
229E,892,89.2000,7
229E,893,89.3000,5
229E,894,89.4000,9
229E,895,89.5000,7
229E,896,89.6000,12
229E,897,89.7000,6
229E,898,89.8000,17
229E,899,89.9000,6
229E,900,90.0000,10
229E,901,90.1000,12
229E,902,90.2000,8
229E,903,90.3000,7
229E,904,90.4000,11
229E,905,90.5000,10
229E,906,90.6000,2
229E,907,90.7000,4
229E,908,90.8000,9
229E,909,90.9000,17
229E,910,91.0000,4
229E,911,91.1000,9
229E,912,91.2000,6
229E,913,91.3000,9
229E,914,91.4000,11
229E,915,91.5000,10
229E,916,91.6000,7
229E,917,91.7000,2
229E,918,91.8000,9
229E,919,91.9000,4
229E,920,92.0000,10
229E,921,92.1000,3
229E,922,92.2000,4
229E,923,92.3000,8
229E,924,92.4000,7
229E,925,92.5000,5
229E,926,92.6000,3
229E,927,92.7000,6
229E,928,92.8000,5
229E,929,92.9000,7
229E,930,93.0000,13
229E,931,93.1000,5
229E,932,93.2000,6
229E,933,93.3000,11
229E,934,93.4000,2
229E,935,93.5000,11
229E,936,93.6000,9
229E,937,93.7000,4
229E,938,93.8000,19
229E,939,93.9000,6
229E,940,94.0000,8
229E,941,94.1000,11
229E,942,94.2000,13
229E,943,94.3000,5
229E,944,94.4000,8
229E,945,94.5000,6
229E,946,94.6000,10
229E,947,94.7000,15
229E,948,94.8000,6
229E,949,94.9000,6
229E,950,95.0000,8
229E,951,95.1000,18
229E,952,95.2000,14
229E,953,95.3000,5
229E,954,95.4000,14
229E,955,95.5000,5
229E,956,95.6000,6
229E,957,95.7000,9
229E,958,95.8000,10
229E,959,95.9000,11
229E,960,96.0000,9
229E,961,96.1000,8
229E,962,96.2000,13
229E,963,96.3000,8
229E,964,96.4000,4
229E,965,96.5000,8
229E,966,96.6000,3
229E,967,96.7000,7
229E,968,96.8000,10
229E,969,96.9000,5
229E,970,97.0000,8
229E,971,97.1000,5
229E,972,97.2000,4
229E,973,97.3000,4
229E,974,97.4000,3
229E,975,97.5000,8
229E,976,97.6000,10
229E,977,97.7000,11
229E,978,97.8000,8
229E,979,97.9000,7
229E,980,98.0000,4
229E,981,98.1000,8
229E,982,98.2000,8
229E,983,98.3000,12
229E,984,98.4000,14
229E,985,98.5000,6
229E,986,98.6000,14
229E,987,98.7000,4
229E,988,98.8000,7
229E,989,98.9000,6
229E,990,99.0000,10
229E,991,99.1000,16
229E,992,99.2000,4
229E,993,99.3000,12
229E,994,99.4000,12
229E,995,99.5000,12
229E,996,99.6000,4
229E,997,99.7000,17
229E,998,99.8000,12
229E,999,99.9000,3
229E,1000,100.0000,3
HKU1,0,0.0000,11
HKU1,1,0.1000,9
HKU1,2,0.2000,7
HKU1,3,0.3000,7
HKU1,4,0.4000,17
HKU1,5,0.5000,7
HKU1,6,0.6000,3
HKU1,7,0.7000,10
HKU1,8,0.8000,15
HKU1,9,0.9000,6
HKU1,10,1.0000,2
HKU1,11,1.1000,5
HKU1,12,1.2000,12
HKU1,13,1.3000,14
HKU1,14,1.4000,12
HKU1,15,1.5000,4
HKU1,16,1.6000,11
HKU1,17,1.7000,16
HKU1,18,1.8000,14
HKU1,19,1.9000,8
HKU1,20,2.0000,19
HKU1,21,2.1000,14
HKU1,22,2.2000,13
HKU1,23,2.3000,20
HKU1,24,2.4000,19
HKU1,25,2.5000,21
HKU1,26,2.6000,14
HKU1,27,2.7000,14
HKU1,28,2.8000,6
HKU1,29,2.9000,20
HKU1,30,3.0000,15
HKU1,31,3.1000,15
HKU1,32,3.2000,14
HKU1,33,3.3000,13
HKU1,34,3.4000,12
HKU1,35,3.5000,15
HKU1,36,3.6000,9
HKU1,37,3.7000,14
HKU1,38,3.8000,8
HKU1,39,3.9000,19
HKU1,40,4.0000,11
HKU1,41,4.1000,11
HKU1,42,4.2000,15
HKU1,43,4.3000,20
HKU1,44,4.4000,10
HKU1,45,4.5000,17
HKU1,46,4.6000,15
HKU1,47,4.7000,7
HKU1,48,4.8000,4
HKU1,49,4.9000,9
HKU1,50,5.0000,2
HKU1,51,5.1000,11
HKU1,52,5.2000,14
HKU1,53,5.3000,4
HKU1,54,5.4000,11
HKU1,55,5.5000,11
HKU1,56,5.6000,16
HKU1,57,5.7000,9
HKU1,58,5.8000,3
HKU1,59,5.9000,4
HKU1,60,6.0000,3
HKU1,61,6.1000,8
HKU1,62,6.2000,1
HKU1,63,6.3000,8
HKU1,64,6.4000,3
HKU1,65,6.5000,2
HKU1,66,6.6000,3
HKU1,67,6.7000,6
HKU1,68,6.8000,11
HKU1,69,6.9000,15
HKU1,70,7.0000,9
HKU1,71,7.1000,4
HKU1,72,7.2000,5
HKU1,73,7.3000,4
HKU1,74,7.4000,4
HKU1,75,7.5000,1
HKU1,76,7.6000,3
HKU1,77,7.7000,3
HKU1,78,7.8000,2
HKU1,79,7.9000,2
HKU1,80,8.0000,9
HKU1,81,8.1000,1
HKU1,82,8.2000,3
HKU1,83,8.3000,3
HKU1,84,8.4000,4
HKU1,85,8.5000,2
HKU1,86,8.6000,8
HKU1,87,8.7000,4
HKU1,88,8.8000,13
HKU1,89,8.9000,6
HKU1,90,9.0000,13
HKU1,91,9.1000,8
HKU1,92,9.2000,15
HKU1,93,9.3000,7
HKU1,94,9.4000,4
HKU1,95,9.5000,4
HKU1,96,9.6000,5
HKU1,97,9.7000,5
HKU1,98,9.8000,1
HKU1,99,9.9000,1
HKU1,100,10.0000,0
HKU1,101,10.1000,3
HKU1,102,10.2000,2
HKU1,103,10.3000,1
HKU1,104,10.4000,1
HKU1,105,10.5000,4
HKU1,106,10.6000,5
HKU1,107,10.7000,2
HKU1,108,10.8000,1
HKU1,109,10.9000,5
HKU1,110,11.0000,4
HKU1,111,11.1000,1
HKU1,112,11.2000,10
HKU1,113,11.3000,3
HKU1,114,11.4000,6
HKU1,115,11.5000,9
HKU1,116,11.6000,12
HKU1,117,11.7000,6
HKU1,118,11.8000,6
HKU1,119,11.9000,8
HKU1,120,12.0000,13
HKU1,121,12.1000,8
HKU1,122,12.2000,3
HKU1,123,12.3000,6
HKU1,124,12.4000,7
HKU1,125,12.5000,4
HKU1,126,12.6000,1
HKU1,127,12.7000,6
HKU1,128,12.8000,7
HKU1,129,12.9000,5
HKU1,130,13.0000,10
HKU1,131,13.1000,11
HKU1,132,13.2000,11
HKU1,133,13.3000,5
HKU1,134,13.4000,4
HKU1,135,13.5000,2
HKU1,136,13.6000,7
HKU1,137,13.7000,7
HKU1,138,13.8000,3
HKU1,139,13.9000,6
HKU1,140,14.0000,9
HKU1,141,14.1000,7
HKU1,142,14.2000,6
HKU1,143,14.3000,11
HKU1,144,14.4000,8
HKU1,145,14.5000,5
HKU1,146,14.6000,6
HKU1,147,14.7000,15
HKU1,148,14.8000,3
HKU1,149,14.9000,8
HKU1,150,15.0000,1
HKU1,151,15.1000,5
HKU1,152,15.2000,3
HKU1,153,15.3000,3
HKU1,154,15.4000,7
HKU1,155,15.5000,2
HKU1,156,15.6000,10
HKU1,157,15.7000,4
HKU1,158,15.8000,5
HKU1,159,15.9000,9
HKU1,160,16.0000,8
HKU1,161,16.1000,6
HKU1,162,16.2000,4
HKU1,163,16.3000,3
HKU1,164,16.4000,0
HKU1,165,16.5000,2
HKU1,166,16.6000,0
HKU1,167,16.7000,8
HKU1,168,16.8000,11
HKU1,169,16.9000,13
HKU1,170,17.0000,7
HKU1,171,17.1000,7
HKU1,172,17.2000,14
HKU1,173,17.3000,15
HKU1,174,17.4000,3
HKU1,175,17.5000,2
HKU1,176,17.6000,17
HKU1,177,17.7000,2
HKU1,178,17.8000,11
HKU1,179,17.9000,9
HKU1,180,18.0000,7
HKU1,181,18.1000,5
HKU1,182,18.2000,2
HKU1,183,18.3000,16
HKU1,184,18.4000,2
HKU1,185,18.5000,2
HKU1,186,18.6000,3
HKU1,187,18.7000,9
HKU1,188,18.8000,8
HKU1,189,18.9000,3
HKU1,190,19.0000,4
HKU1,191,19.1000,3
HKU1,192,19.2000,5
HKU1,193,19.3000,2
HKU1,194,19.4000,10
HKU1,195,19.5000,11
HKU1,196,19.6000,3
HKU1,197,19.7000,11
HKU1,198,19.8000,5
HKU1,199,19.9000,5
HKU1,200,20.0000,17
HKU1,201,20.1000,3
HKU1,202,20.2000,5
HKU1,203,20.3000,0
HKU1,204,20.4000,7
HKU1,205,20.5000,10
HKU1,206,20.6000,7
HKU1,207,20.7000,4
HKU1,208,20.8000,4
HKU1,209,20.9000,5
HKU1,210,21.0000,3
HKU1,211,21.1000,5
HKU1,212,21.2000,9
HKU1,213,21.3000,3
HKU1,214,21.4000,3
HKU1,215,21.5000,2
HKU1,216,21.6000,0
HKU1,217,21.7000,11
HKU1,218,21.8000,6
HKU1,219,21.9000,5
HKU1,220,22.0000,3
HKU1,221,22.1000,1
HKU1,222,22.2000,5
HKU1,223,22.3000,9
HKU1,224,22.4000,4
HKU1,225,22.5000,2
HKU1,226,22.6000,17
HKU1,227,22.7000,2
HKU1,228,22.8000,7
HKU1,229,22.9000,6
HKU1,230,23.0000,3
HKU1,231,23.1000,7
HKU1,232,23.2000,0
HKU1,233,23.3000,4
HKU1,234,23.4000,12
HKU1,235,23.5000,3
HKU1,236,23.6000,3
HKU1,237,23.7000,4
HKU1,238,23.8000,7
HKU1,239,23.9000,6
HKU1,240,24.0000,7
HKU1,241,24.1000,10
HKU1,242,24.2000,11
HKU1,243,24.3000,5
HKU1,244,24.4000,1
HKU1,245,24.5000,8
HKU1,246,24.6000,6
HKU1,247,24.7000,5
HKU1,248,24.8000,4
HKU1,249,24.9000,3
HKU1,250,25.0000,10
HKU1,251,25.1000,7
HKU1,252,25.2000,5
HKU1,253,25.3000,3
HKU1,254,25.4000,6
HKU1,255,25.5000,13
HKU1,256,25.6000,3
HKU1,257,25.7000,5
HKU1,258,25.8000,2
HKU1,259,25.9000,9
HKU1,260,26.0000,2
HKU1,261,26.1000,5
HKU1,262,26.2000,4
HKU1,263,26.3000,7
HKU1,264,26.4000,4
HKU1,265,26.5000,7
HKU1,266,26.6000,3
HKU1,267,26.7000,9
HKU1,268,26.8000,5
HKU1,269,26.9000,7
HKU1,270,27.0000,6
HKU1,271,27.1000,7
HKU1,272,27.2000,8
HKU1,273,27.3000,7
HKU1,274,27.4000,2
HKU1,275,27.5000,5
HKU1,276,27.6000,4
HKU1,277,27.7000,4
HKU1,278,27.8000,3
HKU1,279,27.9000,4
HKU1,280,28.0000,4
HKU1,281,28.1000,6
HKU1,282,28.2000,5
HKU1,283,28.3000,2
HKU1,284,28.4000,6
HKU1,285,28.5000,6
HKU1,286,28.6000,5
HKU1,287,28.7000,5
HKU1,288,28.8000,7
HKU1,289,28.9000,7
HKU1,290,29.0000,6
HKU1,291,29.1000,4
HKU1,292,29.2000,10
HKU1,293,29.3000,9
HKU1,294,29.4000,7
HKU1,295,29.5000,5
HKU1,296,29.6000,9
HKU1,297,29.7000,14
HKU1,298,29.8000,5
HKU1,299,29.9000,5
HKU1,300,30.0000,11
HKU1,301,30.1000,8
HKU1,302,30.2000,11
HKU1,303,30.3000,7
HKU1,304,30.4000,17
HKU1,305,30.5000,15
HKU1,306,30.6000,10
HKU1,307,30.7000,11
HKU1,308,30.8000,3
HKU1,309,30.9000,6
HKU1,310,31.0000,4
HKU1,311,31.1000,16
HKU1,312,31.2000,5
HKU1,313,31.3000,6
HKU1,314,31.4000,12
HKU1,315,31.5000,6
HKU1,316,31.6000,8
HKU1,317,31.7000,12
HKU1,318,31.8000,1
HKU1,319,31.9000,4
HKU1,320,32.0000,11
HKU1,321,32.1000,6
HKU1,322,32.2000,4
HKU1,323,32.3000,7
HKU1,324,32.4000,7
HKU1,325,32.5000,13
HKU1,326,32.6000,6
HKU1,327,32.7000,14
HKU1,328,32.8000,2
HKU1,329,32.9000,8
HKU1,330,33.0000,14
HKU1,331,33.1000,11
HKU1,332,33.2000,15
HKU1,333,33.3000,15
HKU1,334,33.4000,6
HKU1,335,33.5000,9
HKU1,336,33.6000,10
HKU1,337,33.7000,7
HKU1,338,33.8000,9
HKU1,339,33.9000,12
HKU1,340,34.0000,5
HKU1,341,34.1000,10
HKU1,342,34.2000,10
HKU1,343,34.3000,14
HKU1,344,34.4000,4
HKU1,345,34.5000,12
HKU1,346,34.6000,4
HKU1,347,34.7000,6
HKU1,348,34.8000,6
HKU1,349,34.9000,13
HKU1,350,35.0000,11
HKU1,351,35.1000,13
HKU1,352,35.2000,3
HKU1,353,35.3000,12
HKU1,354,35.4000,9
HKU1,355,35.5000,6
HKU1,356,35.6000,4
HKU1,357,35.7000,3
HKU1,358,35.8000,18
HKU1,359,35.9000,2
HKU1,360,36.0000,9
HKU1,361,36.1000,4
HKU1,362,36.2000,12
HKU1,363,36.3000,13
HKU1,364,36.4000,8
HKU1,365,36.5000,10
HKU1,366,36.6000,7
HKU1,367,36.7000,9
HKU1,368,36.8000,9
HKU1,369,36.9000,6
HKU1,370,37.0000,5
HKU1,371,37.1000,13
HKU1,372,37.2000,8
HKU1,373,37.3000,16
HKU1,374,37.4000,8
HKU1,375,37.5000,13
HKU1,376,37.6000,8
HKU1,377,37.7000,9
HKU1,378,37.8000,11
HKU1,379,37.9000,6
HKU1,380,38.0000,8
HKU1,381,38.1000,12
HKU1,382,38.2000,3
HKU1,383,38.3000,8
HKU1,384,38.4000,7
HKU1,385,38.5000,8
HKU1,386,38.6000,5
HKU1,387,38.7000,9
HKU1,388,38.8000,5
HKU1,389,38.9000,2
HKU1,390,39.0000,13
HKU1,391,39.1000,3
HKU1,392,39.2000,9
HKU1,393,39.3000,8
HKU1,394,39.4000,8
HKU1,395,39.5000,7
HKU1,396,39.6000,3
HKU1,397,39.7000,12
HKU1,398,39.8000,6
HKU1,399,39.9000,11
HKU1,400,40.0000,10
HKU1,401,40.1000,1
HKU1,402,40.2000,3
HKU1,403,40.3000,13
HKU1,404,40.4000,6
HKU1,405,40.5000,6
HKU1,406,40.6000,14
HKU1,407,40.7000,10
HKU1,408,40.8000,11
HKU1,409,40.9000,5
HKU1,410,41.0000,11
HKU1,411,41.1000,1
HKU1,412,41.2000,4
HKU1,413,41.3000,18
HKU1,414,41.4000,4
HKU1,415,41.5000,2
HKU1,416,41.6000,18
HKU1,417,41.7000,10
HKU1,418,41.8000,9
HKU1,419,41.9000,20
HKU1,420,42.0000,7
HKU1,421,42.1000,3
HKU1,422,42.2000,7
HKU1,423,42.3000,12
HKU1,424,42.4000,8
HKU1,425,42.5000,11
HKU1,426,42.6000,6
HKU1,427,42.7000,15
HKU1,428,42.8000,15
HKU1,429,42.9000,6
HKU1,430,43.0000,8
HKU1,431,43.1000,15
HKU1,432,43.2000,11
HKU1,433,43.3000,6
HKU1,434,43.4000,12
HKU1,435,43.5000,9
HKU1,436,43.6000,14
HKU1,437,43.7000,7
HKU1,438,43.8000,17
HKU1,439,43.9000,10
HKU1,440,44.0000,19
HKU1,441,44.1000,7
HKU1,442,44.2000,9
HKU1,443,44.3000,9
HKU1,444,44.4000,10
HKU1,445,44.5000,7
HKU1,446,44.6000,21
HKU1,447,44.7000,3
HKU1,448,44.8000,11
HKU1,449,44.9000,6
HKU1,450,45.0000,9
HKU1,451,45.1000,16
HKU1,452,45.2000,7
HKU1,453,45.3000,9
HKU1,454,45.4000,4
HKU1,455,45.5000,10
HKU1,456,45.6000,9
HKU1,457,45.7000,6
HKU1,458,45.8000,10
HKU1,459,45.9000,16
HKU1,460,46.0000,2
HKU1,461,46.1000,9
HKU1,462,46.2000,13
HKU1,463,46.3000,7
HKU1,464,46.4000,4
HKU1,465,46.5000,5
HKU1,466,46.6000,9
HKU1,467,46.7000,20
HKU1,468,46.8000,3
HKU1,469,46.9000,8
HKU1,470,47.0000,8
HKU1,471,47.1000,17
HKU1,472,47.2000,10
HKU1,473,47.3000,6
HKU1,474,47.4000,17
HKU1,475,47.5000,10
HKU1,476,47.6000,7
HKU1,477,47.7000,11
HKU1,478,47.8000,3
HKU1,479,47.9000,4
HKU1,480,48.0000,3
HKU1,481,48.1000,8
HKU1,482,48.2000,5
HKU1,483,48.3000,4
HKU1,484,48.4000,4
HKU1,485,48.5000,9
HKU1,486,48.6000,6
HKU1,487,48.7000,14
HKU1,488,48.8000,4
HKU1,489,48.9000,2
HKU1,490,49.0000,10
HKU1,491,49.1000,14
HKU1,492,49.2000,2
HKU1,493,49.3000,5
HKU1,494,49.4000,10
HKU1,495,49.5000,8
HKU1,496,49.6000,7
HKU1,497,49.7000,17
HKU1,498,49.8000,3
HKU1,499,49.9000,3
HKU1,500,50.0000,3
HKU1,501,50.1000,7
HKU1,502,50.2000,6
HKU1,503,50.3000,2
HKU1,504,50.4000,5
HKU1,505,50.5000,9
HKU1,506,50.6000,8
HKU1,507,50.7000,1
HKU1,508,50.8000,15
HKU1,509,50.9000,2
HKU1,510,51.0000,17
HKU1,511,51.1000,5
HKU1,512,51.2000,10
HKU1,513,51.3000,10
HKU1,514,51.4000,3
HKU1,515,51.5000,11
HKU1,516,51.6000,8
HKU1,517,51.7000,5
HKU1,518,51.8000,12
HKU1,519,51.9000,5
HKU1,520,52.0000,12
HKU1,521,52.1000,12
HKU1,522,52.2000,5
HKU1,523,52.3000,5
HKU1,524,52.4000,9
HKU1,525,52.5000,4
HKU1,526,52.6000,9
HKU1,527,52.7000,5
HKU1,528,52.8000,5
HKU1,529,52.9000,12
HKU1,530,53.0000,6
HKU1,531,53.1000,4
HKU1,532,53.2000,2
HKU1,533,53.3000,7
HKU1,534,53.4000,8
HKU1,535,53.5000,6
HKU1,536,53.6000,17
HKU1,537,53.7000,6
HKU1,538,53.8000,5
HKU1,539,53.9000,2
HKU1,540,54.0000,5
HKU1,541,54.1000,9
HKU1,542,54.2000,6
HKU1,543,54.3000,1
HKU1,544,54.4000,5
HKU1,545,54.5000,9
HKU1,546,54.6000,5
HKU1,547,54.7000,5
HKU1,548,54.8000,9
HKU1,549,54.9000,12
HKU1,550,55.0000,5
HKU1,551,55.1000,4
HKU1,552,55.2000,5
HKU1,553,55.3000,3
HKU1,554,55.4000,7
HKU1,555,55.5000,7
HKU1,556,55.6000,7
HKU1,557,55.7000,5
HKU1,558,55.8000,5
HKU1,559,55.9000,7
HKU1,560,56.0000,3
HKU1,561,56.1000,4
HKU1,562,56.2000,10
HKU1,563,56.3000,6
HKU1,564,56.4000,5
HKU1,565,56.5000,2
HKU1,566,56.6000,3
HKU1,567,56.7000,6
HKU1,568,56.8000,1
HKU1,569,56.9000,4
HKU1,570,57.0000,8
HKU1,571,57.1000,8
HKU1,572,57.2000,11
HKU1,573,57.3000,2
HKU1,574,57.4000,14
HKU1,575,57.5000,15
HKU1,576,57.6000,12
HKU1,577,57.7000,4
HKU1,578,57.8000,14
HKU1,579,57.9000,16
HKU1,580,58.0000,14
HKU1,581,58.1000,7
HKU1,582,58.2000,12
HKU1,583,58.3000,16
HKU1,584,58.4000,10
HKU1,585,58.5000,10
HKU1,586,58.6000,11
HKU1,587,58.7000,11
HKU1,588,58.8000,13
HKU1,589,58.9000,16
HKU1,590,59.0000,11
HKU1,591,59.1000,7
HKU1,592,59.2000,19
HKU1,593,59.3000,6
HKU1,594,59.4000,4
HKU1,595,59.5000,15
HKU1,596,59.6000,11
HKU1,597,59.7000,8
HKU1,598,59.8000,9
HKU1,599,59.9000,8
HKU1,600,60.0000,6
HKU1,601,60.1000,19
HKU1,602,60.2000,12
HKU1,603,60.3000,12
HKU1,604,60.4000,3
HKU1,605,60.5000,7
HKU1,606,60.6000,7
HKU1,607,60.7000,3
HKU1,608,60.8000,22
HKU1,609,60.9000,14
HKU1,610,61.0000,9
HKU1,611,61.1000,6
HKU1,612,61.2000,12
HKU1,613,61.3000,2
HKU1,614,61.4000,10
HKU1,615,61.5000,9
HKU1,616,61.6000,10
HKU1,617,61.7000,9
HKU1,618,61.8000,17
HKU1,619,61.9000,7
HKU1,620,62.0000,17
HKU1,621,62.1000,20
HKU1,622,62.2000,9
HKU1,623,62.3000,3
HKU1,624,62.4000,6
HKU1,625,62.5000,13
HKU1,626,62.6000,9
HKU1,627,62.7000,9
HKU1,628,62.8000,3
HKU1,629,62.9000,15
HKU1,630,63.0000,13
HKU1,631,63.1000,9
HKU1,632,63.2000,7
HKU1,633,63.3000,8
HKU1,634,63.4000,9
HKU1,635,63.5000,8
HKU1,636,63.6000,16
HKU1,637,63.7000,13
HKU1,638,63.8000,5
HKU1,639,63.9000,9
HKU1,640,64.0000,6
HKU1,641,64.1000,10
HKU1,642,64.2000,12
HKU1,643,64.3000,12
HKU1,644,64.4000,10
HKU1,645,64.5000,12
HKU1,646,64.6000,9
HKU1,647,64.7000,7
HKU1,648,64.8000,11
HKU1,649,64.9000,16
HKU1,650,65.0000,4
HKU1,651,65.1000,7
HKU1,652,65.2000,15
HKU1,653,65.3000,10
HKU1,654,65.4000,10
HKU1,655,65.5000,9
HKU1,656,65.6000,11
HKU1,657,65.7000,6
HKU1,658,65.8000,12
HKU1,659,65.9000,6
HKU1,660,66.0000,12
HKU1,661,66.1000,2
HKU1,662,66.2000,13
HKU1,663,66.3000,16
HKU1,664,66.4000,3
HKU1,665,66.5000,6
HKU1,666,66.6000,14
HKU1,667,66.7000,8
HKU1,668,66.8000,12
HKU1,669,66.9000,5
HKU1,670,67.0000,8
HKU1,671,67.1000,9
HKU1,672,67.2000,10
HKU1,673,67.3000,7
HKU1,674,67.4000,9
HKU1,675,67.5000,7
HKU1,676,67.6000,12
HKU1,677,67.7000,10
HKU1,678,67.8000,11
HKU1,679,67.9000,4
HKU1,680,68.0000,6
HKU1,681,68.1000,8
HKU1,682,68.2000,4
HKU1,683,68.3000,6
HKU1,684,68.4000,11
HKU1,685,68.5000,3
HKU1,686,68.6000,6
HKU1,687,68.7000,14
HKU1,688,68.8000,7
HKU1,689,68.9000,9
HKU1,690,69.0000,9
HKU1,691,69.1000,2
HKU1,692,69.2000,19
HKU1,693,69.3000,12
HKU1,694,69.4000,9
HKU1,695,69.5000,2
HKU1,696,69.6000,10
HKU1,697,69.7000,9
HKU1,698,69.8000,5
HKU1,699,69.9000,5
HKU1,700,70.0000,8
HKU1,701,70.1000,4
HKU1,702,70.2000,10
HKU1,703,70.3000,2
HKU1,704,70.4000,10
HKU1,705,70.5000,8
HKU1,706,70.6000,6
HKU1,707,70.7000,17
HKU1,708,70.8000,7
HKU1,709,70.9000,10
HKU1,710,71.0000,6
HKU1,711,71.1000,4
HKU1,712,71.2000,6
HKU1,713,71.3000,5
HKU1,714,71.4000,5
HKU1,715,71.5000,9
HKU1,716,71.6000,7
HKU1,717,71.7000,6
HKU1,718,71.8000,9
HKU1,719,71.9000,6
HKU1,720,72.0000,5
HKU1,721,72.1000,15
HKU1,722,72.2000,9
HKU1,723,72.3000,6
HKU1,724,72.4000,6
HKU1,725,72.5000,13
HKU1,726,72.6000,18
HKU1,727,72.7000,10
HKU1,728,72.8000,14
HKU1,729,72.9000,7
HKU1,730,73.0000,11
HKU1,731,73.1000,4
HKU1,732,73.2000,2
HKU1,733,73.3000,10
HKU1,734,73.4000,18
HKU1,735,73.5000,9
HKU1,736,73.6000,15
HKU1,737,73.7000,8
HKU1,738,73.8000,9
HKU1,739,73.9000,7
HKU1,740,74.0000,12
HKU1,741,74.1000,11
HKU1,742,74.2000,7
HKU1,743,74.3000,7
HKU1,744,74.4000,5
HKU1,745,74.5000,5
HKU1,746,74.6000,10
HKU1,747,74.7000,7
HKU1,748,74.8000,14
HKU1,749,74.9000,5
HKU1,750,75.0000,11
HKU1,751,75.1000,6
HKU1,752,75.2000,4
HKU1,753,75.3000,8
HKU1,754,75.4000,14
HKU1,755,75.5000,11
HKU1,756,75.6000,4
HKU1,757,75.7000,13
HKU1,758,75.8000,22
HKU1,759,75.9000,6
HKU1,760,76.0000,12
HKU1,761,76.1000,6
HKU1,762,76.2000,7
HKU1,763,76.3000,7
HKU1,764,76.4000,7
HKU1,765,76.5000,4
HKU1,766,76.6000,7
HKU1,767,76.7000,11
HKU1,768,76.8000,9
HKU1,769,76.9000,8
HKU1,770,77.0000,6
HKU1,771,77.1000,14
HKU1,772,77.2000,15
HKU1,773,77.3000,11
HKU1,774,77.4000,16
HKU1,775,77.5000,5
HKU1,776,77.6000,13
HKU1,777,77.7000,8
HKU1,778,77.8000,12
HKU1,779,77.9000,8
HKU1,780,78.0000,12
HKU1,781,78.1000,5
HKU1,782,78.2000,4
HKU1,783,78.3000,11
HKU1,784,78.4000,7
HKU1,785,78.5000,13
HKU1,786,78.6000,11
HKU1,787,78.7000,6
HKU1,788,78.8000,6
HKU1,789,78.9000,11
HKU1,790,79.0000,8
HKU1,791,79.1000,6
HKU1,792,79.2000,5
HKU1,793,79.3000,4
HKU1,794,79.4000,17
HKU1,795,79.5000,13
HKU1,796,79.6000,11
HKU1,797,79.7000,10
HKU1,798,79.8000,4
HKU1,799,79.9000,17
HKU1,800,80.0000,14
HKU1,801,80.1000,6
HKU1,802,80.2000,5
HKU1,803,80.3000,1
HKU1,804,80.4000,5
HKU1,805,80.5000,5
HKU1,806,80.6000,8
HKU1,807,80.7000,9
HKU1,808,80.8000,6
HKU1,809,80.9000,5
HKU1,810,81.0000,5
HKU1,811,81.1000,5
HKU1,812,81.2000,4
HKU1,813,81.3000,13
HKU1,814,81.4000,16
HKU1,815,81.5000,5
HKU1,816,81.6000,10
HKU1,817,81.7000,15
HKU1,818,81.8000,6
HKU1,819,81.9000,12
HKU1,820,82.0000,0
HKU1,821,82.1000,6
HKU1,822,82.2000,6
HKU1,823,82.3000,11
HKU1,824,82.4000,16
HKU1,825,82.5000,16
HKU1,826,82.6000,12
HKU1,827,82.7000,10
HKU1,828,82.8000,16
HKU1,829,82.9000,27
HKU1,830,83.0000,6
HKU1,831,83.1000,6
HKU1,832,83.2000,4
HKU1,833,83.3000,12
HKU1,834,83.4000,7
HKU1,835,83.5000,9
HKU1,836,83.6000,12
HKU1,837,83.7000,9
HKU1,838,83.8000,8
HKU1,839,83.9000,2
HKU1,840,84.0000,10
HKU1,841,84.1000,6
HKU1,842,84.2000,9
HKU1,843,84.3000,4
HKU1,844,84.4000,12
HKU1,845,84.5000,5
HKU1,846,84.6000,11
HKU1,847,84.7000,10
HKU1,848,84.8000,5
HKU1,849,84.9000,8
HKU1,850,85.0000,2
HKU1,851,85.1000,5
HKU1,852,85.2000,4
HKU1,853,85.3000,16
HKU1,854,85.4000,13
HKU1,855,85.5000,11
HKU1,856,85.6000,5
HKU1,857,85.7000,4
HKU1,858,85.8000,7
HKU1,859,85.9000,10
HKU1,860,86.0000,12
HKU1,861,86.1000,8
HKU1,862,86.2000,7
HKU1,863,86.3000,4
HKU1,864,86.4000,6
HKU1,865,86.5000,5
HKU1,866,86.6000,6
HKU1,867,86.7000,6
HKU1,868,86.8000,9
HKU1,869,86.9000,21
HKU1,870,87.0000,10
HKU1,871,87.1000,13
HKU1,872,87.2000,12
HKU1,873,87.3000,10
HKU1,874,87.4000,10
HKU1,875,87.5000,9
HKU1,876,87.6000,10
HKU1,877,87.7000,14
HKU1,878,87.8000,12
HKU1,879,87.9000,11
HKU1,880,88.0000,11
HKU1,881,88.1000,6
HKU1,882,88.2000,16
HKU1,883,88.3000,7
HKU1,884,88.4000,11
HKU1,885,88.5000,11
HKU1,886,88.6000,7
HKU1,887,88.7000,10
HKU1,888,88.8000,15
HKU1,889,88.9000,16
HKU1,890,89.0000,18
HKU1,891,89.1000,6
HKU1,892,89.2000,10
HKU1,893,89.3000,8
HKU1,894,89.4000,5
HKU1,895,89.5000,9
HKU1,896,89.6000,5
HKU1,897,89.7000,9
HKU1,898,89.8000,14
HKU1,899,89.9000,14
HKU1,900,90.0000,4
HKU1,901,90.1000,19
HKU1,902,90.2000,12
HKU1,903,90.3000,8
HKU1,904,90.4000,13
HKU1,905,90.5000,7
HKU1,906,90.6000,9
HKU1,907,90.7000,3
HKU1,908,90.8000,9
HKU1,909,90.9000,19
HKU1,910,91.0000,6
HKU1,911,91.1000,22
HKU1,912,91.2000,11
HKU1,913,91.3000,7
HKU1,914,91.4000,7
HKU1,915,91.5000,15
HKU1,916,91.6000,3
HKU1,917,91.7000,2
HKU1,918,91.8000,5
HKU1,919,91.9000,6
HKU1,920,92.0000,7
HKU1,921,92.1000,12
HKU1,922,92.2000,9
HKU1,923,92.3000,6
HKU1,924,92.4000,9
HKU1,925,92.5000,10
HKU1,926,92.6000,11
HKU1,927,92.7000,15
HKU1,928,92.8000,9
HKU1,929,92.9000,12
HKU1,930,93.0000,10
HKU1,931,93.1000,5
HKU1,932,93.2000,6
HKU1,933,93.3000,14
HKU1,934,93.4000,5
HKU1,935,93.5000,9
HKU1,936,93.6000,7
HKU1,937,93.7000,10
HKU1,938,93.8000,15
HKU1,939,93.9000,11
HKU1,940,94.0000,9
HKU1,941,94.1000,10
HKU1,942,94.2000,10
HKU1,943,94.3000,14
HKU1,944,94.4000,5
HKU1,945,94.5000,6
HKU1,946,94.6000,8
HKU1,947,94.7000,8
HKU1,948,94.8000,12
HKU1,949,94.9000,9
HKU1,950,95.0000,8
HKU1,951,95.1000,7
HKU1,952,95.2000,9
HKU1,953,95.3000,11
HKU1,954,95.4000,9
HKU1,955,95.5000,11
HKU1,956,95.6000,8
HKU1,957,95.7000,16
HKU1,958,95.8000,10
HKU1,959,95.9000,12
HKU1,960,96.0000,13
HKU1,961,96.1000,13
HKU1,962,96.2000,11
HKU1,963,96.3000,7
HKU1,964,96.4000,13
HKU1,965,96.5000,3
HKU1,966,96.6000,8
HKU1,967,96.7000,8
HKU1,968,96.8000,11
HKU1,969,96.9000,10
HKU1,970,97.0000,9
HKU1,971,97.1000,9
HKU1,972,97.2000,12
HKU1,973,97.3000,6
HKU1,974,97.4000,7
HKU1,975,97.5000,16
HKU1,976,97.6000,12
HKU1,977,97.7000,16
HKU1,978,97.8000,3
HKU1,979,97.9000,11
HKU1,980,98.0000,13
HKU1,981,98.1000,8
HKU1,982,98.2000,6
HKU1,983,98.3000,9
HKU1,984,98.4000,2
HKU1,985,98.5000,4
HKU1,986,98.6000,8
HKU1,987,98.7000,6
HKU1,988,98.8000,7
HKU1,989,98.9000,12
HKU1,990,99.0000,10
HKU1,991,99.1000,11
HKU1,992,99.2000,12
HKU1,993,99.3000,5
HKU1,994,99.4000,6
HKU1,995,99.5000,4
HKU1,996,99.6000,2
HKU1,997,99.7000,4
HKU1,998,99.8000,3
HKU1,999,99.9000,7
HKU1,1000,100.0000,13
