system,frame_index,time_ns,ligand_heavy_atom_rmsd_angstrom
MERS,0,0.0000,0.000000
MERS,1,0.1000,0.334367
MERS,2,0.2000,1.006060
MERS,3,0.3000,1.112533
MERS,4,0.4000,1.670374
MERS,5,0.5000,1.972176
MERS,6,0.6000,2.008815
MERS,7,0.7000,1.588923
MERS,8,0.8000,1.720212
MERS,9,0.9000,1.884514
MERS,10,1.0000,1.823857
MERS,11,1.1000,1.510430
MERS,12,1.2000,1.253594
MERS,13,1.3000,1.635667
MERS,14,1.4000,0.826211
MERS,15,1.5000,0.897083
MERS,16,1.6000,1.053796
MERS,17,1.7000,1.194538
MERS,18,1.8000,1.105781
MERS,19,1.9000,0.985387
MERS,20,2.0000,0.843660
MERS,21,2.1000,1.073534
MERS,22,2.2000,0.726795
MERS,23,2.3000,0.895635
MERS,24,2.4000,1.695710
MERS,25,2.5000,1.319824
MERS,26,2.6000,1.157088
MERS,27,2.7000,1.024491
MERS,28,2.8000,1.036356
MERS,29,2.9000,0.748538
MERS,30,3.0000,0.743592
MERS,31,3.1000,0.974351
MERS,32,3.2000,1.216611
MERS,33,3.3000,1.058240
MERS,34,3.4000,1.069137
MERS,35,3.5000,1.120879
MERS,36,3.6000,0.916076
MERS,37,3.7000,0.991779
MERS,38,3.8000,1.090582
MERS,39,3.9000,0.771810
MERS,40,4.0000,0.683099
MERS,41,4.1000,0.961399
MERS,42,4.2000,1.101310
MERS,43,4.3000,1.203470
MERS,44,4.4000,1.181552
MERS,45,4.5000,1.036423
MERS,46,4.6000,0.564977
MERS,47,4.7000,0.926560
MERS,48,4.8000,1.080285
MERS,49,4.9000,1.014332
MERS,50,5.0000,1.997362
MERS,51,5.1000,0.975132
MERS,52,5.2000,0.499735
MERS,53,5.3000,1.248849
MERS,54,5.4000,0.660246
MERS,55,5.5000,0.430672
MERS,56,5.6000,0.898676
MERS,57,5.7000,0.756090
MERS,58,5.8000,0.842647
MERS,59,5.9000,0.920913
MERS,60,6.0000,1.807680
MERS,61,6.1000,2.095130
MERS,62,6.2000,0.798810
MERS,63,6.3000,0.926574
MERS,64,6.4000,0.981763
MERS,65,6.5000,1.373034
MERS,66,6.6000,0.708933
MERS,67,6.7000,1.426949
MERS,68,6.8000,0.977854
MERS,69,6.9000,1.242317
MERS,70,7.0000,1.762122
MERS,71,7.1000,2.020690
MERS,72,7.2000,1.771284
MERS,73,7.3000,1.273429
MERS,74,7.4000,1.107652
MERS,75,7.5000,1.739960
MERS,76,7.6000,0.656547
MERS,77,7.7000,0.678689
MERS,78,7.8000,0.546930
MERS,79,7.9000,1.548051
MERS,80,8.0000,1.215593
MERS,81,8.1000,1.550425
MERS,82,8.2000,1.332648
MERS,83,8.3000,1.366022
MERS,84,8.4000,1.042427
MERS,85,8.5000,1.054819
MERS,86,8.6000,0.951484
MERS,87,8.7000,1.313263
MERS,88,8.8000,0.491050
MERS,89,8.9000,0.592235
MERS,90,9.0000,1.054877
MERS,91,9.1000,0.689703
MERS,92,9.2000,0.761189
MERS,93,9.3000,0.655437
MERS,94,9.4000,1.290447
MERS,95,9.5000,1.651130
MERS,96,9.6000,0.487152
MERS,97,9.7000,0.721661
MERS,98,9.8000,0.530311
MERS,99,9.9000,0.482519
MERS,100,10.0000,0.977298
MERS,101,10.1000,1.010328
MERS,102,10.2000,1.761760
MERS,103,10.3000,2.006856
MERS,104,10.4000,0.595084
MERS,105,10.5000,1.237415
MERS,106,10.6000,0.802487
MERS,107,10.7000,1.527130
MERS,108,10.8000,2.185881
MERS,109,10.9000,2.055670
MERS,110,11.0000,1.329699
MERS,111,11.1000,1.842129
MERS,112,11.2000,1.438871
MERS,113,11.3000,1.330107
MERS,114,11.4000,1.531003
MERS,115,11.5000,1.535441
MERS,116,11.6000,1.303515
MERS,117,11.7000,0.808188
MERS,118,11.8000,1.252120
MERS,119,11.9000,1.453976
MERS,120,12.0000,1.526076
MERS,121,12.1000,1.374212
MERS,122,12.2000,1.632951
MERS,123,12.3000,1.006089
MERS,124,12.4000,1.926710
MERS,125,12.5000,0.886134
MERS,126,12.6000,1.315119
MERS,127,12.7000,0.766979
MERS,128,12.8000,1.175602
MERS,129,12.9000,0.609170
MERS,130,13.0000,0.836647
MERS,131,13.1000,0.744714
MERS,132,13.2000,1.486150
MERS,133,13.3000,1.714666
MERS,134,13.4000,1.051625
MERS,135,13.5000,1.135565
MERS,136,13.6000,0.579218
MERS,137,13.7000,0.903380
MERS,138,13.8000,0.812301
MERS,139,13.9000,1.105007
MERS,140,14.0000,0.806709
MERS,141,14.1000,0.907436
MERS,142,14.2000,0.283929
MERS,143,14.3000,0.696841
MERS,144,14.4000,0.619278
MERS,145,14.5000,0.888994
MERS,146,14.6000,1.196790
MERS,147,14.7000,0.996323
MERS,148,14.8000,1.131158
MERS,149,14.9000,1.189829
MERS,150,15.0000,0.596757
MERS,151,15.1000,2.173217
MERS,152,15.2000,1.836543
MERS,153,15.3000,1.744586
MERS,154,15.4000,1.698453
MERS,155,15.5000,1.808041
MERS,156,15.6000,1.304003
MERS,157,15.7000,1.333561
MERS,158,15.8000,2.189811
MERS,159,15.9000,1.959975
MERS,160,16.0000,1.895033
MERS,161,16.1000,1.567925
MERS,162,16.2000,1.613036
MERS,163,16.3000,1.467632
MERS,164,16.4000,1.689028
MERS,165,16.5000,2.040704
MERS,166,16.6000,1.612359
MERS,167,16.7000,1.807370
MERS,168,16.8000,1.724756
MERS,169,16.9000,1.893471
MERS,170,17.0000,1.896837
MERS,171,17.1000,1.926499
MERS,172,17.2000,1.779141
MERS,173,17.3000,1.842586
MERS,174,17.4000,1.645146
MERS,175,17.5000,1.382675
MERS,176,17.6000,1.466801
MERS,177,17.7000,1.724035
MERS,178,17.8000,1.585313
MERS,179,17.9000,1.539099
MERS,180,18.0000,1.753737
MERS,181,18.1000,1.625262
MERS,182,18.2000,1.214743
MERS,183,18.3000,1.005971
MERS,184,18.4000,1.835288
MERS,185,18.5000,1.293833
MERS,186,18.6000,1.168175
MERS,187,18.7000,1.148862
MERS,188,18.8000,0.683343
MERS,189,18.9000,1.055041
MERS,190,19.0000,0.940902
MERS,191,19.1000,1.113814
MERS,192,19.2000,1.079841
MERS,193,19.3000,0.725496
MERS,194,19.4000,1.153675
MERS,195,19.5000,1.207177
MERS,196,19.6000,0.975439
MERS,197,19.7000,0.591572
MERS,198,19.8000,0.857360
MERS,199,19.9000,1.050352
MERS,200,20.0000,1.066121
MERS,201,20.1000,1.005373
MERS,202,20.2000,1.175881
MERS,203,20.3000,1.332545
MERS,204,20.4000,1.164863
MERS,205,20.5000,1.269109
MERS,206,20.6000,1.134995
MERS,207,20.7000,0.869410
MERS,208,20.8000,1.046401
MERS,209,20.9000,0.933774
MERS,210,21.0000,1.259069
MERS,211,21.1000,1.168623
MERS,212,21.2000,1.229299
MERS,213,21.3000,1.001539
MERS,214,21.4000,1.128827
MERS,215,21.5000,1.057082
MERS,216,21.6000,1.171561
MERS,217,21.7000,0.828633
MERS,218,21.8000,1.193380
MERS,219,21.9000,0.897506
MERS,220,22.0000,0.838546
MERS,221,22.1000,1.011310
MERS,222,22.2000,1.228310
MERS,223,22.3000,1.079988
MERS,224,22.4000,0.966805
MERS,225,22.5000,0.855787
MERS,226,22.6000,1.272761
MERS,227,22.7000,1.091449
MERS,228,22.8000,1.297441
MERS,229,22.9000,0.971984
MERS,230,23.0000,0.904737
MERS,231,23.1000,0.427231
MERS,232,23.2000,1.124500
MERS,233,23.3000,0.947692
MERS,234,23.4000,0.964536
MERS,235,23.5000,0.685892
MERS,236,23.6000,1.238118
MERS,237,23.7000,0.893486
MERS,238,23.8000,1.029635
MERS,239,23.9000,0.588904
MERS,240,24.0000,1.239028
MERS,241,24.1000,0.825144
MERS,242,24.2000,1.108822
MERS,243,24.3000,1.052590
MERS,244,24.4000,1.035682
MERS,245,24.5000,1.316862
MERS,246,24.6000,0.972680
MERS,247,24.7000,0.845545
MERS,248,24.8000,1.144631
MERS,249,24.9000,0.894417
MERS,250,25.0000,0.955623
MERS,251,25.1000,1.235067
MERS,252,25.2000,1.284958
MERS,253,25.3000,1.172536
MERS,254,25.4000,1.002066
MERS,255,25.5000,1.142798
MERS,256,25.6000,1.312670
MERS,257,25.7000,0.956646
MERS,258,25.8000,0.671934
MERS,259,25.9000,0.824630
MERS,260,26.0000,0.898594
MERS,261,26.1000,1.172658
MERS,262,26.2000,0.980657
MERS,263,26.3000,0.847007
MERS,264,26.4000,0.885529
MERS,265,26.5000,0.978447
MERS,266,26.6000,0.635840
MERS,267,26.7000,0.978642
MERS,268,26.8000,0.989774
MERS,269,26.9000,0.827981
MERS,270,27.0000,0.922379
MERS,271,27.1000,0.845081
MERS,272,27.2000,0.864077
MERS,273,27.3000,0.875875
MERS,274,27.4000,1.290783
MERS,275,27.5000,0.946286
MERS,276,27.6000,1.034964
MERS,277,27.7000,1.131529
MERS,278,27.8000,0.740956
MERS,279,27.9000,0.876773
MERS,280,28.0000,1.051628
MERS,281,28.1000,0.754761
MERS,282,28.2000,0.930988
MERS,283,28.3000,0.894704
MERS,284,28.4000,0.883565
MERS,285,28.5000,1.063852
MERS,286,28.6000,0.988864
MERS,287,28.7000,0.702092
MERS,288,28.8000,0.794076
MERS,289,28.9000,0.762696
MERS,290,29.0000,1.160388
MERS,291,29.1000,0.967798
MERS,292,29.2000,1.206857
MERS,293,29.3000,1.158926
MERS,294,29.4000,1.166407
MERS,295,29.5000,1.214973
MERS,296,29.6000,0.977949
MERS,297,29.7000,1.165144
MERS,298,29.8000,1.233206
MERS,299,29.9000,1.188658
MERS,300,30.0000,0.587052
MERS,301,30.1000,1.229572
MERS,302,30.2000,1.135688
MERS,303,30.3000,0.637677
MERS,304,30.4000,0.777564
MERS,305,30.5000,1.018859
MERS,306,30.6000,0.888110
MERS,307,30.7000,0.866159
MERS,308,30.8000,0.673379
MERS,309,30.9000,1.091919
MERS,310,31.0000,1.236288
MERS,311,31.1000,1.094422
MERS,312,31.2000,1.145883
MERS,313,31.3000,1.206893
MERS,314,31.4000,0.980044
MERS,315,31.5000,0.968551
MERS,316,31.6000,0.910129
MERS,317,31.7000,1.325135
MERS,318,31.8000,0.907506
MERS,319,31.9000,0.833505
MERS,320,32.0000,1.042657
MERS,321,32.1000,1.292371
MERS,322,32.2000,0.617380
MERS,323,32.3000,1.035588
MERS,324,32.4000,1.065092
MERS,325,32.5000,0.908334
MERS,326,32.6000,1.116949
MERS,327,32.7000,0.936362
MERS,328,32.8000,1.172326
MERS,329,32.9000,0.988412
MERS,330,33.0000,1.126127
MERS,331,33.1000,1.075065
MERS,332,33.2000,1.057411
MERS,333,33.3000,1.005355
MERS,334,33.4000,1.071739
MERS,335,33.5000,0.992607
MERS,336,33.6000,0.970614
MERS,337,33.7000,0.635177
MERS,338,33.8000,1.242648
MERS,339,33.9000,1.007988
MERS,340,34.0000,1.058390
MERS,341,34.1000,1.298831
MERS,342,34.2000,1.746571
MERS,343,34.3000,1.373866
MERS,344,34.4000,1.437593
MERS,345,34.5000,1.401040
MERS,346,34.6000,1.406336
MERS,347,34.7000,1.323739
MERS,348,34.8000,1.341882
MERS,349,34.9000,1.470785
MERS,350,35.0000,1.393412
MERS,351,35.1000,1.442914
MERS,352,35.2000,1.197223
MERS,353,35.3000,1.151941
MERS,354,35.4000,0.856601
MERS,355,35.5000,1.129476
MERS,356,35.6000,0.639652
MERS,357,35.7000,1.193784
MERS,358,35.8000,1.238895
MERS,359,35.9000,1.128487
MERS,360,36.0000,1.088859
MERS,361,36.1000,1.188404
MERS,362,36.2000,1.200295
MERS,363,36.3000,1.030997
MERS,364,36.4000,1.000880
MERS,365,36.5000,1.279413
MERS,366,36.6000,1.045123
MERS,367,36.7000,0.898147
MERS,368,36.8000,0.824914
MERS,369,36.9000,1.137206
MERS,370,37.0000,1.299123
MERS,371,37.1000,0.811520
MERS,372,37.2000,1.171688
MERS,373,37.3000,1.075832
MERS,374,37.4000,0.852574
MERS,375,37.5000,1.059991
MERS,376,37.6000,1.174258
MERS,377,37.7000,1.048648
MERS,378,37.8000,1.021115
MERS,379,37.9000,0.801855
MERS,380,38.0000,1.152237
MERS,381,38.1000,1.342242
MERS,382,38.2000,1.070679
MERS,383,38.3000,0.772432
MERS,384,38.4000,0.865535
MERS,385,38.5000,0.819534
MERS,386,38.6000,1.282029
MERS,387,38.7000,1.044505
MERS,388,38.8000,0.953112
MERS,389,38.9000,0.979210
MERS,390,39.0000,1.153481
MERS,391,39.1000,1.323534
MERS,392,39.2000,1.170932
MERS,393,39.3000,1.200942
MERS,394,39.4000,1.287939
MERS,395,39.5000,0.944247
MERS,396,39.6000,1.120115
MERS,397,39.7000,1.042270
MERS,398,39.8000,1.081818
MERS,399,39.9000,1.334457
MERS,400,40.0000,1.153860
MERS,401,40.1000,0.966567
MERS,402,40.2000,0.831658
MERS,403,40.3000,1.391226
MERS,404,40.4000,1.024040
MERS,405,40.5000,0.975690
MERS,406,40.6000,1.071772
MERS,407,40.7000,1.076761
MERS,408,40.8000,1.132183
MERS,409,40.9000,0.921208
MERS,410,41.0000,0.969019
MERS,411,41.1000,1.289906
MERS,412,41.2000,0.905724
MERS,413,41.3000,1.005232
MERS,414,41.4000,1.069153
MERS,415,41.5000,1.116726
MERS,416,41.6000,1.003292
MERS,417,41.7000,1.024476
MERS,418,41.8000,1.168884
MERS,419,41.9000,0.896876
MERS,420,42.0000,1.390217
MERS,421,42.1000,0.887259
MERS,422,42.2000,1.103369
MERS,423,42.3000,1.063552
MERS,424,42.4000,1.169662
MERS,425,42.5000,1.094397
MERS,426,42.6000,1.285742
MERS,427,42.7000,0.968046
MERS,428,42.8000,0.949130
MERS,429,42.9000,1.061298
MERS,430,43.0000,0.715134
MERS,431,43.1000,1.118845
MERS,432,43.2000,0.869072
MERS,433,43.3000,1.071149
MERS,434,43.4000,0.941229
MERS,435,43.5000,1.201626
MERS,436,43.6000,0.673830
MERS,437,43.7000,1.126010
MERS,438,43.8000,0.841150
MERS,439,43.9000,1.061892
MERS,440,44.0000,1.257864
MERS,441,44.1000,1.105755
MERS,442,44.2000,1.391717
MERS,443,44.3000,0.997255
MERS,444,44.4000,1.053659
MERS,445,44.5000,1.039142
MERS,446,44.6000,1.090816
MERS,447,44.7000,1.182387
MERS,448,44.8000,1.070235
MERS,449,44.9000,1.017559
MERS,450,45.0000,1.211480
MERS,451,45.1000,1.171392
MERS,452,45.2000,1.024734
MERS,453,45.3000,0.825313
MERS,454,45.4000,1.129696
MERS,455,45.5000,0.669669
MERS,456,45.6000,1.088094
MERS,457,45.7000,1.038695
MERS,458,45.8000,1.055140
MERS,459,45.9000,0.954090
MERS,460,46.0000,1.481420
MERS,461,46.1000,1.015982
MERS,462,46.2000,0.912940
MERS,463,46.3000,1.289284
MERS,464,46.4000,0.852113
MERS,465,46.5000,1.305150
MERS,466,46.6000,1.147051
MERS,467,46.7000,1.093633
MERS,468,46.8000,1.014135
MERS,469,46.9000,0.858470
MERS,470,47.0000,0.973990
MERS,471,47.1000,1.233103
MERS,472,47.2000,0.907804
MERS,473,47.3000,1.267487
MERS,474,47.4000,0.779109
MERS,475,47.5000,0.917590
MERS,476,47.6000,1.242602
MERS,477,47.7000,1.299263
MERS,478,47.8000,1.251909
MERS,479,47.9000,1.056955
MERS,480,48.0000,1.006219
MERS,481,48.1000,1.217067
MERS,482,48.2000,1.151187
MERS,483,48.3000,0.738848
MERS,484,48.4000,0.706508
MERS,485,48.5000,1.120605
MERS,486,48.6000,1.038739
MERS,487,48.7000,1.084888
MERS,488,48.8000,1.297632
MERS,489,48.9000,0.951047
MERS,490,49.0000,0.897253
MERS,491,49.1000,1.175451
MERS,492,49.2000,1.024051
MERS,493,49.3000,0.818151
MERS,494,49.4000,1.111746
MERS,495,49.5000,0.727204
MERS,496,49.6000,1.228985
MERS,497,49.7000,0.936549
MERS,498,49.8000,1.234005
MERS,499,49.9000,1.125294
MERS,500,50.0000,1.015670
MERS,501,50.1000,0.894513
MERS,502,50.2000,0.736187
MERS,503,50.3000,1.149735
MERS,504,50.4000,0.976874
MERS,505,50.5000,1.060881
MERS,506,50.6000,1.004097
MERS,507,50.7000,0.766877
MERS,508,50.8000,1.066341
MERS,509,50.9000,1.055603
MERS,510,51.0000,0.957872
MERS,511,51.1000,0.911077
MERS,512,51.2000,0.796678
MERS,513,51.3000,1.265108
MERS,514,51.4000,0.980171
MERS,515,51.5000,1.170522
MERS,516,51.6000,0.665984
MERS,517,51.7000,0.869269
MERS,518,51.8000,1.021330
MERS,519,51.9000,0.984660
MERS,520,52.0000,1.088662
MERS,521,52.1000,1.035202
MERS,522,52.2000,0.820611
MERS,523,52.3000,1.263932
MERS,524,52.4000,1.136261
MERS,525,52.5000,0.939794
MERS,526,52.6000,1.125592
MERS,527,52.7000,1.055734
MERS,528,52.8000,0.968432
MERS,529,52.9000,1.225007
MERS,530,53.0000,1.111531
MERS,531,53.1000,1.110393
MERS,532,53.2000,1.043128
MERS,533,53.3000,1.108876
MERS,534,53.4000,1.120117
MERS,535,53.5000,1.294464
MERS,536,53.6000,1.047520
MERS,537,53.7000,1.103008
MERS,538,53.8000,1.264175
MERS,539,53.9000,1.018418
MERS,540,54.0000,0.906394
MERS,541,54.1000,1.130433
MERS,542,54.2000,1.369267
MERS,543,54.3000,1.070551
MERS,544,54.4000,0.715243
MERS,545,54.5000,1.023371
MERS,546,54.6000,0.932920
MERS,547,54.7000,0.891828
MERS,548,54.8000,0.995332
MERS,549,54.9000,1.086028
MERS,550,55.0000,0.817047
MERS,551,55.1000,0.697725
MERS,552,55.2000,1.095172
MERS,553,55.3000,1.012725
MERS,554,55.4000,1.062792
MERS,555,55.5000,0.665997
MERS,556,55.6000,1.183838
MERS,557,55.7000,1.142870
MERS,558,55.8000,1.206224
MERS,559,55.9000,0.960910
MERS,560,56.0000,0.816597
MERS,561,56.1000,1.245287
MERS,562,56.2000,1.059807
MERS,563,56.3000,0.962657
MERS,564,56.4000,0.863617
MERS,565,56.5000,1.168522
MERS,566,56.6000,1.062181
MERS,567,56.7000,1.013322
MERS,568,56.8000,0.965460
MERS,569,56.9000,0.978411
MERS,570,57.0000,1.179585
MERS,571,57.1000,1.037080
MERS,572,57.2000,0.890716
MERS,573,57.3000,1.165053
MERS,574,57.4000,0.898975
MERS,575,57.5000,0.906911
MERS,576,57.6000,0.682669
MERS,577,57.7000,1.121067
MERS,578,57.8000,0.993655
MERS,579,57.9000,1.073039
MERS,580,58.0000,0.996112
MERS,581,58.1000,1.045523
MERS,582,58.2000,0.996657
MERS,583,58.3000,1.087537
MERS,584,58.4000,1.148630
MERS,585,58.5000,1.141827
MERS,586,58.6000,0.927459
MERS,587,58.7000,0.959462
MERS,588,58.8000,1.132149
MERS,589,58.9000,1.052051
MERS,590,59.0000,1.046459
MERS,591,59.1000,0.853538
MERS,592,59.2000,1.062157
MERS,593,59.3000,1.199495
MERS,594,59.4000,0.873550
MERS,595,59.5000,0.854932
MERS,596,59.6000,1.063016
MERS,597,59.7000,0.990737
MERS,598,59.8000,0.963818
MERS,599,59.9000,1.091697
MERS,600,60.0000,0.966949
MERS,601,60.1000,0.950783
MERS,602,60.2000,1.127305
MERS,603,60.3000,1.101824
MERS,604,60.4000,1.147033
MERS,605,60.5000,1.137081
MERS,606,60.6000,1.049246
MERS,607,60.7000,0.890442
MERS,608,60.8000,1.132311
MERS,609,60.9000,1.158066
MERS,610,61.0000,1.187295
MERS,611,61.1000,1.273492
MERS,612,61.2000,1.069726
MERS,613,61.3000,0.970449
MERS,614,61.4000,1.094791
MERS,615,61.5000,0.911275
MERS,616,61.6000,1.139175
MERS,617,61.7000,1.008573
MERS,618,61.8000,1.091265
MERS,619,61.9000,1.111959
MERS,620,62.0000,0.805548
MERS,621,62.1000,0.969036
MERS,622,62.2000,1.021315
MERS,623,62.3000,0.952148
MERS,624,62.4000,0.674312
MERS,625,62.5000,0.511813
MERS,626,62.6000,1.002781
MERS,627,62.7000,0.916200
MERS,628,62.8000,0.839302
MERS,629,62.9000,1.172459
MERS,630,63.0000,1.118349
MERS,631,63.1000,0.971960
MERS,632,63.2000,0.834976
MERS,633,63.3000,1.265785
MERS,634,63.4000,0.999279
MERS,635,63.5000,1.020550
MERS,636,63.6000,1.154745
MERS,637,63.7000,1.123687
MERS,638,63.8000,1.041507
MERS,639,63.9000,1.007887
MERS,640,64.0000,1.094657
MERS,641,64.1000,1.259580
MERS,642,64.2000,1.037255
MERS,643,64.3000,0.918282
MERS,644,64.4000,1.074299
MERS,645,64.5000,0.760111
MERS,646,64.6000,0.868133
MERS,647,64.7000,0.955443
MERS,648,64.8000,0.929181
MERS,649,64.9000,1.149175
MERS,650,65.0000,1.155644
MERS,651,65.1000,0.965873
MERS,652,65.2000,0.945690
MERS,653,65.3000,0.975522
MERS,654,65.4000,0.860334
MERS,655,65.5000,1.219655
MERS,656,65.6000,1.612670
MERS,657,65.7000,0.520853
MERS,658,65.8000,0.850039
MERS,659,65.9000,1.080044
MERS,660,66.0000,1.116146
MERS,661,66.1000,0.946578
MERS,662,66.2000,1.096775
MERS,663,66.3000,0.751738
MERS,664,66.4000,0.661119
MERS,665,66.5000,1.200540
MERS,666,66.6000,1.224451
MERS,667,66.7000,0.985307
MERS,668,66.8000,1.170531
MERS,669,66.9000,1.075906
MERS,670,67.0000,1.041194
MERS,671,67.1000,1.041470
MERS,672,67.2000,1.014349
MERS,673,67.3000,0.852061
MERS,674,67.4000,1.073328
MERS,675,67.5000,0.968130
MERS,676,67.6000,1.109435
MERS,677,67.7000,1.002920
MERS,678,67.8000,0.796882
MERS,679,67.9000,1.168962
MERS,680,68.0000,1.031196
MERS,681,68.1000,0.915009
MERS,682,68.2000,1.307813
MERS,683,68.3000,0.997969
MERS,684,68.4000,0.987894
MERS,685,68.5000,0.877356
MERS,686,68.6000,0.985288
MERS,687,68.7000,0.999392
MERS,688,68.8000,0.998475
MERS,689,68.9000,1.028656
MERS,690,69.0000,0.986885
MERS,691,69.1000,0.892567
MERS,692,69.2000,1.176276
MERS,693,69.3000,0.881200
MERS,694,69.4000,1.144001
MERS,695,69.5000,0.977252
MERS,696,69.6000,1.103851
MERS,697,69.7000,1.138342
MERS,698,69.8000,1.235456
MERS,699,69.9000,1.050241
MERS,700,70.0000,1.126978
MERS,701,70.1000,1.144704
MERS,702,70.2000,0.994088
MERS,703,70.3000,1.041582
MERS,704,70.4000,1.139545
MERS,705,70.5000,1.035226
MERS,706,70.6000,1.218848
MERS,707,70.7000,0.918960
MERS,708,70.8000,0.921986
MERS,709,70.9000,1.085220
MERS,710,71.0000,0.948313
MERS,711,71.1000,1.078675
MERS,712,71.2000,1.023158
MERS,713,71.3000,1.108059
MERS,714,71.4000,0.981649
MERS,715,71.5000,1.007235
MERS,716,71.6000,1.129435
MERS,717,71.7000,1.235146
MERS,718,71.8000,0.871953
MERS,719,71.9000,1.028723
MERS,720,72.0000,1.203428
MERS,721,72.1000,1.058888
MERS,722,72.2000,0.861878
MERS,723,72.3000,0.942190
MERS,724,72.4000,0.967669
MERS,725,72.5000,1.175692
MERS,726,72.6000,1.106201
MERS,727,72.7000,1.072454
MERS,728,72.8000,0.987547
MERS,729,72.9000,0.910064
MERS,730,73.0000,1.050972
MERS,731,73.1000,1.001777
MERS,732,73.2000,1.046841
MERS,733,73.3000,1.316906
MERS,734,73.4000,1.176802
MERS,735,73.5000,1.087571
MERS,736,73.6000,1.154155
MERS,737,73.7000,0.929969
MERS,738,73.8000,1.025060
MERS,739,73.9000,1.133932
MERS,740,74.0000,1.116029
MERS,741,74.1000,1.202047
MERS,742,74.2000,1.042850
MERS,743,74.3000,1.082665
MERS,744,74.4000,0.993838
MERS,745,74.5000,1.139089
MERS,746,74.6000,0.975193
MERS,747,74.7000,1.136877
MERS,748,74.8000,1.130235
MERS,749,74.9000,0.956904
MERS,750,75.0000,0.851210
MERS,751,75.1000,0.990761
MERS,752,75.2000,1.066526
MERS,753,75.3000,0.824879
MERS,754,75.4000,1.082047
MERS,755,75.5000,0.753489
MERS,756,75.6000,1.234216
MERS,757,75.7000,0.769727
MERS,758,75.8000,1.084156
MERS,759,75.9000,0.888919
MERS,760,76.0000,0.902224
MERS,761,76.1000,1.063021
MERS,762,76.2000,1.064814
MERS,763,76.3000,1.194670
MERS,764,76.4000,0.943623
MERS,765,76.5000,1.233699
MERS,766,76.6000,1.161561
MERS,767,76.7000,0.751311
MERS,768,76.8000,1.301730
MERS,769,76.9000,1.036648
MERS,770,77.0000,1.009967
MERS,771,77.1000,1.282803
MERS,772,77.2000,0.956262
MERS,773,77.3000,0.920140
MERS,774,77.4000,0.922527
MERS,775,77.5000,0.444068
MERS,776,77.6000,0.903091
MERS,777,77.7000,1.101711
MERS,778,77.8000,1.217271
MERS,779,77.9000,1.411148
MERS,780,78.0000,1.019784
MERS,781,78.1000,1.155303
MERS,782,78.2000,1.071515
MERS,783,78.3000,1.066294
MERS,784,78.4000,1.282019
MERS,785,78.5000,1.233273
MERS,786,78.6000,1.013418
MERS,787,78.7000,1.102342
MERS,788,78.8000,1.234406
MERS,789,78.9000,1.111280
MERS,790,79.0000,1.266240
MERS,791,79.1000,0.828513
MERS,792,79.2000,1.132518
MERS,793,79.3000,0.714502
MERS,794,79.4000,0.946714
MERS,795,79.5000,1.117431
MERS,796,79.6000,1.159590
MERS,797,79.7000,0.871253
MERS,798,79.8000,0.707211
MERS,799,79.9000,1.068214
MERS,800,80.0000,0.939221
MERS,801,80.1000,1.113245
MERS,802,80.2000,1.073424
MERS,803,80.3000,1.113816
MERS,804,80.4000,1.191681
MERS,805,80.5000,0.947212
MERS,806,80.6000,0.933051
MERS,807,80.7000,1.188209
MERS,808,80.8000,1.047254
MERS,809,80.9000,0.930049
MERS,810,81.0000,1.180384
MERS,811,81.1000,1.132997
MERS,812,81.2000,1.054591
MERS,813,81.3000,1.038279
MERS,814,81.4000,0.953039
MERS,815,81.5000,1.191054
MERS,816,81.6000,1.088480
MERS,817,81.7000,1.169752
MERS,818,81.8000,1.088100
MERS,819,81.9000,1.009267
MERS,820,82.0000,1.119349
MERS,821,82.1000,1.087421
MERS,822,82.2000,1.003215
MERS,823,82.3000,1.179780
MERS,824,82.4000,1.061402
MERS,825,82.5000,1.172268
MERS,826,82.6000,1.052502
MERS,827,82.7000,1.139184
MERS,828,82.8000,1.035116
MERS,829,82.9000,1.098742
MERS,830,83.0000,1.055389
MERS,831,83.1000,1.090641
MERS,832,83.2000,1.116701
MERS,833,83.3000,0.879105
MERS,834,83.4000,1.108674
MERS,835,83.5000,1.521945
MERS,836,83.6000,1.094069
MERS,837,83.7000,1.166298
MERS,838,83.8000,0.982408
MERS,839,83.9000,0.898342
MERS,840,84.0000,0.921611
MERS,841,84.1000,1.095071
MERS,842,84.2000,1.188729
MERS,843,84.3000,0.661135
MERS,844,84.4000,0.962357
MERS,845,84.5000,1.295118
MERS,846,84.6000,0.960076
MERS,847,84.7000,1.114851
MERS,848,84.8000,1.080638
MERS,849,84.9000,0.933734
MERS,850,85.0000,1.270967
MERS,851,85.1000,1.053641
MERS,852,85.2000,1.251060
MERS,853,85.3000,1.100888
MERS,854,85.4000,0.839742
MERS,855,85.5000,1.025595
MERS,856,85.6000,0.937464
MERS,857,85.7000,1.153120
MERS,858,85.8000,1.139668
MERS,859,85.9000,0.963158
MERS,860,86.0000,0.873473
MERS,861,86.1000,1.200091
MERS,862,86.2000,0.969670
MERS,863,86.3000,1.086424
MERS,864,86.4000,1.111179
MERS,865,86.5000,1.129383
MERS,866,86.6000,1.019173
MERS,867,86.7000,0.944328
MERS,868,86.8000,1.056005
MERS,869,86.9000,1.142928
MERS,870,87.0000,0.969802
MERS,871,87.1000,1.096829
MERS,872,87.2000,1.257248
MERS,873,87.3000,1.136096
MERS,874,87.4000,1.110248
MERS,875,87.5000,1.186193
MERS,876,87.6000,1.188626
MERS,877,87.7000,1.127184
MERS,878,87.8000,1.038454
MERS,879,87.9000,1.122322
MERS,880,88.0000,0.829835
MERS,881,88.1000,1.146107
MERS,882,88.2000,1.024454
MERS,883,88.3000,0.940579
MERS,884,88.4000,1.174514
MERS,885,88.5000,1.028047
MERS,886,88.6000,0.946383
MERS,887,88.7000,0.962000
MERS,888,88.8000,0.998489
MERS,889,88.9000,1.207744
MERS,890,89.0000,1.069615
MERS,891,89.1000,0.911514
MERS,892,89.2000,1.105084
MERS,893,89.3000,1.046867
MERS,894,89.4000,1.157432
MERS,895,89.5000,1.118324
MERS,896,89.6000,1.095209
MERS,897,89.7000,1.301999
MERS,898,89.8000,1.095881
MERS,899,89.9000,1.159124
MERS,900,90.0000,1.202320
MERS,901,90.1000,1.192354
MERS,902,90.2000,1.091884
MERS,903,90.3000,1.166555
MERS,904,90.4000,0.928604
MERS,905,90.5000,1.265075
MERS,906,90.6000,1.151914
MERS,907,90.7000,1.215892
MERS,908,90.8000,0.870728
MERS,909,90.9000,0.891730
MERS,910,91.0000,1.041943
MERS,911,91.1000,0.952839
MERS,912,91.2000,1.039806
MERS,913,91.3000,1.139958
MERS,914,91.4000,1.014799
MERS,915,91.5000,1.106611
MERS,916,91.6000,1.009317
MERS,917,91.7000,1.171319
MERS,918,91.8000,0.892323
MERS,919,91.9000,1.143449
MERS,920,92.0000,1.137844
MERS,921,92.1000,1.283905
MERS,922,92.2000,1.106774
MERS,923,92.3000,1.120828
MERS,924,92.4000,1.238998
MERS,925,92.5000,1.014665
MERS,926,92.6000,1.061543
MERS,927,92.7000,1.171947
MERS,928,92.8000,1.079813
MERS,929,92.9000,0.906985
MERS,930,93.0000,1.155997
MERS,931,93.1000,1.030604
MERS,932,93.2000,1.239229
MERS,933,93.3000,1.039272
MERS,934,93.4000,1.084623
MERS,935,93.5000,1.078464
MERS,936,93.6000,1.042001
MERS,937,93.7000,1.248655
MERS,938,93.8000,0.960800
MERS,939,93.9000,1.047727
MERS,940,94.0000,1.145182
MERS,941,94.1000,0.931180
MERS,942,94.2000,1.165113
MERS,943,94.3000,1.020824
MERS,944,94.4000,1.056455
MERS,945,94.5000,1.096927
MERS,946,94.6000,0.798032
MERS,947,94.7000,1.026237
MERS,948,94.8000,1.178222
MERS,949,94.9000,0.997642
MERS,950,95.0000,1.149577
MERS,951,95.1000,0.784759
MERS,952,95.2000,1.225012
MERS,953,95.3000,1.248492
MERS,954,95.4000,0.926202
MERS,955,95.5000,1.292094
MERS,956,95.6000,1.141469
MERS,957,95.7000,1.148224
MERS,958,95.8000,1.015529
MERS,959,95.9000,1.077088
MERS,960,96.0000,1.105782
MERS,961,96.1000,1.355014
MERS,962,96.2000,1.377345
MERS,963,96.3000,1.017555
MERS,964,96.4000,1.187234
MERS,965,96.5000,1.105327
MERS,966,96.6000,1.013072
MERS,967,96.7000,0.689973
MERS,968,96.8000,0.811816
MERS,969,96.9000,1.216683
MERS,970,97.0000,1.092659
MERS,971,97.1000,0.920667
MERS,972,97.2000,1.244587
MERS,973,97.3000,1.188350
MERS,974,97.4000,0.764409
MERS,975,97.5000,1.104652
MERS,976,97.6000,0.916525
MERS,977,97.7000,1.033299
MERS,978,97.8000,0.946161
MERS,979,97.9000,1.002640
MERS,980,98.0000,1.018766
MERS,981,98.1000,0.935961
MERS,982,98.2000,1.114162
MERS,983,98.3000,1.075424
MERS,984,98.4000,1.000269
MERS,985,98.5000,1.179603
MERS,986,98.6000,1.088746
MERS,987,98.7000,1.108229
MERS,988,98.8000,1.117519
MERS,989,98.9000,1.112098
MERS,990,99.0000,1.107709
MERS,991,99.1000,0.764285
MERS,992,99.2000,1.095687
MERS,993,99.3000,1.150677
MERS,994,99.4000,1.098567
MERS,995,99.5000,0.854213
MERS,996,99.6000,1.114676
MERS,997,99.7000,0.983189
MERS,998,99.8000,1.139623
MERS,999,99.9000,1.176942
MERS,1000,100.0000,1.434279
SARS1,0,0.0000,0.002082
SARS1,1,0.1000,0.718591
SARS1,2,0.2000,1.084155
SARS1,3,0.3000,1.445505
SARS1,4,0.4000,1.667926
SARS1,5,0.5000,1.030058
SARS1,6,0.6000,1.563925
SARS1,7,0.7000,1.470761
SARS1,8,0.8000,1.745521
SARS1,9,0.9000,1.693966
SARS1,10,1.0000,1.813934
SARS1,11,1.1000,1.620452
SARS1,12,1.2000,1.296561
SARS1,13,1.3000,1.650289
SARS1,14,1.4000,1.517792
SARS1,15,1.5000,1.839785
SARS1,16,1.6000,1.516861
SARS1,17,1.7000,1.667436
SARS1,18,1.8000,1.586915
SARS1,19,1.9000,1.748758
SARS1,20,2.0000,1.748937
SARS1,21,2.1000,1.506334
SARS1,22,2.2000,1.665612
SARS1,23,2.3000,1.757766
SARS1,24,2.4000,1.913979
SARS1,25,2.5000,1.813762
SARS1,26,2.6000,1.640355
SARS1,27,2.7000,1.584784
SARS1,28,2.8000,1.654345
SARS1,29,2.9000,1.692405
SARS1,30,3.0000,1.601408
SARS1,31,3.1000,1.641667
SARS1,32,3.2000,1.531460
SARS1,33,3.3000,1.543964
SARS1,34,3.4000,1.716189
SARS1,35,3.5000,1.683106
SARS1,36,3.6000,1.657030
SARS1,37,3.7000,1.491564
SARS1,38,3.8000,1.695976
SARS1,39,3.9000,1.926592
SARS1,40,4.0000,1.603571
SARS1,41,4.1000,1.766725
SARS1,42,4.2000,1.829858
SARS1,43,4.3000,1.961875
SARS1,44,4.4000,1.709174
SARS1,45,4.5000,1.801003
SARS1,46,4.6000,1.940920
SARS1,47,4.7000,1.721604
SARS1,48,4.8000,1.867000
SARS1,49,4.9000,1.690688
SARS1,50,5.0000,1.633944
SARS1,51,5.1000,1.720217
SARS1,52,5.2000,1.647870
SARS1,53,5.3000,1.719098
SARS1,54,5.4000,1.643762
SARS1,55,5.5000,1.571762
SARS1,56,5.6000,1.616887
SARS1,57,5.7000,1.789369
SARS1,58,5.8000,1.611187
SARS1,59,5.9000,1.870763
SARS1,60,6.0000,1.722938
SARS1,61,6.1000,1.645396
SARS1,62,6.2000,1.641967
SARS1,63,6.3000,1.862545
SARS1,64,6.4000,1.657325
SARS1,65,6.5000,1.510973
SARS1,66,6.6000,1.558699
SARS1,67,6.7000,1.755869
SARS1,68,6.8000,1.797760
SARS1,69,6.9000,0.797430
SARS1,70,7.0000,1.119047
SARS1,71,7.1000,1.154847
SARS1,72,7.2000,1.289244
SARS1,73,7.3000,1.142639
SARS1,74,7.4000,1.115359
SARS1,75,7.5000,0.949587
SARS1,76,7.6000,1.020044
SARS1,77,7.7000,0.913342
SARS1,78,7.8000,0.975904
SARS1,79,7.9000,1.865469
SARS1,80,8.0000,1.092160
SARS1,81,8.1000,1.265514
SARS1,82,8.2000,1.145972
SARS1,83,8.3000,0.860531
SARS1,84,8.4000,1.217441
SARS1,85,8.5000,1.125911
SARS1,86,8.6000,1.650945
SARS1,87,8.7000,1.796404
SARS1,88,8.8000,1.967747
SARS1,89,8.9000,0.942263
SARS1,90,9.0000,0.713643
SARS1,91,9.1000,0.735016
SARS1,92,9.2000,0.513738
SARS1,93,9.3000,0.315716
SARS1,94,9.4000,0.964614
SARS1,95,9.5000,1.193896
SARS1,96,9.6000,1.021518
SARS1,97,9.7000,1.131075
SARS1,98,9.8000,1.300553
SARS1,99,9.9000,1.324952
SARS1,100,10.0000,0.912260
SARS1,101,10.1000,1.170643
SARS1,102,10.2000,0.721921
SARS1,103,10.3000,0.408891
SARS1,104,10.4000,0.674972
SARS1,105,10.5000,1.096922
SARS1,106,10.6000,0.509721
SARS1,107,10.7000,1.117359
SARS1,108,10.8000,0.335857
SARS1,109,10.9000,0.963557
SARS1,110,11.0000,0.980180
SARS1,111,11.1000,0.668021
SARS1,112,11.2000,1.147066
SARS1,113,11.3000,0.496550
SARS1,114,11.4000,1.286622
SARS1,115,11.5000,1.377502
SARS1,116,11.6000,1.412938
SARS1,117,11.7000,1.339711
SARS1,118,11.8000,1.382525
SARS1,119,11.9000,1.933482
SARS1,120,12.0000,1.285123
SARS1,121,12.1000,1.250767
SARS1,122,12.2000,1.439277
SARS1,123,12.3000,0.975328
SARS1,124,12.4000,1.217470
SARS1,125,12.5000,0.985996
SARS1,126,12.6000,0.817731
SARS1,127,12.7000,0.871518
SARS1,128,12.8000,1.104810
SARS1,129,12.9000,0.928969
SARS1,130,13.0000,0.882874
SARS1,131,13.1000,0.593814
SARS1,132,13.2000,0.765776
SARS1,133,13.3000,1.075482
SARS1,134,13.4000,0.443486
SARS1,135,13.5000,0.455909
SARS1,136,13.6000,1.086670
SARS1,137,13.7000,0.929556
SARS1,138,13.8000,0.720457
SARS1,139,13.9000,1.130039
SARS1,140,14.0000,2.023170
SARS1,141,14.1000,2.021478
SARS1,142,14.2000,1.529646
SARS1,143,14.3000,1.970948
SARS1,144,14.4000,1.649190
SARS1,145,14.5000,0.974226
SARS1,146,14.6000,0.763441
SARS1,147,14.7000,0.625979
SARS1,148,14.8000,0.864502
SARS1,149,14.9000,1.401881
SARS1,150,15.0000,0.968652
SARS1,151,15.1000,0.844404
SARS1,152,15.2000,0.734781
SARS1,153,15.3000,0.630041
SARS1,154,15.4000,1.228336
SARS1,155,15.5000,0.663439
SARS1,156,15.6000,1.167507
SARS1,157,15.7000,0.519315
SARS1,158,15.8000,1.862982
SARS1,159,15.9000,1.087155
SARS1,160,16.0000,1.419928
SARS1,161,16.1000,1.369976
SARS1,162,16.2000,0.912093
SARS1,163,16.3000,1.131415
SARS1,164,16.4000,1.641602
SARS1,165,16.5000,1.657705
SARS1,166,16.6000,0.788796
SARS1,167,16.7000,0.599920
SARS1,168,16.8000,0.703405
SARS1,169,16.9000,1.487103
SARS1,170,17.0000,1.403417
SARS1,171,17.1000,1.375282
SARS1,172,17.2000,1.321857
SARS1,173,17.3000,1.639221
SARS1,174,17.4000,1.578368
SARS1,175,17.5000,2.182509
SARS1,176,17.6000,1.727779
SARS1,177,17.7000,1.605693
SARS1,178,17.8000,1.514716
SARS1,179,17.9000,1.685664
SARS1,180,18.0000,1.487250
SARS1,181,18.1000,1.658415
SARS1,182,18.2000,1.759422
SARS1,183,18.3000,1.810910
SARS1,184,18.4000,1.707420
SARS1,185,18.5000,1.619371
SARS1,186,18.6000,1.755833
SARS1,187,18.7000,1.498021
SARS1,188,18.8000,1.799486
SARS1,189,18.9000,1.604425
SARS1,190,19.0000,1.692678
SARS1,191,19.1000,1.834481
SARS1,192,19.2000,1.506451
SARS1,193,19.3000,1.214763
SARS1,194,19.4000,0.660715
SARS1,195,19.5000,1.685913
SARS1,196,19.6000,1.439611
SARS1,197,19.7000,1.522246
SARS1,198,19.8000,0.710939
SARS1,199,19.9000,0.937403
SARS1,200,20.0000,1.068925
SARS1,201,20.1000,1.047679
SARS1,202,20.2000,1.759577
SARS1,203,20.3000,0.721543
SARS1,204,20.4000,0.893567
SARS1,205,20.5000,1.705921
SARS1,206,20.6000,1.284825
SARS1,207,20.7000,1.939467
SARS1,208,20.8000,1.248191
SARS1,209,20.9000,1.800040
SARS1,210,21.0000,0.582604
SARS1,211,21.1000,0.807146
SARS1,212,21.2000,1.403427
SARS1,213,21.3000,0.968444
SARS1,214,21.4000,1.579775
SARS1,215,21.5000,1.505998
SARS1,216,21.6000,1.561883
SARS1,217,21.7000,1.424218
SARS1,218,21.8000,0.801194
SARS1,219,21.9000,0.645308
SARS1,220,22.0000,1.578017
SARS1,221,22.1000,1.480479
SARS1,222,22.2000,1.575791
SARS1,223,22.3000,1.594271
SARS1,224,22.4000,1.563828
SARS1,225,22.5000,1.706677
SARS1,226,22.6000,1.462762
SARS1,227,22.7000,1.532385
SARS1,228,22.8000,1.753084
SARS1,229,22.9000,1.519615
SARS1,230,23.0000,1.710845
SARS1,231,23.1000,0.952408
SARS1,232,23.2000,0.618031
SARS1,233,23.3000,1.120347
SARS1,234,23.4000,1.659096
SARS1,235,23.5000,1.759883
SARS1,236,23.6000,0.741289
SARS1,237,23.7000,1.821341
SARS1,238,23.8000,0.913940
SARS1,239,23.9000,0.772178
SARS1,240,24.0000,0.589610
SARS1,241,24.1000,0.711731
SARS1,242,24.2000,1.471025
SARS1,243,24.3000,1.340227
SARS1,244,24.4000,1.039494
SARS1,245,24.5000,0.436345
SARS1,246,24.6000,0.970268
SARS1,247,24.7000,1.604231
SARS1,248,24.8000,1.512174
SARS1,249,24.9000,1.610604
SARS1,250,25.0000,1.792559
SARS1,251,25.1000,1.345602
SARS1,252,25.2000,1.734611
SARS1,253,25.3000,1.590468
SARS1,254,25.4000,1.443461
SARS1,255,25.5000,1.392352
SARS1,256,25.6000,1.710637
SARS1,257,25.7000,1.676416
SARS1,258,25.8000,1.684108
SARS1,259,25.9000,1.765301
SARS1,260,26.0000,1.445667
SARS1,261,26.1000,1.794056
SARS1,262,26.2000,0.596443
SARS1,263,26.3000,1.844007
SARS1,264,26.4000,1.824992
SARS1,265,26.5000,0.572615
SARS1,266,26.6000,1.213225
SARS1,267,26.7000,0.979698
SARS1,268,26.8000,0.752525
SARS1,269,26.9000,1.167876
SARS1,270,27.0000,0.530597
SARS1,271,27.1000,0.910926
SARS1,272,27.2000,1.472547
SARS1,273,27.3000,0.946395
SARS1,274,27.4000,1.046941
SARS1,275,27.5000,1.776340
SARS1,276,27.6000,1.483763
SARS1,277,27.7000,1.456783
SARS1,278,27.8000,1.555780
SARS1,279,27.9000,1.313627
SARS1,280,28.0000,0.450002
SARS1,281,28.1000,0.473585
SARS1,282,28.2000,0.416852
SARS1,283,28.3000,0.923070
SARS1,284,28.4000,0.630103
SARS1,285,28.5000,1.461408
SARS1,286,28.6000,1.546699
SARS1,287,28.7000,1.668545
SARS1,288,28.8000,1.094697
SARS1,289,28.9000,2.258901
SARS1,290,29.0000,1.483932
SARS1,291,29.1000,1.858962
SARS1,292,29.2000,1.881620
SARS1,293,29.3000,1.717919
SARS1,294,29.4000,1.942614
SARS1,295,29.5000,1.514287
SARS1,296,29.6000,1.432562
SARS1,297,29.7000,1.589772
SARS1,298,29.8000,1.517176
SARS1,299,29.9000,1.368410
SARS1,300,30.0000,1.539157
SARS1,301,30.1000,1.458049
SARS1,302,30.2000,1.693432
SARS1,303,30.3000,1.842414
SARS1,304,30.4000,1.779598
SARS1,305,30.5000,1.986287
SARS1,306,30.6000,1.738340
SARS1,307,30.7000,1.424691
SARS1,308,30.8000,1.574154
SARS1,309,30.9000,1.240751
SARS1,310,31.0000,1.390236
SARS1,311,31.1000,1.543300
SARS1,312,31.2000,1.434758
SARS1,313,31.3000,1.153428
SARS1,314,31.4000,1.362571
SARS1,315,31.5000,1.391465
SARS1,316,31.6000,1.413344
SARS1,317,31.7000,2.013901
SARS1,318,31.8000,1.738533
SARS1,319,31.9000,1.866268
SARS1,320,32.0000,1.983404
SARS1,321,32.1000,2.016017
SARS1,322,32.2000,1.912080
SARS1,323,32.3000,1.541957
SARS1,324,32.4000,1.552909
SARS1,325,32.5000,1.269063
SARS1,326,32.6000,1.331312
SARS1,327,32.7000,1.896456
SARS1,328,32.8000,1.846592
SARS1,329,32.9000,1.297979
SARS1,330,33.0000,1.851006
SARS1,331,33.1000,1.931280
SARS1,332,33.2000,1.468862
SARS1,333,33.3000,1.397687
SARS1,334,33.4000,1.278049
SARS1,335,33.5000,1.841540
SARS1,336,33.6000,1.850068
SARS1,337,33.7000,1.295728
SARS1,338,33.8000,1.460227
SARS1,339,33.9000,1.150224
SARS1,340,34.0000,1.122054
SARS1,341,34.1000,1.444260
SARS1,342,34.2000,1.041796
SARS1,343,34.3000,1.352141
SARS1,344,34.4000,1.183147
SARS1,345,34.5000,1.545710
SARS1,346,34.6000,1.333487
SARS1,347,34.7000,0.948673
SARS1,348,34.8000,1.140032
SARS1,349,34.9000,1.153535
SARS1,350,35.0000,1.479417
SARS1,351,35.1000,1.584902
SARS1,352,35.2000,1.406708
SARS1,353,35.3000,1.964637
SARS1,354,35.4000,1.889776
SARS1,355,35.5000,2.078049
SARS1,356,35.6000,1.654593
SARS1,357,35.7000,1.161733
SARS1,358,35.8000,1.359989
SARS1,359,35.9000,1.639780
SARS1,360,36.0000,1.432863
SARS1,361,36.1000,1.397373
SARS1,362,36.2000,1.269961
SARS1,363,36.3000,1.443738
SARS1,364,36.4000,1.588640
SARS1,365,36.5000,2.136304
SARS1,366,36.6000,1.903716
SARS1,367,36.7000,1.820150
SARS1,368,36.8000,1.477900
SARS1,369,36.9000,2.005494
SARS1,370,37.0000,1.736112
SARS1,371,37.1000,1.778745
SARS1,372,37.2000,1.839704
SARS1,373,37.3000,2.119658
SARS1,374,37.4000,1.665323
SARS1,375,37.5000,1.072275
SARS1,376,37.6000,1.486431
SARS1,377,37.7000,1.411089
SARS1,378,37.8000,0.889199
SARS1,379,37.9000,1.362001
SARS1,380,38.0000,1.472229
SARS1,381,38.1000,0.789069
SARS1,382,38.2000,1.526610
SARS1,383,38.3000,1.341087
SARS1,384,38.4000,1.374133
SARS1,385,38.5000,1.450217
SARS1,386,38.6000,1.520100
SARS1,387,38.7000,1.403134
SARS1,388,38.8000,1.638798
SARS1,389,38.9000,1.408729
SARS1,390,39.0000,1.397833
SARS1,391,39.1000,1.925759
SARS1,392,39.2000,2.146434
SARS1,393,39.3000,1.907959
SARS1,394,39.4000,2.055366
SARS1,395,39.5000,1.977311
SARS1,396,39.6000,1.564588
SARS1,397,39.7000,1.582670
SARS1,398,39.8000,1.423281
SARS1,399,39.9000,1.610830
SARS1,400,40.0000,1.548854
SARS1,401,40.1000,1.569957
SARS1,402,40.2000,1.462414
SARS1,403,40.3000,1.371181
SARS1,404,40.4000,1.291743
SARS1,405,40.5000,1.500924
SARS1,406,40.6000,1.844693
SARS1,407,40.7000,1.432775
SARS1,408,40.8000,0.881472
SARS1,409,40.9000,0.860475
SARS1,410,41.0000,0.786509
SARS1,411,41.1000,0.792774
SARS1,412,41.2000,1.317791
SARS1,413,41.3000,1.453116
SARS1,414,41.4000,1.183697
SARS1,415,41.5000,1.210930
SARS1,416,41.6000,1.409309
SARS1,417,41.7000,1.984654
SARS1,418,41.8000,1.817303
SARS1,419,41.9000,2.288894
SARS1,420,42.0000,2.253433
SARS1,421,42.1000,1.900859
SARS1,422,42.2000,1.099241
SARS1,423,42.3000,1.544376
SARS1,424,42.4000,1.428733
SARS1,425,42.5000,1.114649
SARS1,426,42.6000,1.727459
SARS1,427,42.7000,1.154752
SARS1,428,42.8000,1.437966
SARS1,429,42.9000,1.674459
SARS1,430,43.0000,2.046929
SARS1,431,43.1000,1.395237
SARS1,432,43.2000,1.763942
SARS1,433,43.3000,1.634226
SARS1,434,43.4000,2.196836
SARS1,435,43.5000,1.819094
SARS1,436,43.6000,2.101010
SARS1,437,43.7000,1.774341
SARS1,438,43.8000,1.711615
SARS1,439,43.9000,1.678065
SARS1,440,44.0000,1.832756
SARS1,441,44.1000,0.923158
SARS1,442,44.2000,1.035836
SARS1,443,44.3000,1.385612
SARS1,444,44.4000,1.235066
SARS1,445,44.5000,1.218854
SARS1,446,44.6000,1.122621
SARS1,447,44.7000,0.860061
SARS1,448,44.8000,0.895319
SARS1,449,44.9000,0.995328
SARS1,450,45.0000,1.307524
SARS1,451,45.1000,1.085965
SARS1,452,45.2000,1.195980
SARS1,453,45.3000,1.107279
SARS1,454,45.4000,1.091731
SARS1,455,45.5000,1.297460
SARS1,456,45.6000,0.906044
SARS1,457,45.7000,1.285493
SARS1,458,45.8000,0.940251
SARS1,459,45.9000,1.417950
SARS1,460,46.0000,0.963536
SARS1,461,46.1000,0.987932
SARS1,462,46.2000,0.824461
SARS1,463,46.3000,1.575688
SARS1,464,46.4000,1.503999
SARS1,465,46.5000,1.509321
SARS1,466,46.6000,1.079897
SARS1,467,46.7000,1.247042
SARS1,468,46.8000,1.394715
SARS1,469,46.9000,1.232795
SARS1,470,47.0000,1.166552
SARS1,471,47.1000,1.775695
SARS1,472,47.2000,1.463751
SARS1,473,47.3000,1.087023
SARS1,474,47.4000,1.389426
SARS1,475,47.5000,0.850326
SARS1,476,47.6000,1.047949
SARS1,477,47.7000,1.509371
SARS1,478,47.8000,1.102592
SARS1,479,47.9000,0.943062
SARS1,480,48.0000,0.970941
SARS1,481,48.1000,1.466821
SARS1,482,48.2000,1.728052
SARS1,483,48.3000,1.350859
SARS1,484,48.4000,1.234266
SARS1,485,48.5000,1.511844
SARS1,486,48.6000,1.379356
SARS1,487,48.7000,1.002237
SARS1,488,48.8000,1.040704
SARS1,489,48.9000,1.250001
SARS1,490,49.0000,1.108226
SARS1,491,49.1000,1.035325
SARS1,492,49.2000,1.256194
SARS1,493,49.3000,0.956561
SARS1,494,49.4000,1.286402
SARS1,495,49.5000,0.864728
SARS1,496,49.6000,1.513581
SARS1,497,49.7000,1.689515
SARS1,498,49.8000,0.689346
SARS1,499,49.9000,0.932423
SARS1,500,50.0000,1.174010
SARS1,501,50.1000,1.206145
SARS1,502,50.2000,1.180331
SARS1,503,50.3000,1.289500
SARS1,504,50.4000,0.994236
SARS1,505,50.5000,1.301537
SARS1,506,50.6000,1.641934
SARS1,507,50.7000,1.509099
SARS1,508,50.8000,1.082498
SARS1,509,50.9000,1.532438
SARS1,510,51.0000,0.996032
SARS1,511,51.1000,1.136966
SARS1,512,51.2000,1.067185
SARS1,513,51.3000,0.671400
SARS1,514,51.4000,1.175907
SARS1,515,51.5000,1.506938
SARS1,516,51.6000,0.876285
SARS1,517,51.7000,1.078066
SARS1,518,51.8000,0.973463
SARS1,519,51.9000,1.773798
SARS1,520,52.0000,0.836333
SARS1,521,52.1000,1.521057
SARS1,522,52.2000,1.424105
SARS1,523,52.3000,1.273768
SARS1,524,52.4000,1.640120
SARS1,525,52.5000,1.201205
SARS1,526,52.6000,1.807902
SARS1,527,52.7000,0.983848
SARS1,528,52.8000,1.257287
SARS1,529,52.9000,1.381405
SARS1,530,53.0000,1.618171
SARS1,531,53.1000,1.738865
SARS1,532,53.2000,1.088988
SARS1,533,53.3000,1.720661
SARS1,534,53.4000,1.085585
SARS1,535,53.5000,0.950721
SARS1,536,53.6000,1.108119
SARS1,537,53.7000,1.202298
SARS1,538,53.8000,0.941711
SARS1,539,53.9000,0.842932
SARS1,540,54.0000,0.921306
SARS1,541,54.1000,0.847016
SARS1,542,54.2000,1.041772
SARS1,543,54.3000,1.180931
SARS1,544,54.4000,1.153946
SARS1,545,54.5000,1.100520
SARS1,546,54.6000,1.084825
SARS1,547,54.7000,1.035575
SARS1,548,54.8000,0.968351
SARS1,549,54.9000,1.015172
SARS1,550,55.0000,0.903561
SARS1,551,55.1000,1.101162
SARS1,552,55.2000,1.182402
SARS1,553,55.3000,0.951780
SARS1,554,55.4000,1.147697
SARS1,555,55.5000,1.725529
SARS1,556,55.6000,1.833327
SARS1,557,55.7000,0.602159
SARS1,558,55.8000,0.648583
SARS1,559,55.9000,0.670237
SARS1,560,56.0000,0.639376
SARS1,561,56.1000,0.964338
SARS1,562,56.2000,0.373278
SARS1,563,56.3000,0.326479
SARS1,564,56.4000,0.564891
SARS1,565,56.5000,0.638149
SARS1,566,56.6000,0.962577
SARS1,567,56.7000,0.590817
SARS1,568,56.8000,0.868805
SARS1,569,56.9000,1.067214
SARS1,570,57.0000,0.560088
SARS1,571,57.1000,1.070202
SARS1,572,57.2000,0.646832
SARS1,573,57.3000,1.082102
SARS1,574,57.4000,0.844733
SARS1,575,57.5000,0.826471
SARS1,576,57.6000,0.466999
SARS1,577,57.7000,0.549372
SARS1,578,57.8000,0.665702
SARS1,579,57.9000,0.694379
SARS1,580,58.0000,0.819291
SARS1,581,58.1000,0.630471
SARS1,582,58.2000,0.811239
SARS1,583,58.3000,0.666311
SARS1,584,58.4000,1.055775
SARS1,585,58.5000,0.690281
SARS1,586,58.6000,0.884402
SARS1,587,58.7000,0.610328
SARS1,588,58.8000,0.684038
SARS1,589,58.9000,0.752387
SARS1,590,59.0000,0.505438
SARS1,591,59.1000,0.536758
SARS1,592,59.2000,0.638465
SARS1,593,59.3000,0.760225
SARS1,594,59.4000,0.826081
SARS1,595,59.5000,0.598916
SARS1,596,59.6000,0.722253
SARS1,597,59.7000,0.688628
SARS1,598,59.8000,0.768021
SARS1,599,59.9000,0.559735
SARS1,600,60.0000,0.566760
SARS1,601,60.1000,0.476462
SARS1,602,60.2000,0.880867
SARS1,603,60.3000,0.306091
SARS1,604,60.4000,0.982654
SARS1,605,60.5000,0.516589
SARS1,606,60.6000,0.687516
SARS1,607,60.7000,0.848735
SARS1,608,60.8000,0.579654
SARS1,609,60.9000,0.709535
SARS1,610,61.0000,0.632887
SARS1,611,61.1000,0.786681
SARS1,612,61.2000,0.575577
SARS1,613,61.3000,0.754385
SARS1,614,61.4000,0.639799
SARS1,615,61.5000,0.625989
SARS1,616,61.6000,0.663404
SARS1,617,61.7000,0.650453
SARS1,618,61.8000,1.111135
SARS1,619,61.9000,0.664017
SARS1,620,62.0000,0.607709
SARS1,621,62.1000,0.596590
SARS1,622,62.2000,0.594736
SARS1,623,62.3000,0.605964
SARS1,624,62.4000,0.703481
SARS1,625,62.5000,0.529638
SARS1,626,62.6000,0.704278
SARS1,627,62.7000,0.713111
SARS1,628,62.8000,1.251494
SARS1,629,62.9000,0.515101
SARS1,630,63.0000,0.588171
SARS1,631,63.1000,0.486300
SARS1,632,63.2000,0.651460
SARS1,633,63.3000,0.651325
SARS1,634,63.4000,0.756241
SARS1,635,63.5000,0.675035
SARS1,636,63.6000,1.013287
SARS1,637,63.7000,0.945778
SARS1,638,63.8000,0.606411
SARS1,639,63.9000,0.753334
SARS1,640,64.0000,0.960170
SARS1,641,64.1000,0.910483
SARS1,642,64.2000,0.711635
SARS1,643,64.3000,1.032005
SARS1,644,64.4000,0.724255
SARS1,645,64.5000,0.731421
SARS1,646,64.6000,0.815420
SARS1,647,64.7000,0.684354
SARS1,648,64.8000,0.681154
SARS1,649,64.9000,0.550369
SARS1,650,65.0000,0.545891
SARS1,651,65.1000,1.229522
SARS1,652,65.2000,0.758336
SARS1,653,65.3000,0.686162
SARS1,654,65.4000,0.515091
SARS1,655,65.5000,0.470679
SARS1,656,65.6000,0.878587
SARS1,657,65.7000,0.617510
SARS1,658,65.8000,0.801336
SARS1,659,65.9000,0.782298
SARS1,660,66.0000,0.734406
SARS1,661,66.1000,0.649012
SARS1,662,66.2000,0.710867
SARS1,663,66.3000,1.153103
SARS1,664,66.4000,0.676058
SARS1,665,66.5000,0.524630
SARS1,666,66.6000,0.518524
SARS1,667,66.7000,0.673015
SARS1,668,66.8000,0.869982
SARS1,669,66.9000,1.019728
SARS1,670,67.0000,0.475489
SARS1,671,67.1000,1.006055
SARS1,672,67.2000,0.458200
SARS1,673,67.3000,0.586287
SARS1,674,67.4000,0.592902
SARS1,675,67.5000,0.556582
SARS1,676,67.6000,0.550962
SARS1,677,67.7000,0.498114
SARS1,678,67.8000,0.555772
SARS1,679,67.9000,0.758708
SARS1,680,68.0000,0.693069
SARS1,681,68.1000,0.802190
SARS1,682,68.2000,0.703868
SARS1,683,68.3000,0.629793
SARS1,684,68.4000,0.395352
SARS1,685,68.5000,1.002977
SARS1,686,68.6000,0.969353
SARS1,687,68.7000,0.648539
SARS1,688,68.8000,0.786009
SARS1,689,68.9000,0.663917
SARS1,690,69.0000,1.530527
SARS1,691,69.1000,0.519586
SARS1,692,69.2000,0.509849
SARS1,693,69.3000,0.876256
SARS1,694,69.4000,0.498664
SARS1,695,69.5000,0.282613
SARS1,696,69.6000,0.673017
SARS1,697,69.7000,0.723904
SARS1,698,69.8000,0.499635
SARS1,699,69.9000,0.775163
SARS1,700,70.0000,0.542578
SARS1,701,70.1000,0.626934
SARS1,702,70.2000,0.784737
SARS1,703,70.3000,0.573315
SARS1,704,70.4000,0.712894
SARS1,705,70.5000,0.684790
SARS1,706,70.6000,0.706879
SARS1,707,70.7000,0.621137
SARS1,708,70.8000,0.411444
SARS1,709,70.9000,0.556241
SARS1,710,71.0000,0.273600
SARS1,711,71.1000,0.515533
SARS1,712,71.2000,0.633037
SARS1,713,71.3000,0.744674
SARS1,714,71.4000,0.497320
SARS1,715,71.5000,0.643581
SARS1,716,71.6000,0.601812
SARS1,717,71.7000,1.019473
SARS1,718,71.8000,0.516685
SARS1,719,71.9000,0.481291
SARS1,720,72.0000,0.500181
SARS1,721,72.1000,0.698141
SARS1,722,72.2000,0.793151
SARS1,723,72.3000,0.532339
SARS1,724,72.4000,0.945010
SARS1,725,72.5000,0.854907
SARS1,726,72.6000,0.550491
SARS1,727,72.7000,1.125398
SARS1,728,72.8000,0.603653
SARS1,729,72.9000,1.256474
SARS1,730,73.0000,0.321774
SARS1,731,73.1000,0.693388
SARS1,732,73.2000,0.517658
SARS1,733,73.3000,0.563829
SARS1,734,73.4000,0.730138
SARS1,735,73.5000,0.706741
SARS1,736,73.6000,0.706181
SARS1,737,73.7000,0.705763
SARS1,738,73.8000,0.639462
SARS1,739,73.9000,0.659706
SARS1,740,74.0000,0.626726
SARS1,741,74.1000,0.682023
SARS1,742,74.2000,0.703204
SARS1,743,74.3000,0.566548
SARS1,744,74.4000,0.668329
SARS1,745,74.5000,1.128388
SARS1,746,74.6000,0.466697
SARS1,747,74.7000,0.476541
SARS1,748,74.8000,0.776025
SARS1,749,74.9000,0.542494
SARS1,750,75.0000,0.800988
SARS1,751,75.1000,0.641570
SARS1,752,75.2000,0.381916
SARS1,753,75.3000,0.680744
SARS1,754,75.4000,0.522929
SARS1,755,75.5000,0.570570
SARS1,756,75.6000,0.801298
SARS1,757,75.7000,1.008340
SARS1,758,75.8000,1.369177
SARS1,759,75.9000,0.711241
SARS1,760,76.0000,0.752424
SARS1,761,76.1000,0.749094
SARS1,762,76.2000,1.140680
SARS1,763,76.3000,0.917774
SARS1,764,76.4000,0.521487
SARS1,765,76.5000,0.903814
SARS1,766,76.6000,0.647504
SARS1,767,76.7000,0.695951
SARS1,768,76.8000,1.585372
SARS1,769,76.9000,0.801005
SARS1,770,77.0000,0.797557
SARS1,771,77.1000,0.883357
SARS1,772,77.2000,0.623804
SARS1,773,77.3000,1.098940
SARS1,774,77.4000,0.825207
SARS1,775,77.5000,0.407790
SARS1,776,77.6000,1.095068
SARS1,777,77.7000,0.672740
SARS1,778,77.8000,0.603375
SARS1,779,77.9000,0.563244
SARS1,780,78.0000,0.872865
SARS1,781,78.1000,0.624391
SARS1,782,78.2000,0.529024
SARS1,783,78.3000,0.494798
SARS1,784,78.4000,0.459157
SARS1,785,78.5000,0.530948
SARS1,786,78.6000,0.750100
SARS1,787,78.7000,0.447011
SARS1,788,78.8000,0.422923
SARS1,789,78.9000,1.185136
SARS1,790,79.0000,0.557516
SARS1,791,79.1000,0.777003
SARS1,792,79.2000,0.437830
SARS1,793,79.3000,0.677124
SARS1,794,79.4000,0.480107
SARS1,795,79.5000,0.912445
SARS1,796,79.6000,0.969670
SARS1,797,79.7000,0.670395
SARS1,798,79.8000,0.937899
SARS1,799,79.9000,0.461269
SARS1,800,80.0000,0.699704
SARS1,801,80.1000,0.544713
SARS1,802,80.2000,0.717006
SARS1,803,80.3000,0.677306
SARS1,804,80.4000,0.696570
SARS1,805,80.5000,0.396971
SARS1,806,80.6000,0.648068
SARS1,807,80.7000,1.207026
SARS1,808,80.8000,0.724340
SARS1,809,80.9000,0.661233
SARS1,810,81.0000,0.676585
SARS1,811,81.1000,1.101534
SARS1,812,81.2000,0.495991
SARS1,813,81.3000,0.644526
SARS1,814,81.4000,0.628691
SARS1,815,81.5000,0.695409
SARS1,816,81.6000,0.724907
SARS1,817,81.7000,0.547238
SARS1,818,81.8000,0.228408
SARS1,819,81.9000,0.514994
SARS1,820,82.0000,0.598650
SARS1,821,82.1000,0.225846
SARS1,822,82.2000,0.888529
SARS1,823,82.3000,0.559162
SARS1,824,82.4000,0.705442
SARS1,825,82.5000,0.723502
SARS1,826,82.6000,0.739610
SARS1,827,82.7000,0.903891
SARS1,828,82.8000,0.678292
SARS1,829,82.9000,0.489784
SARS1,830,83.0000,0.287491
SARS1,831,83.1000,0.969161
SARS1,832,83.2000,0.669101
SARS1,833,83.3000,0.474316
SARS1,834,83.4000,0.590885
SARS1,835,83.5000,0.993876
SARS1,836,83.6000,0.547570
SARS1,837,83.7000,0.553439
SARS1,838,83.8000,0.536471
SARS1,839,83.9000,0.771343
SARS1,840,84.0000,0.388622
SARS1,841,84.1000,0.701115
SARS1,842,84.2000,0.626508
SARS1,843,84.3000,1.135897
SARS1,844,84.4000,1.538871
SARS1,845,84.5000,1.769519
SARS1,846,84.6000,1.886686
SARS1,847,84.7000,1.511836
SARS1,848,84.8000,1.550307
SARS1,849,84.9000,1.768856
SARS1,850,85.0000,1.538268
SARS1,851,85.1000,1.849769
SARS1,852,85.2000,1.473209
SARS1,853,85.3000,1.756704
SARS1,854,85.4000,1.572097
SARS1,855,85.5000,1.595476
SARS1,856,85.6000,0.526027
SARS1,857,85.7000,1.324707
SARS1,858,85.8000,1.396522
SARS1,859,85.9000,0.772964
SARS1,860,86.0000,0.405164
SARS1,861,86.1000,0.381348
SARS1,862,86.2000,0.342687
SARS1,863,86.3000,0.757357
SARS1,864,86.4000,0.688170
SARS1,865,86.5000,1.284359
SARS1,866,86.6000,1.535012
SARS1,867,86.7000,0.598924
SARS1,868,86.8000,1.089434
SARS1,869,86.9000,0.703595
SARS1,870,87.0000,0.571799
SARS1,871,87.1000,0.920323
SARS1,872,87.2000,0.570192
SARS1,873,87.3000,1.188210
SARS1,874,87.4000,0.999447
SARS1,875,87.5000,0.961189
SARS1,876,87.6000,0.702122
SARS1,877,87.7000,0.590418
SARS1,878,87.8000,0.485564
SARS1,879,87.9000,0.703356
SARS1,880,88.0000,0.661980
SARS1,881,88.1000,0.682342
SARS1,882,88.2000,0.621611
SARS1,883,88.3000,0.645074
SARS1,884,88.4000,1.164190
SARS1,885,88.5000,0.957064
SARS1,886,88.6000,0.425893
SARS1,887,88.7000,0.819213
SARS1,888,88.8000,0.790607
SARS1,889,88.9000,1.010030
SARS1,890,89.0000,0.911648
SARS1,891,89.1000,1.211849
SARS1,892,89.2000,1.734820
SARS1,893,89.3000,1.329074
SARS1,894,89.4000,1.459112
SARS1,895,89.5000,1.601386
SARS1,896,89.6000,1.334807
SARS1,897,89.7000,1.257687
SARS1,898,89.8000,1.381450
SARS1,899,89.9000,0.635331
SARS1,900,90.0000,0.829058
SARS1,901,90.1000,1.531548
SARS1,902,90.2000,0.492038
SARS1,903,90.3000,0.731753
SARS1,904,90.4000,1.070138
SARS1,905,90.5000,1.451308
SARS1,906,90.6000,1.060288
SARS1,907,90.7000,1.669299
SARS1,908,90.8000,1.924680
SARS1,909,90.9000,1.370979
SARS1,910,91.0000,0.718535
SARS1,911,91.1000,1.120278
SARS1,912,91.2000,1.168696
SARS1,913,91.3000,1.520485
SARS1,914,91.4000,0.989694
SARS1,915,91.5000,1.209704
SARS1,916,91.6000,1.253454
SARS1,917,91.7000,0.880660
SARS1,918,91.8000,1.543431
SARS1,919,91.9000,1.033481
SARS1,920,92.0000,1.530267
SARS1,921,92.1000,0.949860
SARS1,922,92.2000,0.540386
SARS1,923,92.3000,1.030992
SARS1,924,92.4000,0.677255
SARS1,925,92.5000,1.301747
SARS1,926,92.6000,0.930152
SARS1,927,92.7000,1.352269
SARS1,928,92.8000,1.056206
SARS1,929,92.9000,0.946530
SARS1,930,93.0000,1.529935
SARS1,931,93.1000,0.661790
SARS1,932,93.2000,0.531917
SARS1,933,93.3000,1.881568
SARS1,934,93.4000,1.290004
SARS1,935,93.5000,1.108632
SARS1,936,93.6000,1.350082
SARS1,937,93.7000,1.509826
SARS1,938,93.8000,1.518617
SARS1,939,93.9000,1.695250
SARS1,940,94.0000,1.074621
SARS1,941,94.1000,1.608361
SARS1,942,94.2000,1.807284
SARS1,943,94.3000,1.427784
SARS1,944,94.4000,1.693809
SARS1,945,94.5000,1.628068
SARS1,946,94.6000,1.074906
SARS1,947,94.7000,1.585918
SARS1,948,94.8000,0.436717
SARS1,949,94.9000,0.750249
SARS1,950,95.0000,0.598339
SARS1,951,95.1000,0.464138
SARS1,952,95.2000,0.974534
SARS1,953,95.3000,0.454385
SARS1,954,95.4000,0.531150
SARS1,955,95.5000,0.942843
SARS1,956,95.6000,1.039158
SARS1,957,95.7000,0.629557
SARS1,958,95.8000,0.589629
SARS1,959,95.9000,0.775950
SARS1,960,96.0000,1.146420
SARS1,961,96.1000,1.502364
SARS1,962,96.2000,1.716674
SARS1,963,96.3000,1.713930
SARS1,964,96.4000,1.615321
SARS1,965,96.5000,1.702163
SARS1,966,96.6000,1.698090
SARS1,967,96.7000,1.828369
SARS1,968,96.8000,1.763177
SARS1,969,96.9000,1.949044
SARS1,970,97.0000,1.676781
SARS1,971,97.1000,0.993162
SARS1,972,97.2000,0.772130
SARS1,973,97.3000,1.469968
SARS1,974,97.4000,1.080210
SARS1,975,97.5000,0.607761
SARS1,976,97.6000,1.026242
SARS1,977,97.7000,0.642205
SARS1,978,97.8000,0.755504
SARS1,979,97.9000,0.773958
SARS1,980,98.0000,0.890746
SARS1,981,98.1000,1.000052
SARS1,982,98.2000,0.540975
SARS1,983,98.3000,0.769176
SARS1,984,98.4000,0.927635
SARS1,985,98.5000,0.604616
SARS1,986,98.6000,1.269832
SARS1,987,98.7000,1.067080
SARS1,988,98.8000,0.958390
SARS1,989,98.9000,0.914105
SARS1,990,99.0000,1.159098
SARS1,991,99.1000,1.854861
SARS1,992,99.2000,1.641793
SARS1,993,99.3000,1.674418
SARS1,994,99.4000,1.565754
SARS1,995,99.5000,1.336755
SARS1,996,99.6000,1.443624
SARS1,997,99.7000,2.006592
SARS1,998,99.8000,1.685038
SARS1,999,99.9000,1.379970
SARS1,1000,100.0000,1.646228
NL63,0,0.0000,0.000000
NL63,1,0.1000,1.504583
NL63,2,0.2000,0.842840
NL63,3,0.3000,1.071740
NL63,4,0.4000,1.388380
NL63,5,0.5000,1.408499
NL63,6,0.6000,1.693526
NL63,7,0.7000,1.046761
NL63,8,0.8000,1.535706
NL63,9,0.9000,1.339801
NL63,10,1.0000,1.642547
NL63,11,1.1000,1.170957
NL63,12,1.2000,1.336111
NL63,13,1.3000,1.404561
NL63,14,1.4000,1.670877
NL63,15,1.5000,1.262808
NL63,16,1.6000,0.940146
NL63,17,1.7000,1.606339
NL63,18,1.8000,1.013205
NL63,19,1.9000,1.464242
NL63,20,2.0000,1.185555
NL63,21,2.1000,1.286471
NL63,22,2.2000,1.262026
NL63,23,2.3000,1.182653
NL63,24,2.4000,1.140683
NL63,25,2.5000,1.277341
NL63,26,2.6000,1.327901
NL63,27,2.7000,1.348529
NL63,28,2.8000,1.247188
NL63,29,2.9000,1.381357
NL63,30,3.0000,1.356964
NL63,31,3.1000,1.260150
NL63,32,3.2000,1.465172
NL63,33,3.3000,1.534356
NL63,34,3.4000,1.283184
NL63,35,3.5000,1.287510
NL63,36,3.6000,1.287337
NL63,37,3.7000,1.078063
NL63,38,3.8000,1.079359
NL63,39,3.9000,1.461233
NL63,40,4.0000,1.290401
NL63,41,4.1000,1.418498
NL63,42,4.2000,1.336488
NL63,43,4.3000,1.214842
NL63,44,4.4000,0.811661
NL63,45,4.5000,1.342350
NL63,46,4.6000,1.234045
NL63,47,4.7000,1.112293
NL63,48,4.8000,0.841597
NL63,49,4.9000,1.191957
NL63,50,5.0000,1.356643
NL63,51,5.1000,1.092961
NL63,52,5.2000,14.534077
NL63,53,5.3000,1.012716
NL63,54,5.4000,1.260863
NL63,55,5.5000,1.406292
NL63,56,5.6000,1.521056
NL63,57,5.7000,1.069986
NL63,58,5.8000,1.395349
NL63,59,5.9000,19.422691
NL63,60,6.0000,1.281415
NL63,61,6.1000,1.015876
NL63,62,6.2000,1.289228
NL63,63,6.3000,1.334889
NL63,64,6.4000,1.419897
NL63,65,6.5000,14.578144
NL63,66,6.6000,1.340343
NL63,67,6.7000,1.206644
NL63,68,6.8000,1.288909
NL63,69,6.9000,1.048118
NL63,70,7.0000,0.795772
NL63,71,7.1000,1.227747
NL63,72,7.2000,1.282557
NL63,73,7.3000,1.384564
NL63,74,7.4000,1.153857
NL63,75,7.5000,1.458663
NL63,76,7.6000,27.528912
NL63,77,7.7000,1.174148
NL63,78,7.8000,1.256270
NL63,79,7.9000,1.790863
NL63,80,8.0000,27.472595
NL63,81,8.1000,19.223024
NL63,82,8.2000,43.683411
NL63,83,8.3000,34.687695
NL63,84,8.4000,23.966778
NL63,85,8.5000,1.253982
NL63,86,8.6000,1.038435
NL63,87,8.7000,1.412642
NL63,88,8.8000,1.503260
NL63,89,8.9000,1.610830
NL63,90,9.0000,1.363540
NL63,91,9.1000,1.951153
NL63,92,9.2000,1.425051
NL63,93,9.3000,1.504354
NL63,94,9.4000,1.434158
NL63,95,9.5000,1.601287
NL63,96,9.6000,2.181115
NL63,97,9.7000,1.377211
NL63,98,9.8000,1.308224
NL63,99,9.9000,2.061109
NL63,100,10.0000,1.714734
NL63,101,10.1000,1.633819
NL63,102,10.2000,1.192872
NL63,103,10.3000,1.529911
NL63,104,10.4000,1.507187
NL63,105,10.5000,1.335853
NL63,106,10.6000,1.404228
NL63,107,10.7000,1.946859
NL63,108,10.8000,1.178985
NL63,109,10.9000,1.327425
NL63,110,11.0000,1.663751
NL63,111,11.1000,0.566048
NL63,112,11.2000,0.769650
NL63,113,11.3000,0.587749
NL63,114,11.4000,0.471654
NL63,115,11.5000,0.830198
NL63,116,11.6000,1.136491
NL63,117,11.7000,1.182684
NL63,118,11.8000,0.793922
NL63,119,11.9000,0.714747
NL63,120,12.0000,1.164205
NL63,121,12.1000,1.231161
NL63,122,12.2000,1.031736
NL63,123,12.3000,0.754889
NL63,124,12.4000,0.713334
NL63,125,12.5000,0.470356
NL63,126,12.6000,1.202124
NL63,127,12.7000,1.120345
NL63,128,12.8000,0.989680
NL63,129,12.9000,1.475211
NL63,130,13.0000,1.399118
NL63,131,13.1000,1.513266
NL63,132,13.2000,1.917392
NL63,133,13.3000,1.354407
NL63,134,13.4000,1.110799
NL63,135,13.5000,1.194345
NL63,136,13.6000,1.299891
NL63,137,13.7000,1.111663
NL63,138,13.8000,0.516356
NL63,139,13.9000,0.872231
NL63,140,14.0000,0.532131
NL63,141,14.1000,0.585018
NL63,142,14.2000,1.544129
NL63,143,14.3000,1.150537
NL63,144,14.4000,0.503061
NL63,145,14.5000,0.716802
NL63,146,14.6000,0.538023
NL63,147,14.7000,0.964479
NL63,148,14.8000,1.498480
NL63,149,14.9000,1.765861
NL63,150,15.0000,2.064659
NL63,151,15.1000,1.504866
NL63,152,15.2000,1.437851
NL63,153,15.3000,1.613811
NL63,154,15.4000,1.658133
NL63,155,15.5000,1.596585
NL63,156,15.6000,1.684726
NL63,157,15.7000,0.840262
NL63,158,15.8000,1.342919
NL63,159,15.9000,1.639707
NL63,160,16.0000,1.249350
NL63,161,16.1000,1.090507
NL63,162,16.2000,1.260241
NL63,163,16.3000,1.408542
NL63,164,16.4000,1.270069
NL63,165,16.5000,1.015085
NL63,166,16.6000,1.188205
NL63,167,16.7000,1.142444
NL63,168,16.8000,1.269890
NL63,169,16.9000,1.134546
NL63,170,17.0000,0.751763
NL63,171,17.1000,1.278211
NL63,172,17.2000,1.492238
NL63,173,17.3000,0.868710
NL63,174,17.4000,1.562524
NL63,175,17.5000,1.403057
NL63,176,17.6000,0.989882
NL63,177,17.7000,1.509873
NL63,178,17.8000,2.231819
NL63,179,17.9000,0.845347
NL63,180,18.0000,0.802817
NL63,181,18.1000,0.821990
NL63,182,18.2000,0.940693
NL63,183,18.3000,1.200093
NL63,184,18.4000,0.712947
NL63,185,18.5000,1.988173
NL63,186,18.6000,1.616737
NL63,187,18.7000,1.230079
NL63,188,18.8000,1.733422
NL63,189,18.9000,1.491396
NL63,190,19.0000,1.304650
NL63,191,19.1000,1.632471
NL63,192,19.2000,1.660190
NL63,193,19.3000,1.486107
NL63,194,19.4000,1.196006
NL63,195,19.5000,1.271093
NL63,196,19.6000,1.278671
NL63,197,19.7000,1.487227
NL63,198,19.8000,0.876955
NL63,199,19.9000,0.656207
NL63,200,20.0000,0.990228
NL63,201,20.1000,1.269437
NL63,202,20.2000,1.318619
NL63,203,20.3000,0.752856
NL63,204,20.4000,0.568602
NL63,205,20.5000,1.345221
NL63,206,20.6000,1.748680
NL63,207,20.7000,1.136824
NL63,208,20.8000,0.643581
NL63,209,20.9000,0.835923
NL63,210,21.0000,0.509217
NL63,211,21.1000,0.884556
NL63,212,21.2000,0.999364
NL63,213,21.3000,1.061007
NL63,214,21.4000,0.988529
NL63,215,21.5000,1.317420
NL63,216,21.6000,1.161519
NL63,217,21.7000,1.267619
NL63,218,21.8000,0.992448
NL63,219,21.9000,1.166203
NL63,220,22.0000,1.269917
NL63,221,22.1000,1.006293
NL63,222,22.2000,0.699755
NL63,223,22.3000,1.218296
NL63,224,22.4000,1.152901
NL63,225,22.5000,1.413906
NL63,226,22.6000,1.330999
NL63,227,22.7000,1.429418
NL63,228,22.8000,1.351126
NL63,229,22.9000,1.357602
NL63,230,23.0000,1.261706
NL63,231,23.1000,1.250666
NL63,232,23.2000,1.220327
NL63,233,23.3000,1.216816
NL63,234,23.4000,1.270461
NL63,235,23.5000,1.384298
NL63,236,23.6000,1.366172
NL63,237,23.7000,1.361830
NL63,238,23.8000,1.363555
NL63,239,23.9000,1.197364
NL63,240,24.0000,1.361603
NL63,241,24.1000,1.360197
NL63,242,24.2000,1.208555
NL63,243,24.3000,1.247044
NL63,244,24.4000,1.235661
NL63,245,24.5000,1.131399
NL63,246,24.6000,1.355460
NL63,247,24.7000,1.474550
NL63,248,24.8000,1.279255
NL63,249,24.9000,1.155506
NL63,250,25.0000,1.384168
NL63,251,25.1000,1.236761
NL63,252,25.2000,1.200509
NL63,253,25.3000,1.434713
NL63,254,25.4000,1.605415
NL63,255,25.5000,1.250665
NL63,256,25.6000,1.495934
NL63,257,25.7000,1.494724
NL63,258,25.8000,0.469399
NL63,259,25.9000,1.341676
NL63,260,26.0000,1.673520
NL63,261,26.1000,1.280610
NL63,262,26.2000,1.225033
NL63,263,26.3000,1.082619
NL63,264,26.4000,0.660930
NL63,265,26.5000,0.931951
NL63,266,26.6000,1.153333
NL63,267,26.7000,1.124510
NL63,268,26.8000,1.383379
NL63,269,26.9000,1.376015
NL63,270,27.0000,1.437820
NL63,271,27.1000,1.382576
NL63,272,27.2000,1.343076
NL63,273,27.3000,1.264306
NL63,274,27.4000,1.374581
NL63,275,27.5000,1.217527
NL63,276,27.6000,1.254648
NL63,277,27.7000,1.359243
NL63,278,27.8000,1.199710
NL63,279,27.9000,1.550134
NL63,280,28.0000,1.348241
NL63,281,28.1000,0.660408
NL63,282,28.2000,1.023824
NL63,283,28.3000,1.097454
NL63,284,28.4000,0.629480
NL63,285,28.5000,0.691260
NL63,286,28.6000,0.802212
NL63,287,28.7000,0.617339
NL63,288,28.8000,0.608263
NL63,289,28.9000,0.683492
NL63,290,29.0000,0.919180
NL63,291,29.1000,0.806825
NL63,292,29.2000,0.732554
NL63,293,29.3000,0.766217
NL63,294,29.4000,0.640503
NL63,295,29.5000,0.623323
NL63,296,29.6000,0.607789
NL63,297,29.7000,0.575379
NL63,298,29.8000,0.760038
NL63,299,29.9000,0.671971
NL63,300,30.0000,0.781448
NL63,301,30.1000,0.567079
NL63,302,30.2000,0.881252
NL63,303,30.3000,0.707859
NL63,304,30.4000,0.744254
NL63,305,30.5000,0.519478
NL63,306,30.6000,0.594696
NL63,307,30.7000,0.653964
NL63,308,30.8000,0.693523
NL63,309,30.9000,0.623271
NL63,310,31.0000,0.865866
NL63,311,31.1000,0.769805
NL63,312,31.2000,0.999228
NL63,313,31.3000,0.582640
NL63,314,31.4000,0.801161
NL63,315,31.5000,0.505440
NL63,316,31.6000,0.480338
NL63,317,31.7000,0.794878
NL63,318,31.8000,0.726282
NL63,319,31.9000,0.844483
NL63,320,32.0000,0.770206
NL63,321,32.1000,0.510501
NL63,322,32.2000,0.478314
NL63,323,32.3000,0.493272
NL63,324,32.4000,0.361481
NL63,325,32.5000,1.049902
NL63,326,32.6000,0.835448
NL63,327,32.7000,0.776359
NL63,328,32.8000,0.688344
NL63,329,32.9000,0.589294
NL63,330,33.0000,0.570429
NL63,331,33.1000,0.742531
NL63,332,33.2000,0.618709
NL63,333,33.3000,0.662631
NL63,334,33.4000,0.970662
NL63,335,33.5000,0.512543
NL63,336,33.6000,0.505689
NL63,337,33.7000,0.779087
NL63,338,33.8000,1.120439
NL63,339,33.9000,0.621067
NL63,340,34.0000,0.413758
NL63,341,34.1000,0.603809
NL63,342,34.2000,0.552798
NL63,343,34.3000,0.604949
NL63,344,34.4000,0.934161
NL63,345,34.5000,0.658275
NL63,346,34.6000,1.020201
NL63,347,34.7000,0.682261
NL63,348,34.8000,0.509034
NL63,349,34.9000,0.650048
NL63,350,35.0000,1.083021
NL63,351,35.1000,0.605071
NL63,352,35.2000,0.781936
NL63,353,35.3000,0.928063
NL63,354,35.4000,0.685375
NL63,355,35.5000,0.707930
NL63,356,35.6000,1.087156
NL63,357,35.7000,0.471151
NL63,358,35.8000,0.500417
NL63,359,35.9000,1.005185
NL63,360,36.0000,1.080812
NL63,361,36.1000,0.864943
NL63,362,36.2000,0.937665
NL63,363,36.3000,0.519860
NL63,364,36.4000,0.536455
NL63,365,36.5000,0.579929
NL63,366,36.6000,0.733192
NL63,367,36.7000,0.551624
NL63,368,36.8000,0.621545
NL63,369,36.9000,0.603488
NL63,370,37.0000,0.570843
NL63,371,37.1000,1.504082
NL63,372,37.2000,1.113292
NL63,373,37.3000,0.575146
NL63,374,37.4000,0.520135
NL63,375,37.5000,0.654327
NL63,376,37.6000,0.730646
NL63,377,37.7000,0.871334
NL63,378,37.8000,0.552111
NL63,379,37.9000,0.610179
NL63,380,38.0000,0.615099
NL63,381,38.1000,0.534527
NL63,382,38.2000,0.519165
NL63,383,38.3000,0.802242
NL63,384,38.4000,0.659622
NL63,385,38.5000,0.904718
NL63,386,38.6000,0.839632
NL63,387,38.7000,0.905836
NL63,388,38.8000,0.547491
NL63,389,38.9000,1.076669
NL63,390,39.0000,0.544020
NL63,391,39.1000,0.632314
NL63,392,39.2000,0.341353
NL63,393,39.3000,0.819559
NL63,394,39.4000,0.522728
NL63,395,39.5000,0.411143
NL63,396,39.6000,0.471787
NL63,397,39.7000,0.705848
NL63,398,39.8000,0.556257
NL63,399,39.9000,0.810036
NL63,400,40.0000,0.516215
NL63,401,40.1000,0.627872
NL63,402,40.2000,0.714329
NL63,403,40.3000,0.424154
NL63,404,40.4000,0.732886
NL63,405,40.5000,0.417369
NL63,406,40.6000,0.837881
NL63,407,40.7000,0.729358
NL63,408,40.8000,0.391016
NL63,409,40.9000,0.556426
NL63,410,41.0000,0.794671
NL63,411,41.1000,0.647698
NL63,412,41.2000,0.390758
NL63,413,41.3000,0.745849
NL63,414,41.4000,0.664221
NL63,415,41.5000,0.983720
NL63,416,41.6000,0.438307
NL63,417,41.7000,0.370076
NL63,418,41.8000,0.773153
NL63,419,41.9000,0.483340
NL63,420,42.0000,0.644772
NL63,421,42.1000,0.618078
NL63,422,42.2000,0.594315
NL63,423,42.3000,0.655756
NL63,424,42.4000,0.477155
NL63,425,42.5000,0.620842
NL63,426,42.6000,0.963935
NL63,427,42.7000,0.840464
NL63,428,42.8000,0.548328
NL63,429,42.9000,0.618439
NL63,430,43.0000,0.642607
NL63,431,43.1000,0.761393
NL63,432,43.2000,1.066378
NL63,433,43.3000,0.663615
NL63,434,43.4000,0.297028
NL63,435,43.5000,0.467982
NL63,436,43.6000,0.626816
NL63,437,43.7000,0.552643
NL63,438,43.8000,1.029576
NL63,439,43.9000,0.896018
NL63,440,44.0000,0.441075
NL63,441,44.1000,0.738165
NL63,442,44.2000,0.283211
NL63,443,44.3000,0.629404
NL63,444,44.4000,0.842376
NL63,445,44.5000,0.708650
NL63,446,44.6000,0.859933
NL63,447,44.7000,0.504113
NL63,448,44.8000,0.642382
NL63,449,44.9000,0.489735
NL63,450,45.0000,0.764143
NL63,451,45.1000,0.729581
NL63,452,45.2000,0.838113
NL63,453,45.3000,0.906712
NL63,454,45.4000,0.900355
NL63,455,45.5000,0.894061
NL63,456,45.6000,1.062291
NL63,457,45.7000,1.032158
NL63,458,45.8000,0.917905
NL63,459,45.9000,0.870083
NL63,460,46.0000,1.012615
NL63,461,46.1000,0.424475
NL63,462,46.2000,0.679695
NL63,463,46.3000,0.550450
NL63,464,46.4000,0.514567
NL63,465,46.5000,0.468158
NL63,466,46.6000,0.414694
NL63,467,46.7000,0.761565
NL63,468,46.8000,0.567270
NL63,469,46.9000,0.678497
NL63,470,47.0000,0.735855
NL63,471,47.1000,0.950037
NL63,472,47.2000,0.818117
NL63,473,47.3000,0.953716
NL63,474,47.4000,0.872183
NL63,475,47.5000,1.022336
NL63,476,47.6000,0.607402
NL63,477,47.7000,0.806899
NL63,478,47.8000,0.979720
NL63,479,47.9000,0.705932
NL63,480,48.0000,1.051028
NL63,481,48.1000,1.003012
NL63,482,48.2000,0.943767
NL63,483,48.3000,0.641161
NL63,484,48.4000,0.798869
NL63,485,48.5000,0.927047
NL63,486,48.6000,0.951597
NL63,487,48.7000,0.806978
NL63,488,48.8000,0.622660
NL63,489,48.9000,0.601646
NL63,490,49.0000,0.993089
NL63,491,49.1000,0.740318
NL63,492,49.2000,0.524031
NL63,493,49.3000,0.643077
NL63,494,49.4000,0.770410
NL63,495,49.5000,0.711603
NL63,496,49.6000,0.764577
NL63,497,49.7000,0.705183
NL63,498,49.8000,0.638392
NL63,499,49.9000,0.504835
NL63,500,50.0000,0.462653
NL63,501,50.1000,0.989974
NL63,502,50.2000,0.445225
NL63,503,50.3000,0.622327
NL63,504,50.4000,0.567790
NL63,505,50.5000,1.184651
NL63,506,50.6000,0.766155
NL63,507,50.7000,0.260388
NL63,508,50.8000,0.813520
NL63,509,50.9000,0.478475
NL63,510,51.0000,0.616009
NL63,511,51.1000,0.636062
NL63,512,51.2000,0.517103
NL63,513,51.3000,0.559160
NL63,514,51.4000,0.504496
NL63,515,51.5000,0.702750
NL63,516,51.6000,0.833740
NL63,517,51.7000,0.769634
NL63,518,51.8000,0.705157
NL63,519,51.9000,0.771917
NL63,520,52.0000,0.589121
NL63,521,52.1000,0.235487
NL63,522,52.2000,0.711325
NL63,523,52.3000,0.714056
NL63,524,52.4000,0.526012
NL63,525,52.5000,0.811665
NL63,526,52.6000,0.692183
NL63,527,52.7000,0.944518
NL63,528,52.8000,0.936630
NL63,529,52.9000,0.622017
NL63,530,53.0000,0.653362
NL63,531,53.1000,0.409913
NL63,532,53.2000,0.667163
NL63,533,53.3000,0.672139
NL63,534,53.4000,0.733528
NL63,535,53.5000,0.385250
NL63,536,53.6000,0.715316
NL63,537,53.7000,0.419147
NL63,538,53.8000,0.632116
NL63,539,53.9000,0.467762
NL63,540,54.0000,0.419237
NL63,541,54.1000,0.834887
NL63,542,54.2000,0.431279
NL63,543,54.3000,0.648158
NL63,544,54.4000,0.848858
NL63,545,54.5000,0.552111
NL63,546,54.6000,0.776864
NL63,547,54.7000,0.607449
NL63,548,54.8000,0.593193
NL63,549,54.9000,0.474853
NL63,550,55.0000,0.754448
NL63,551,55.1000,0.661960
NL63,552,55.2000,0.506289
NL63,553,55.3000,0.536718
NL63,554,55.4000,0.772773
NL63,555,55.5000,0.864874
NL63,556,55.6000,0.566121
NL63,557,55.7000,0.712544
NL63,558,55.8000,0.603547
NL63,559,55.9000,0.780248
NL63,560,56.0000,0.585749
NL63,561,56.1000,0.483369
NL63,562,56.2000,0.440168
NL63,563,56.3000,0.686599
NL63,564,56.4000,0.457468
NL63,565,56.5000,0.565809
NL63,566,56.6000,0.594288
NL63,567,56.7000,0.655855
NL63,568,56.8000,0.328035
NL63,569,56.9000,0.736305
NL63,570,57.0000,0.626474
NL63,571,57.1000,0.631882
NL63,572,57.2000,0.684994
NL63,573,57.3000,0.661618
NL63,574,57.4000,0.639618
NL63,575,57.5000,0.815511
NL63,576,57.6000,0.352661
NL63,577,57.7000,0.760312
NL63,578,57.8000,0.682972
NL63,579,57.9000,0.782190
NL63,580,58.0000,0.765035
NL63,581,58.1000,0.695393
NL63,582,58.2000,0.527490
NL63,583,58.3000,0.818395
NL63,584,58.4000,0.977255
NL63,585,58.5000,0.614729
NL63,586,58.6000,0.916144
NL63,587,58.7000,0.559778
NL63,588,58.8000,0.852509
NL63,589,58.9000,0.607026
NL63,590,59.0000,0.979654
NL63,591,59.1000,0.940692
NL63,592,59.2000,1.115609
NL63,593,59.3000,0.585727
NL63,594,59.4000,0.851939
NL63,595,59.5000,0.647268
NL63,596,59.6000,0.467145
NL63,597,59.7000,0.613525
NL63,598,59.8000,0.438008
NL63,599,59.9000,0.627728
NL63,600,60.0000,0.559108
NL63,601,60.1000,0.880100
NL63,602,60.2000,0.750996
NL63,603,60.3000,0.715584
NL63,604,60.4000,0.580844
NL63,605,60.5000,0.704479
NL63,606,60.6000,0.546312
NL63,607,60.7000,0.724234
NL63,608,60.8000,0.622265
NL63,609,60.9000,0.688859
NL63,610,61.0000,0.698883
NL63,611,61.1000,0.601257
NL63,612,61.2000,0.825411
NL63,613,61.3000,0.434775
NL63,614,61.4000,0.849599
NL63,615,61.5000,0.624603
NL63,616,61.6000,0.828693
NL63,617,61.7000,0.600331
NL63,618,61.8000,0.631280
NL63,619,61.9000,0.481489
NL63,620,62.0000,0.739434
NL63,621,62.1000,0.619829
NL63,622,62.2000,0.568255
NL63,623,62.3000,0.642193
NL63,624,62.4000,0.715949
NL63,625,62.5000,0.735552
NL63,626,62.6000,0.609735
NL63,627,62.7000,0.496441
NL63,628,62.8000,0.736942
NL63,629,62.9000,0.612866
NL63,630,63.0000,0.874498
NL63,631,63.1000,0.860815
NL63,632,63.2000,0.260945
NL63,633,63.3000,0.642063
NL63,634,63.4000,0.631349
NL63,635,63.5000,0.700758
NL63,636,63.6000,1.036584
NL63,637,63.7000,0.329886
NL63,638,63.8000,0.805034
NL63,639,63.9000,0.788819
NL63,640,64.0000,0.948571
NL63,641,64.1000,0.793855
NL63,642,64.2000,0.369152
NL63,643,64.3000,0.944051
NL63,644,64.4000,1.256537
NL63,645,64.5000,1.221362
NL63,646,64.6000,1.062212
NL63,647,64.7000,0.772835
NL63,648,64.8000,0.662285
NL63,649,64.9000,0.802123
NL63,650,65.0000,0.748321
NL63,651,65.1000,0.951772
NL63,652,65.2000,0.858933
NL63,653,65.3000,0.488206
NL63,654,65.4000,0.839357
NL63,655,65.5000,0.560138
NL63,656,65.6000,0.893356
NL63,657,65.7000,0.559418
NL63,658,65.8000,0.498625
NL63,659,65.9000,0.712997
NL63,660,66.0000,0.683229
NL63,661,66.1000,1.012544
NL63,662,66.2000,0.798560
NL63,663,66.3000,0.923537
NL63,664,66.4000,0.529565
NL63,665,66.5000,0.778673
NL63,666,66.6000,0.820575
NL63,667,66.7000,0.691737
NL63,668,66.8000,0.716642
NL63,669,66.9000,0.485711
NL63,670,67.0000,0.542943
NL63,671,67.1000,0.358504
NL63,672,67.2000,0.813948
NL63,673,67.3000,0.702775
NL63,674,67.4000,1.006752
NL63,675,67.5000,0.756673
NL63,676,67.6000,1.088303
NL63,677,67.7000,0.740102
NL63,678,67.8000,1.016896
NL63,679,67.9000,1.319597
NL63,680,68.0000,1.082079
NL63,681,68.1000,1.090189
NL63,682,68.2000,0.468142
NL63,683,68.3000,0.556728
NL63,684,68.4000,0.817260
NL63,685,68.5000,1.137667
NL63,686,68.6000,0.752735
NL63,687,68.7000,0.972476
NL63,688,68.8000,1.145935
NL63,689,68.9000,0.831746
NL63,690,69.0000,0.934045
NL63,691,69.1000,1.154460
NL63,692,69.2000,1.042522
NL63,693,69.3000,0.706089
NL63,694,69.4000,0.937139
NL63,695,69.5000,0.432340
NL63,696,69.6000,0.806128
NL63,697,69.7000,1.071251
NL63,698,69.8000,1.024919
NL63,699,69.9000,0.680995
NL63,700,70.0000,0.938303
NL63,701,70.1000,0.643343
NL63,702,70.2000,0.754712
NL63,703,70.3000,0.844829
NL63,704,70.4000,0.417920
NL63,705,70.5000,0.624984
NL63,706,70.6000,0.444558
NL63,707,70.7000,0.805006
NL63,708,70.8000,0.814523
NL63,709,70.9000,0.753465
NL63,710,71.0000,0.665491
NL63,711,71.1000,0.679081
NL63,712,71.2000,0.664536
NL63,713,71.3000,0.522797
NL63,714,71.4000,0.547999
NL63,715,71.5000,0.596163
NL63,716,71.6000,0.969661
NL63,717,71.7000,0.862121
NL63,718,71.8000,0.611400
NL63,719,71.9000,0.812343
NL63,720,72.0000,0.890542
NL63,721,72.1000,0.846900
NL63,722,72.2000,0.928924
NL63,723,72.3000,0.594268
NL63,724,72.4000,0.592408
NL63,725,72.5000,0.761186
NL63,726,72.6000,0.476746
NL63,727,72.7000,0.661268
NL63,728,72.8000,0.628539
NL63,729,72.9000,0.798959
NL63,730,73.0000,0.921633
NL63,731,73.1000,0.693209
NL63,732,73.2000,0.723539
NL63,733,73.3000,0.569046
NL63,734,73.4000,0.751809
NL63,735,73.5000,1.110512
NL63,736,73.6000,0.680127
NL63,737,73.7000,0.882831
NL63,738,73.8000,0.885760
NL63,739,73.9000,1.045447
NL63,740,74.0000,0.649556
NL63,741,74.1000,0.985322
NL63,742,74.2000,1.026994
NL63,743,74.3000,1.024598
NL63,744,74.4000,0.964493
NL63,745,74.5000,1.004940
NL63,746,74.6000,0.868505
NL63,747,74.7000,1.076248
NL63,748,74.8000,0.895777
NL63,749,74.9000,0.773394
NL63,750,75.0000,1.046363
NL63,751,75.1000,0.572682
NL63,752,75.2000,0.450185
NL63,753,75.3000,0.995547
NL63,754,75.4000,0.732258
NL63,755,75.5000,0.509983
NL63,756,75.6000,0.663316
NL63,757,75.7000,0.818004
NL63,758,75.8000,0.926253
NL63,759,75.9000,0.824481
NL63,760,76.0000,0.937494
NL63,761,76.1000,0.712919
NL63,762,76.2000,0.565820
NL63,763,76.3000,0.728597
NL63,764,76.4000,0.673341
NL63,765,76.5000,0.533095
NL63,766,76.6000,0.778054
NL63,767,76.7000,0.749613
NL63,768,76.8000,0.440544
NL63,769,76.9000,0.509479
NL63,770,77.0000,0.649898
NL63,771,77.1000,0.494148
NL63,772,77.2000,0.681808
NL63,773,77.3000,0.720811
NL63,774,77.4000,0.637070
NL63,775,77.5000,0.578823
NL63,776,77.6000,0.699992
NL63,777,77.7000,0.739112
NL63,778,77.8000,0.412593
NL63,779,77.9000,0.738505
NL63,780,78.0000,1.072412
NL63,781,78.1000,1.360216
NL63,782,78.2000,1.226366
NL63,783,78.3000,1.380130
NL63,784,78.4000,0.939216
NL63,785,78.5000,0.632630
NL63,786,78.6000,0.732974
NL63,787,78.7000,0.874895
NL63,788,78.8000,0.923127
NL63,789,78.9000,0.926010
NL63,790,79.0000,0.688765
NL63,791,79.1000,0.788592
NL63,792,79.2000,0.589680
NL63,793,79.3000,0.876641
NL63,794,79.4000,0.818242
NL63,795,79.5000,0.723103
NL63,796,79.6000,0.709121
NL63,797,79.7000,0.808037
NL63,798,79.8000,0.795325
NL63,799,79.9000,0.531024
NL63,800,80.0000,0.579964
NL63,801,80.1000,0.994087
NL63,802,80.2000,1.000212
NL63,803,80.3000,0.734881
NL63,804,80.4000,0.585188
NL63,805,80.5000,0.877104
NL63,806,80.6000,1.224119
NL63,807,80.7000,0.892711
NL63,808,80.8000,0.884480
NL63,809,80.9000,0.654954
NL63,810,81.0000,0.797166
NL63,811,81.1000,0.982822
NL63,812,81.2000,0.624834
NL63,813,81.3000,0.913041
NL63,814,81.4000,0.722737
NL63,815,81.5000,0.795253
NL63,816,81.6000,1.704840
NL63,817,81.7000,1.478361
NL63,818,81.8000,1.715853
NL63,819,81.9000,1.100968
NL63,820,82.0000,0.888686
NL63,821,82.1000,1.013356
NL63,822,82.2000,1.311023
NL63,823,82.3000,0.612341
NL63,824,82.4000,1.296098
NL63,825,82.5000,0.743267
NL63,826,82.6000,0.632835
NL63,827,82.7000,0.888445
NL63,828,82.8000,0.905896
NL63,829,82.9000,0.914756
NL63,830,83.0000,1.245715
NL63,831,83.1000,0.936880
NL63,832,83.2000,0.835088
NL63,833,83.3000,0.681105
NL63,834,83.4000,0.638475
NL63,835,83.5000,1.042122
NL63,836,83.6000,0.610879
NL63,837,83.7000,0.592624
NL63,838,83.8000,0.928646
NL63,839,83.9000,0.685565
NL63,840,84.0000,0.802452
NL63,841,84.1000,0.993424
NL63,842,84.2000,0.798093
NL63,843,84.3000,1.001175
NL63,844,84.4000,0.922317
NL63,845,84.5000,1.018427
NL63,846,84.6000,1.168328
NL63,847,84.7000,1.542490
NL63,848,84.8000,1.481273
NL63,849,84.9000,1.432917
NL63,850,85.0000,1.558847
NL63,851,85.1000,1.363642
NL63,852,85.2000,1.412320
NL63,853,85.3000,1.440600
NL63,854,85.4000,1.440075
NL63,855,85.5000,1.360360
NL63,856,85.6000,1.441355
NL63,857,85.7000,1.537832
NL63,858,85.8000,1.539992
NL63,859,85.9000,1.336211
NL63,860,86.0000,1.429991
NL63,861,86.1000,1.428205
NL63,862,86.2000,1.559107
NL63,863,86.3000,1.508535
NL63,864,86.4000,1.511018
NL63,865,86.5000,1.452620
NL63,866,86.6000,1.103933
NL63,867,86.7000,1.626235
NL63,868,86.8000,0.784681
NL63,869,86.9000,0.781606
NL63,870,87.0000,0.461323
NL63,871,87.1000,0.865288
NL63,872,87.2000,0.673313
NL63,873,87.3000,0.705843
NL63,874,87.4000,0.780642
NL63,875,87.5000,0.997067
NL63,876,87.6000,1.057364
NL63,877,87.7000,0.616992
NL63,878,87.8000,0.546411
NL63,879,87.9000,0.951552
NL63,880,88.0000,0.559896
NL63,881,88.1000,0.899019
NL63,882,88.2000,0.518379
NL63,883,88.3000,0.312302
NL63,884,88.4000,0.589399
NL63,885,88.5000,0.861607
NL63,886,88.6000,0.405618
NL63,887,88.7000,0.329982
NL63,888,88.8000,1.172741
NL63,889,88.9000,0.778702
NL63,890,89.0000,0.459730
NL63,891,89.1000,0.492720
NL63,892,89.2000,0.718317
NL63,893,89.3000,0.758644
NL63,894,89.4000,0.630844
NL63,895,89.5000,0.553084
NL63,896,89.6000,0.859022
NL63,897,89.7000,0.798378
NL63,898,89.8000,0.799522
NL63,899,89.9000,0.581573
NL63,900,90.0000,0.714188
NL63,901,90.1000,1.078930
NL63,902,90.2000,0.506398
NL63,903,90.3000,0.922061
NL63,904,90.4000,0.817258
NL63,905,90.5000,0.700413
NL63,906,90.6000,0.992807
NL63,907,90.7000,0.701594
NL63,908,90.8000,0.832745
NL63,909,90.9000,0.785471
NL63,910,91.0000,1.000361
NL63,911,91.1000,0.584196
NL63,912,91.2000,0.676520
NL63,913,91.3000,0.881160
NL63,914,91.4000,0.439164
NL63,915,91.5000,0.615463
NL63,916,91.6000,0.900904
NL63,917,91.7000,0.754024
NL63,918,91.8000,0.862894
NL63,919,91.9000,0.887228
NL63,920,92.0000,0.834825
NL63,921,92.1000,0.838357
NL63,922,92.2000,0.771816
NL63,923,92.3000,1.316336
NL63,924,92.4000,0.694602
NL63,925,92.5000,0.766221
NL63,926,92.6000,0.941406
NL63,927,92.7000,0.508768
NL63,928,92.8000,0.599412
NL63,929,92.9000,0.653899
NL63,930,93.0000,0.853131
NL63,931,93.1000,0.853841
NL63,932,93.2000,0.484896
NL63,933,93.3000,0.742914
NL63,934,93.4000,0.799584
NL63,935,93.5000,0.845400
NL63,936,93.6000,0.658500
NL63,937,93.7000,0.723103
NL63,938,93.8000,0.754760
NL63,939,93.9000,0.789061
NL63,940,94.0000,0.986494
NL63,941,94.1000,0.721775
NL63,942,94.2000,0.840753
NL63,943,94.3000,0.851379
NL63,944,94.4000,0.680578
NL63,945,94.5000,0.831806
NL63,946,94.6000,0.733421
NL63,947,94.7000,0.755816
NL63,948,94.8000,0.535638
NL63,949,94.9000,0.707478
NL63,950,95.0000,0.758758
NL63,951,95.1000,0.797111
NL63,952,95.2000,0.878663
NL63,953,95.3000,0.640038
NL63,954,95.4000,0.852758
NL63,955,95.5000,0.611721
NL63,956,95.6000,0.790470
NL63,957,95.7000,0.622857
NL63,958,95.8000,0.649776
NL63,959,95.9000,0.842702
NL63,960,96.0000,0.676201
NL63,961,96.1000,0.731508
NL63,962,96.2000,0.870642
NL63,963,96.3000,0.736072
NL63,964,96.4000,1.037506
NL63,965,96.5000,0.656857
NL63,966,96.6000,0.647753
NL63,967,96.7000,0.631223
NL63,968,96.8000,0.791194
NL63,969,96.9000,0.794246
NL63,970,97.0000,0.604363
NL63,971,97.1000,0.635144
NL63,972,97.2000,0.709056
NL63,973,97.3000,0.710660
NL63,974,97.4000,0.679565
NL63,975,97.5000,0.979455
NL63,976,97.6000,0.873084
NL63,977,97.7000,1.018666
NL63,978,97.8000,0.560461
NL63,979,97.9000,0.780591
NL63,980,98.0000,0.804686
NL63,981,98.1000,0.714552
NL63,982,98.2000,0.891903
NL63,983,98.3000,0.689383
NL63,984,98.4000,0.920322
NL63,985,98.5000,0.727527
NL63,986,98.6000,0.868526
NL63,987,98.7000,0.955616
NL63,988,98.8000,0.954186
NL63,989,98.9000,1.038252
NL63,990,99.0000,0.894649
NL63,991,99.1000,1.429442
NL63,992,99.2000,1.814835
NL63,993,99.3000,1.641678
NL63,994,99.4000,1.884128
NL63,995,99.5000,1.837020
NL63,996,99.6000,1.617926
NL63,997,99.7000,1.841737
NL63,998,99.8000,1.933594
NL63,999,99.9000,1.611144
NL63,1000,100.0000,1.794271
229E,0,0.0000,0.001472
229E,1,0.1000,1.425054
229E,2,0.2000,1.707259
229E,3,0.3000,0.500573
229E,4,0.4000,0.980224
229E,5,0.5000,1.069334
229E,6,0.6000,0.806965
229E,7,0.7000,1.283695
229E,8,0.8000,1.068471
229E,9,0.9000,1.195682
229E,10,1.0000,1.293444
229E,11,1.1000,2.134475
229E,12,1.2000,0.868140
229E,13,1.3000,1.779316
229E,14,1.4000,1.728069
229E,15,1.5000,1.537106
229E,16,1.6000,1.251816
229E,17,1.7000,1.010282
229E,18,1.8000,1.536280
229E,19,1.9000,1.543977
229E,20,2.0000,2.193582
229E,21,2.1000,2.168976
229E,22,2.2000,2.320526
229E,23,2.3000,2.104748
229E,24,2.4000,1.067972
229E,25,2.5000,1.262800
229E,26,2.6000,1.303707
229E,27,2.7000,1.375321
229E,28,2.8000,1.878017
229E,29,2.9000,1.019858
229E,30,3.0000,1.317740
229E,31,3.1000,1.013136
229E,32,3.2000,2.376091
229E,33,3.3000,1.512411
229E,34,3.4000,1.507529
229E,35,3.5000,1.521793
229E,36,3.6000,0.885274
229E,37,3.7000,1.188906
229E,38,3.8000,0.952180
229E,39,3.9000,1.048093
229E,40,4.0000,1.323174
229E,41,4.1000,1.003604
229E,42,4.2000,0.645067
229E,43,4.3000,1.478600
229E,44,4.4000,1.712774
229E,45,4.5000,1.450811
229E,46,4.6000,1.967353
229E,47,4.7000,0.987648
229E,48,4.8000,1.649091
229E,49,4.9000,1.122640
229E,50,5.0000,1.245705
229E,51,5.1000,1.561706
229E,52,5.2000,1.573720
229E,53,5.3000,0.566399
229E,54,5.4000,0.710416
229E,55,5.5000,1.208632
229E,56,5.6000,1.406181
229E,57,5.7000,1.134367
229E,58,5.8000,1.502321
229E,59,5.9000,1.222679
229E,60,6.0000,1.394002
229E,61,6.1000,0.695610
229E,62,6.2000,0.889141
229E,63,6.3000,0.937989
229E,64,6.4000,1.015388
229E,65,6.5000,0.930562
229E,66,6.6000,0.919957
229E,67,6.7000,0.754416
229E,68,6.8000,0.768060
229E,69,6.9000,1.295009
229E,70,7.0000,1.283180
229E,71,7.1000,1.015456
229E,72,7.2000,1.775829
229E,73,7.3000,1.467386
229E,74,7.4000,1.727884
229E,75,7.5000,1.110399
229E,76,7.6000,0.875022
229E,77,7.7000,1.471369
229E,78,7.8000,1.808033
229E,79,7.9000,1.526784
229E,80,8.0000,1.464055
229E,81,8.1000,1.309182
229E,82,8.2000,0.931002
229E,83,8.3000,1.131712
229E,84,8.4000,0.511033
229E,85,8.5000,0.887030
229E,86,8.6000,0.860194
229E,87,8.7000,1.053592
229E,88,8.8000,1.665890
229E,89,8.9000,1.853379
229E,90,9.0000,1.168510
229E,91,9.1000,1.318441
229E,92,9.2000,1.938533
229E,93,9.3000,0.767952
229E,94,9.4000,1.838639
229E,95,9.5000,1.472222
229E,96,9.6000,1.884293
229E,97,9.7000,0.770908
229E,98,9.8000,1.182262
229E,99,9.9000,1.442360
229E,100,10.0000,0.541320
229E,101,10.1000,1.502651
229E,102,10.2000,1.686422
229E,103,10.3000,1.263140
229E,104,10.4000,1.014073
229E,105,10.5000,1.161639
229E,106,10.6000,1.485325
229E,107,10.7000,1.473067
229E,108,10.8000,1.763227
229E,109,10.9000,0.862921
229E,110,11.0000,1.042867
229E,111,11.1000,1.595591
229E,112,11.2000,1.260879
229E,113,11.3000,1.490820
229E,114,11.4000,1.687796
229E,115,11.5000,1.480965
229E,116,11.6000,1.625531
229E,117,11.7000,1.601581
229E,118,11.8000,1.525419
229E,119,11.9000,0.511688
229E,120,12.0000,1.025220
229E,121,12.1000,1.092842
229E,122,12.2000,1.221227
229E,123,12.3000,0.510654
229E,124,12.4000,0.781893
229E,125,12.5000,0.842917
229E,126,12.6000,1.002646
229E,127,12.7000,1.560118
229E,128,12.8000,1.428884
229E,129,12.9000,1.779435
229E,130,13.0000,1.037383
229E,131,13.1000,1.492914
229E,132,13.2000,1.310905
229E,133,13.3000,0.621803
229E,134,13.4000,0.845159
229E,135,13.5000,0.805422
229E,136,13.6000,0.687503
229E,137,13.7000,0.589368
229E,138,13.8000,1.155012
229E,139,13.9000,0.919837
229E,140,14.0000,0.358948
229E,141,14.1000,1.229604
229E,142,14.2000,1.044254
229E,143,14.3000,0.615451
229E,144,14.4000,1.389716
229E,145,14.5000,1.730829
229E,146,14.6000,1.805376
229E,147,14.7000,0.966187
229E,148,14.8000,2.116440
229E,149,14.9000,1.565283
229E,150,15.0000,1.455001
229E,151,15.1000,1.273982
229E,152,15.2000,0.988778
229E,153,15.3000,1.726857
229E,154,15.4000,1.488970
229E,155,15.5000,1.086456
229E,156,15.6000,1.254917
229E,157,15.7000,1.518538
229E,158,15.8000,1.129391
229E,159,15.9000,1.844104
229E,160,16.0000,0.851692
229E,161,16.1000,1.102744
229E,162,16.2000,0.870795
229E,163,16.3000,0.504788
229E,164,16.4000,0.811207
229E,165,16.5000,1.986268
229E,166,16.6000,0.481358
229E,167,16.7000,1.226660
229E,168,16.8000,0.618593
229E,169,16.9000,0.512911
229E,170,17.0000,0.809470
229E,171,17.1000,0.878239
229E,172,17.2000,1.274351
229E,173,17.3000,1.319659
229E,174,17.4000,1.367297
229E,175,17.5000,0.751167
229E,176,17.6000,1.251734
229E,177,17.7000,0.961788
229E,178,17.8000,0.840171
229E,179,17.9000,0.988535
229E,180,18.0000,0.663756
229E,181,18.1000,1.506618
229E,182,18.2000,1.732113
229E,183,18.3000,1.403434
229E,184,18.4000,1.844541
229E,185,18.5000,1.525807
229E,186,18.6000,2.042952
229E,187,18.7000,1.658785
229E,188,18.8000,1.441547
229E,189,18.9000,1.686260
229E,190,19.0000,1.801551
229E,191,19.1000,1.522420
229E,192,19.2000,1.550705
229E,193,19.3000,1.598149
229E,194,19.4000,1.326318
229E,195,19.5000,1.397000
229E,196,19.6000,1.349113
229E,197,19.7000,1.414734
229E,198,19.8000,1.536747
229E,199,19.9000,1.420081
229E,200,20.0000,0.861817
229E,201,20.1000,1.591906
229E,202,20.2000,1.026198
229E,203,20.3000,0.891381
229E,204,20.4000,1.382733
229E,205,20.5000,1.485827
229E,206,20.6000,0.936311
229E,207,20.7000,1.568419
229E,208,20.8000,1.550331
229E,209,20.9000,0.769456
229E,210,21.0000,1.400286
229E,211,21.1000,1.428308
229E,212,21.2000,1.139037
229E,213,21.3000,0.602870
229E,214,21.4000,0.903427
229E,215,21.5000,1.723367
229E,216,21.6000,1.670933
229E,217,21.7000,1.465750
229E,218,21.8000,1.456792
229E,219,21.9000,1.361416
229E,220,22.0000,1.677823
229E,221,22.1000,0.633231
229E,222,22.2000,1.094186
229E,223,22.3000,0.631320
229E,224,22.4000,0.424731
229E,225,22.5000,0.353251
229E,226,22.6000,0.421473
229E,227,22.7000,0.544420
229E,228,22.8000,0.453387
229E,229,22.9000,0.754501
229E,230,23.0000,0.944122
229E,231,23.1000,1.344954
229E,232,23.2000,1.378680
229E,233,23.3000,1.487091
229E,234,23.4000,0.896571
229E,235,23.5000,1.123800
229E,236,23.6000,1.534256
229E,237,23.7000,1.587078
229E,238,23.8000,1.599978
229E,239,23.9000,1.691828
229E,240,24.0000,1.508814
229E,241,24.1000,0.534435
229E,242,24.2000,0.262258
229E,243,24.3000,15.673012
229E,244,24.4000,0.491482
229E,245,24.5000,0.508350
229E,246,24.6000,1.110710
229E,247,24.7000,0.802128
229E,248,24.8000,1.281593
229E,249,24.9000,1.478074
229E,250,25.0000,1.495694
229E,251,25.1000,1.489683
229E,252,25.2000,1.082731
229E,253,25.3000,1.659685
229E,254,25.4000,1.537463
229E,255,25.5000,0.561645
229E,256,25.6000,0.916804
229E,257,25.7000,0.823715
229E,258,25.8000,1.029556
229E,259,25.9000,0.653196
229E,260,26.0000,1.745219
229E,261,26.1000,1.648555
229E,262,26.2000,1.230864
229E,263,26.3000,0.843718
229E,264,26.4000,0.529139
229E,265,26.5000,1.130651
229E,266,26.6000,1.487453
229E,267,26.7000,1.651388
229E,268,26.8000,1.059470
229E,269,26.9000,1.088617
229E,270,27.0000,1.048888
229E,271,27.1000,1.002558
229E,272,27.2000,1.935895
229E,273,27.3000,1.014919
229E,274,27.4000,1.606811
229E,275,27.5000,2.186049
229E,276,27.6000,0.885334
229E,277,27.7000,1.068757
229E,278,27.8000,1.124682
229E,279,27.9000,1.259486
229E,280,28.0000,1.095695
229E,281,28.1000,1.552612
229E,282,28.2000,1.983922
229E,283,28.3000,1.610626
229E,284,28.4000,1.739484
229E,285,28.5000,0.838055
229E,286,28.6000,1.598754
229E,287,28.7000,1.844790
229E,288,28.8000,1.680799
229E,289,28.9000,1.698815
229E,290,29.0000,1.039436
229E,291,29.1000,1.124849
229E,292,29.2000,1.058989
229E,293,29.3000,0.935046
229E,294,29.4000,1.090961
229E,295,29.5000,1.048935
229E,296,29.6000,1.122018
229E,297,29.7000,1.171303
229E,298,29.8000,1.211853
229E,299,29.9000,1.207302
229E,300,30.0000,1.238731
229E,301,30.1000,1.466513
229E,302,30.2000,0.941429
229E,303,30.3000,1.434617
229E,304,30.4000,0.927378
229E,305,30.5000,2.040873
229E,306,30.6000,1.082212
229E,307,30.7000,1.905526
229E,308,30.8000,1.483407
229E,309,30.9000,0.826008
229E,310,31.0000,1.575366
229E,311,31.1000,1.079863
229E,312,31.2000,1.545123
229E,313,31.3000,1.235676
229E,314,31.4000,1.196242
229E,315,31.5000,1.904603
229E,316,31.6000,1.122918
229E,317,31.7000,1.541024
229E,318,31.8000,1.449015
229E,319,31.9000,1.641058
229E,320,32.0000,1.853791
229E,321,32.1000,1.879040
229E,322,32.2000,0.910572
229E,323,32.3000,1.859567
229E,324,32.4000,1.276511
229E,325,32.5000,1.112644
229E,326,32.6000,1.286594
229E,327,32.7000,1.261026
229E,328,32.8000,1.858556
229E,329,32.9000,1.571502
229E,330,33.0000,1.389693
229E,331,33.1000,1.228137
229E,332,33.2000,1.673364
229E,333,33.3000,1.800295
229E,334,33.4000,1.565253
229E,335,33.5000,1.097212
229E,336,33.6000,1.773788
229E,337,33.7000,1.426932
229E,338,33.8000,1.132310
229E,339,33.9000,0.832934
229E,340,34.0000,0.933619
229E,341,34.1000,1.154039
229E,342,34.2000,1.415878
229E,343,34.3000,1.224628
229E,344,34.4000,1.423281
229E,345,34.5000,1.262245
229E,346,34.6000,0.746869
229E,347,34.7000,1.146015
229E,348,34.8000,1.580690
229E,349,34.9000,0.793665
229E,350,35.0000,1.132429
229E,351,35.1000,1.212145
229E,352,35.2000,1.228664
229E,353,35.3000,1.493197
229E,354,35.4000,0.729568
229E,355,35.5000,1.220953
229E,356,35.6000,1.095858
229E,357,35.7000,1.395660
229E,358,35.8000,1.042988
229E,359,35.9000,1.189032
229E,360,36.0000,1.546514
229E,361,36.1000,1.311929
229E,362,36.2000,1.698167
229E,363,36.3000,1.404021
229E,364,36.4000,1.023063
229E,365,36.5000,1.106331
229E,366,36.6000,0.971806
229E,367,36.7000,0.549206
229E,368,36.8000,1.261340
229E,369,36.9000,0.767043
229E,370,37.0000,1.198879
229E,371,37.1000,0.765586
229E,372,37.2000,1.252224
229E,373,37.3000,1.514197
229E,374,37.4000,1.060727
229E,375,37.5000,0.958676
229E,376,37.6000,1.783098
229E,377,37.7000,1.118000
229E,378,37.8000,1.263835
229E,379,37.9000,0.736119
229E,380,38.0000,1.287613
229E,381,38.1000,1.466319
229E,382,38.2000,0.981296
229E,383,38.3000,1.719322
229E,384,38.4000,1.056309
229E,385,38.5000,1.393133
229E,386,38.6000,1.277850
229E,387,38.7000,1.162645
229E,388,38.8000,1.746718
229E,389,38.9000,1.003843
229E,390,39.0000,0.774496
229E,391,39.1000,1.350164
229E,392,39.2000,0.429105
229E,393,39.3000,0.998023
229E,394,39.4000,1.866668
229E,395,39.5000,1.042185
229E,396,39.6000,0.627243
229E,397,39.7000,1.401886
229E,398,39.8000,1.184224
229E,399,39.9000,1.641742
229E,400,40.0000,1.116535
229E,401,40.1000,1.226488
229E,402,40.2000,0.914158
229E,403,40.3000,0.830809
229E,404,40.4000,1.083041
229E,405,40.5000,0.949789
229E,406,40.6000,1.255615
229E,407,40.7000,0.852495
229E,408,40.8000,0.900190
229E,409,40.9000,1.647429
229E,410,41.0000,1.103674
229E,411,41.1000,1.587800
229E,412,41.2000,1.761711
229E,413,41.3000,1.736253
229E,414,41.4000,1.201967
229E,415,41.5000,1.362091
229E,416,41.6000,1.680609
229E,417,41.7000,1.586151
229E,418,41.8000,1.942950
229E,419,41.9000,1.712270
229E,420,42.0000,2.168951
229E,421,42.1000,1.421192
229E,422,42.2000,1.754295
229E,423,42.3000,1.835609
229E,424,42.4000,1.508331
229E,425,42.5000,1.992883
229E,426,42.6000,1.020468
229E,427,42.7000,1.424076
229E,428,42.8000,1.812908
229E,429,42.9000,1.363052
229E,430,43.0000,1.244851
229E,431,43.1000,1.432584
229E,432,43.2000,0.694757
229E,433,43.3000,1.832123
229E,434,43.4000,1.899899
229E,435,43.5000,1.168543
229E,436,43.6000,0.951272
229E,437,43.7000,1.035073
229E,438,43.8000,0.977712
229E,439,43.9000,1.357978
229E,440,44.0000,0.998026
229E,441,44.1000,1.171110
229E,442,44.2000,1.311192
229E,443,44.3000,1.065677
229E,444,44.4000,0.739601
229E,445,44.5000,1.076203
229E,446,44.6000,0.739540
229E,447,44.7000,1.205709
229E,448,44.8000,1.168427
229E,449,44.9000,1.085625
229E,450,45.0000,0.670101
229E,451,45.1000,0.757238
229E,452,45.2000,1.709587
229E,453,45.3000,1.334571
229E,454,45.4000,0.866449
229E,455,45.5000,1.174320
229E,456,45.6000,0.764404
229E,457,45.7000,1.325976
229E,458,45.8000,0.933888
229E,459,45.9000,1.540123
229E,460,46.0000,1.181416
229E,461,46.1000,1.748171
229E,462,46.2000,1.335042
229E,463,46.3000,1.580235
229E,464,46.4000,1.560398
229E,465,46.5000,1.448650
229E,466,46.6000,1.285294
229E,467,46.7000,0.759261
229E,468,46.8000,1.141688
229E,469,46.9000,1.156804
229E,470,47.0000,1.363037
229E,471,47.1000,1.264174
229E,472,47.2000,1.219836
229E,473,47.3000,1.381933
229E,474,47.4000,1.088402
229E,475,47.5000,1.313455
229E,476,47.6000,1.319514
229E,477,47.7000,1.330199
229E,478,47.8000,0.529284
229E,479,47.9000,1.661799
229E,480,48.0000,1.183308
229E,481,48.1000,0.960376
229E,482,48.2000,1.514865
229E,483,48.3000,1.857685
229E,484,48.4000,1.031591
229E,485,48.5000,1.101116
229E,486,48.6000,1.131591
229E,487,48.7000,1.415314
229E,488,48.8000,1.088244
229E,489,48.9000,0.638348
229E,490,49.0000,1.018774
229E,491,49.1000,1.237640
229E,492,49.2000,1.215865
229E,493,49.3000,1.874062
229E,494,49.4000,1.174179
229E,495,49.5000,1.269103
229E,496,49.6000,0.764803
229E,497,49.7000,0.930124
229E,498,49.8000,1.425002
229E,499,49.9000,1.035144
229E,500,50.0000,0.981971
229E,501,50.1000,0.982282
229E,502,50.2000,1.200740
229E,503,50.3000,1.575436
229E,504,50.4000,0.635360
229E,505,50.5000,1.190372
229E,506,50.6000,1.721122
229E,507,50.7000,1.579464
229E,508,50.8000,1.759088
229E,509,50.9000,1.847512
229E,510,51.0000,1.505157
229E,511,51.1000,0.597113
229E,512,51.2000,1.707271
229E,513,51.3000,2.032603
229E,514,51.4000,1.671626
229E,515,51.5000,1.696891
229E,516,51.6000,1.485601
229E,517,51.7000,0.990303
229E,518,51.8000,1.716103
229E,519,51.9000,1.775460
229E,520,52.0000,0.563746
229E,521,52.1000,1.417557
229E,522,52.2000,1.705162
229E,523,52.3000,1.452922
229E,524,52.4000,1.748238
229E,525,52.5000,1.622563
229E,526,52.6000,1.642654
229E,527,52.7000,1.491666
229E,528,52.8000,1.947059
229E,529,52.9000,1.673145
229E,530,53.0000,0.770000
229E,531,53.1000,1.443227
229E,532,53.2000,0.995911
229E,533,53.3000,0.815317
229E,534,53.4000,1.185192
229E,535,53.5000,1.557548
229E,536,53.6000,1.185432
229E,537,53.7000,1.673563
229E,538,53.8000,1.800365
229E,539,53.9000,1.615813
229E,540,54.0000,1.540168
229E,541,54.1000,1.639542
229E,542,54.2000,1.361608
229E,543,54.3000,1.948174
229E,544,54.4000,1.573086
229E,545,54.5000,2.084608
229E,546,54.6000,1.716299
229E,547,54.7000,1.538364
229E,548,54.8000,1.617603
229E,549,54.9000,1.627223
229E,550,55.0000,1.677272
229E,551,55.1000,0.966452
229E,552,55.2000,1.252663
229E,553,55.3000,1.011847
229E,554,55.4000,1.211135
229E,555,55.5000,1.099596
229E,556,55.6000,1.300447
229E,557,55.7000,1.545060
229E,558,55.8000,1.242320
229E,559,55.9000,1.473923
229E,560,56.0000,0.613806
229E,561,56.1000,1.545805
229E,562,56.2000,1.174820
229E,563,56.3000,1.298096
229E,564,56.4000,1.176151
229E,565,56.5000,1.726016
229E,566,56.6000,0.866763
229E,567,56.7000,1.038152
229E,568,56.8000,1.124874
229E,569,56.9000,1.401311
229E,570,57.0000,1.065209
229E,571,57.1000,1.062729
229E,572,57.2000,1.062230
229E,573,57.3000,1.108017
229E,574,57.4000,1.678366
229E,575,57.5000,1.940462
229E,576,57.6000,1.037526
229E,577,57.7000,1.826068
229E,578,57.8000,1.822298
229E,579,57.9000,0.725975
229E,580,58.0000,0.939075
229E,581,58.1000,1.349254
229E,582,58.2000,1.502066
229E,583,58.3000,1.648721
229E,584,58.4000,0.743852
229E,585,58.5000,1.104169
229E,586,58.6000,0.991981
229E,587,58.7000,1.100395
229E,588,58.8000,1.831593
229E,589,58.9000,1.910022
229E,590,59.0000,1.068026
229E,591,59.1000,1.310427
229E,592,59.2000,1.281240
229E,593,59.3000,1.195389
229E,594,59.4000,1.191141
229E,595,59.5000,0.718077
229E,596,59.6000,1.497510
229E,597,59.7000,1.717022
229E,598,59.8000,1.796882
229E,599,59.9000,1.706869
229E,600,60.0000,1.829393
229E,601,60.1000,1.537784
229E,602,60.2000,1.320127
229E,603,60.3000,0.989413
229E,604,60.4000,1.523556
229E,605,60.5000,1.787908
229E,606,60.6000,1.848995
229E,607,60.7000,1.419767
229E,608,60.8000,1.853717
229E,609,60.9000,1.601876
229E,610,61.0000,1.832592
229E,611,61.1000,1.468403
229E,612,61.2000,1.717714
229E,613,61.3000,1.340777
229E,614,61.4000,1.944044
229E,615,61.5000,1.021412
229E,616,61.6000,1.270868
229E,617,61.7000,0.604399
229E,618,61.8000,1.037737
229E,619,61.9000,1.007746
229E,620,62.0000,0.951387
229E,621,62.1000,0.675664
229E,622,62.2000,0.710712
229E,623,62.3000,0.411575
229E,624,62.4000,1.080322
229E,625,62.5000,1.076707
229E,626,62.6000,1.434256
229E,627,62.7000,0.862254
229E,628,62.8000,0.870576
229E,629,62.9000,1.141994
229E,630,63.0000,1.522557
229E,631,63.1000,1.690683
229E,632,63.2000,1.263988
229E,633,63.3000,0.528149
229E,634,63.4000,0.551768
229E,635,63.5000,1.096075
229E,636,63.6000,1.402094
229E,637,63.7000,1.323158
229E,638,63.8000,1.205454
229E,639,63.9000,1.740465
229E,640,64.0000,1.458400
229E,641,64.1000,1.475978
229E,642,64.2000,1.392263
229E,643,64.3000,1.482694
229E,644,64.4000,1.407486
229E,645,64.5000,1.828229
229E,646,64.6000,1.869088
229E,647,64.7000,1.873969
229E,648,64.8000,1.664828
229E,649,64.9000,1.595057
229E,650,65.0000,1.856387
229E,651,65.1000,1.895106
229E,652,65.2000,1.582905
229E,653,65.3000,1.681952
229E,654,65.4000,1.885633
229E,655,65.5000,1.696627
229E,656,65.6000,1.389973
229E,657,65.7000,1.774066
229E,658,65.8000,1.465677
229E,659,65.9000,1.542493
229E,660,66.0000,1.895130
229E,661,66.1000,1.980636
229E,662,66.2000,1.899197
229E,663,66.3000,1.617788
229E,664,66.4000,1.665802
229E,665,66.5000,1.680612
229E,666,66.6000,1.932355
229E,667,66.7000,1.924552
229E,668,66.8000,1.427462
229E,669,66.9000,1.640735
229E,670,67.0000,1.380821
229E,671,67.1000,0.361760
229E,672,67.2000,1.091635
229E,673,67.3000,1.107612
229E,674,67.4000,1.017057
229E,675,67.5000,0.741396
229E,676,67.6000,0.541114
229E,677,67.7000,0.442395
229E,678,67.8000,0.806606
229E,679,67.9000,1.165670
229E,680,68.0000,0.803549
229E,681,68.1000,1.472649
229E,682,68.2000,1.477440
229E,683,68.3000,1.041112
229E,684,68.4000,0.883386
229E,685,68.5000,1.766502
229E,686,68.6000,1.344330
229E,687,68.7000,0.692624
229E,688,68.8000,1.249381
229E,689,68.9000,0.854939
229E,690,69.0000,0.960310
229E,691,69.1000,0.735570
229E,692,69.2000,0.778099
229E,693,69.3000,0.770267
229E,694,69.4000,0.534372
229E,695,69.5000,1.322620
229E,696,69.6000,0.619020
229E,697,69.7000,1.019703
229E,698,69.8000,1.052902
229E,699,69.9000,1.412725
229E,700,70.0000,1.227835
229E,701,70.1000,0.845709
229E,702,70.2000,0.866856
229E,703,70.3000,1.053542
229E,704,70.4000,1.387182
229E,705,70.5000,0.801216
229E,706,70.6000,1.009492
229E,707,70.7000,0.566263
229E,708,70.8000,0.976990
229E,709,70.9000,0.713993
229E,710,71.0000,0.596205
229E,711,71.1000,0.509287
229E,712,71.2000,0.748444
229E,713,71.3000,0.505001
229E,714,71.4000,0.826893
229E,715,71.5000,0.931359
229E,716,71.6000,0.863918
229E,717,71.7000,0.755282
229E,718,71.8000,0.781071
229E,719,71.9000,0.529765
229E,720,72.0000,0.968876
229E,721,72.1000,0.742812
229E,722,72.2000,0.950443
229E,723,72.3000,1.185453
229E,724,72.4000,1.051241
229E,725,72.5000,1.806852
229E,726,72.6000,1.688907
229E,727,72.7000,1.707281
229E,728,72.8000,1.486362
229E,729,72.9000,1.397580
229E,730,73.0000,1.482616
229E,731,73.1000,0.688173
229E,732,73.2000,1.507675
229E,733,73.3000,1.526402
229E,734,73.4000,0.973025
229E,735,73.5000,0.908073
229E,736,73.6000,0.733229
229E,737,73.7000,0.987239
229E,738,73.8000,0.735231
229E,739,73.9000,0.818409
229E,740,74.0000,0.980608
229E,741,74.1000,1.307853
229E,742,74.2000,1.193655
229E,743,74.3000,0.513840
229E,744,74.4000,0.461804
229E,745,74.5000,1.050744
229E,746,74.6000,0.858374
229E,747,74.7000,0.642730
229E,748,74.8000,0.820143
229E,749,74.9000,0.548428
229E,750,75.0000,0.455705
229E,751,75.1000,0.715019
229E,752,75.2000,0.674167
229E,753,75.3000,0.917525
229E,754,75.4000,1.031251
229E,755,75.5000,0.555920
229E,756,75.6000,0.848199
229E,757,75.7000,0.739209
229E,758,75.8000,0.720004
229E,759,75.9000,0.732984
229E,760,76.0000,0.454075
229E,761,76.1000,0.537670
229E,762,76.2000,0.926172
229E,763,76.3000,1.391182
229E,764,76.4000,0.697360
229E,765,76.5000,0.948272
229E,766,76.6000,0.833103
229E,767,76.7000,0.787893
229E,768,76.8000,0.893327
229E,769,76.9000,0.854042
229E,770,77.0000,0.826675
229E,771,77.1000,0.546401
229E,772,77.2000,0.680795
229E,773,77.3000,1.089308
229E,774,77.4000,0.928643
229E,775,77.5000,0.728768
229E,776,77.6000,0.473212
229E,777,77.7000,0.763390
229E,778,77.8000,0.708910
229E,779,77.9000,0.704871
229E,780,78.0000,0.446552
229E,781,78.1000,0.644630
229E,782,78.2000,1.658865
229E,783,78.3000,1.499758
229E,784,78.4000,1.548937
229E,785,78.5000,1.571305
229E,786,78.6000,1.489001
229E,787,78.7000,1.515936
229E,788,78.8000,1.568104
229E,789,78.9000,1.738906
229E,790,79.0000,1.472187
229E,791,79.1000,1.603267
229E,792,79.2000,1.587392
229E,793,79.3000,1.214253
229E,794,79.4000,1.649869
229E,795,79.5000,1.744928
229E,796,79.6000,1.057884
229E,797,79.7000,1.527189
229E,798,79.8000,1.687643
229E,799,79.9000,1.651579
229E,800,80.0000,0.984703
229E,801,80.1000,0.901800
229E,802,80.2000,1.385490
229E,803,80.3000,1.259388
229E,804,80.4000,1.304630
229E,805,80.5000,1.575898
229E,806,80.6000,1.687613
229E,807,80.7000,1.500342
229E,808,80.8000,1.628871
229E,809,80.9000,1.541418
229E,810,81.0000,1.466589
229E,811,81.1000,1.502976
229E,812,81.2000,1.936754
229E,813,81.3000,1.421822
229E,814,81.4000,1.654085
229E,815,81.5000,1.378449
229E,816,81.6000,1.269425
229E,817,81.7000,1.457766
229E,818,81.8000,1.710054
229E,819,81.9000,1.573598
229E,820,82.0000,1.684465
229E,821,82.1000,1.824088
229E,822,82.2000,0.597004
229E,823,82.3000,0.734008
229E,824,82.4000,0.511082
229E,825,82.5000,1.116505
229E,826,82.6000,1.353659
229E,827,82.7000,1.742466
229E,828,82.8000,1.405704
229E,829,82.9000,1.372741
229E,830,83.0000,1.935146
229E,831,83.1000,1.497206
229E,832,83.2000,1.716984
229E,833,83.3000,1.696588
229E,834,83.4000,1.557900
229E,835,83.5000,1.245262
229E,836,83.6000,1.761945
229E,837,83.7000,1.785764
229E,838,83.8000,1.837920
229E,839,83.9000,1.574067
229E,840,84.0000,0.997907
229E,841,84.1000,0.243625
229E,842,84.2000,0.865419
229E,843,84.3000,0.861048
229E,844,84.4000,0.598435
229E,845,84.5000,0.976419
229E,846,84.6000,1.061135
229E,847,84.7000,1.101648
229E,848,84.8000,1.105867
229E,849,84.9000,0.807030
229E,850,85.0000,0.748964
229E,851,85.1000,0.653574
229E,852,85.2000,0.922758
229E,853,85.3000,0.521550
229E,854,85.4000,0.985074
229E,855,85.5000,1.209479
229E,856,85.6000,0.608518
229E,857,85.7000,1.449876
229E,858,85.8000,0.933407
229E,859,85.9000,0.936577
229E,860,86.0000,1.101183
229E,861,86.1000,0.738788
229E,862,86.2000,1.302481
229E,863,86.3000,1.229096
229E,864,86.4000,1.677508
229E,865,86.5000,1.730555
229E,866,86.6000,1.678670
229E,867,86.7000,1.599183
229E,868,86.8000,1.763848
229E,869,86.9000,1.821486
229E,870,87.0000,1.659027
229E,871,87.1000,1.666466
229E,872,87.2000,1.364166
229E,873,87.3000,1.498436
229E,874,87.4000,1.188533
229E,875,87.5000,1.435043
229E,876,87.6000,1.319053
229E,877,87.7000,1.975744
229E,878,87.8000,0.994676
229E,879,87.9000,1.074600
229E,880,88.0000,1.140972
229E,881,88.1000,1.252934
229E,882,88.2000,1.631419
229E,883,88.3000,1.050387
229E,884,88.4000,0.979025
229E,885,88.5000,1.095903
229E,886,88.6000,1.738618
229E,887,88.7000,1.627647
229E,888,88.8000,1.236420
229E,889,88.9000,1.373933
229E,890,89.0000,1.168374
229E,891,89.1000,1.634773
229E,892,89.2000,1.615665
229E,893,89.3000,1.139331
229E,894,89.4000,0.935866
229E,895,89.5000,1.100631
229E,896,89.6000,1.100623
229E,897,89.7000,1.209676
229E,898,89.8000,1.067378
229E,899,89.9000,1.139443
229E,900,90.0000,0.831751
229E,901,90.1000,0.903459
229E,902,90.2000,1.378768
229E,903,90.3000,1.141847
229E,904,90.4000,0.844698
229E,905,90.5000,0.718296
229E,906,90.6000,1.261791
229E,907,90.7000,0.818683
229E,908,90.8000,0.844148
229E,909,90.9000,0.816654
229E,910,91.0000,2.020624
229E,911,91.1000,1.763025
229E,912,91.2000,1.671511
229E,913,91.3000,2.224705
229E,914,91.4000,1.428604
229E,915,91.5000,1.999055
229E,916,91.6000,1.476062
229E,917,91.7000,1.540033
229E,918,91.8000,1.746180
229E,919,91.9000,1.497973
229E,920,92.0000,1.264764
229E,921,92.1000,1.483797
229E,922,92.2000,1.293040
229E,923,92.3000,1.490134
229E,924,92.4000,1.247838
229E,925,92.5000,1.580685
229E,926,92.6000,1.612774
229E,927,92.7000,1.599857
229E,928,92.8000,1.414522
229E,929,92.9000,2.042064
229E,930,93.0000,2.027395
229E,931,93.1000,0.995439
229E,932,93.2000,1.694720
229E,933,93.3000,1.375304
229E,934,93.4000,1.433957
229E,935,93.5000,1.325917
229E,936,93.6000,1.574870
229E,937,93.7000,1.792439
229E,938,93.8000,1.446989
229E,939,93.9000,1.440944
229E,940,94.0000,1.598089
229E,941,94.1000,1.916480
229E,942,94.2000,1.064039
229E,943,94.3000,0.852009
229E,944,94.4000,0.797548
229E,945,94.5000,1.465662
229E,946,94.6000,1.727067
229E,947,94.7000,1.699274
229E,948,94.8000,1.568712
229E,949,94.9000,2.273865
229E,950,95.0000,1.044650
229E,951,95.1000,1.456731
229E,952,95.2000,1.840835
229E,953,95.3000,1.483540
229E,954,95.4000,1.718754
229E,955,95.5000,1.361584
229E,956,95.6000,1.063531
229E,957,95.7000,1.431985
229E,958,95.8000,1.056584
229E,959,95.9000,1.427881
229E,960,96.0000,0.932975
229E,961,96.1000,1.248327
229E,962,96.2000,1.079973
229E,963,96.3000,2.539142
229E,964,96.4000,1.178299
229E,965,96.5000,1.161218
229E,966,96.6000,1.134710
229E,967,96.7000,1.702294
229E,968,96.8000,1.156622
229E,969,96.9000,1.099971
229E,970,97.0000,1.217419
229E,971,97.1000,1.287617
229E,972,97.2000,1.539558
229E,973,97.3000,1.613926
229E,974,97.4000,1.527854
229E,975,97.5000,2.084367
229E,976,97.6000,1.450428
229E,977,97.7000,1.583529
229E,978,97.8000,1.207283
229E,979,97.9000,0.657886
229E,980,98.0000,0.863188
229E,981,98.1000,1.197415
229E,982,98.2000,0.475631
229E,983,98.3000,1.079175
229E,984,98.4000,1.164632
229E,985,98.5000,1.199629
229E,986,98.6000,0.736856
229E,987,98.7000,1.396339
229E,988,98.8000,0.764735
229E,989,98.9000,1.468052
229E,990,99.0000,1.592195
229E,991,99.1000,1.935021
229E,992,99.2000,1.345134
229E,993,99.3000,1.357248
229E,994,99.4000,1.770251
229E,995,99.5000,1.243805
229E,996,99.6000,1.001946
229E,997,99.7000,1.321230
229E,998,99.8000,1.259783
229E,999,99.9000,1.488491
229E,1000,100.0000,1.342673
HKU1,0,0.0000,0.001472
HKU1,1,0.1000,1.089467
HKU1,2,0.2000,1.065636
HKU1,3,0.3000,1.164505
HKU1,4,0.4000,1.064236
HKU1,5,0.5000,1.275737
HKU1,6,0.6000,1.498150
HKU1,7,0.7000,1.517681
HKU1,8,0.8000,1.518833
HKU1,9,0.9000,1.361685
HKU1,10,1.0000,1.466988
HKU1,11,1.1000,1.381660
HKU1,12,1.2000,1.304065
HKU1,13,1.3000,1.228139
HKU1,14,1.4000,1.051881
HKU1,15,1.5000,1.864067
HKU1,16,1.6000,1.544261
HKU1,17,1.7000,1.479883
HKU1,18,1.8000,1.635714
HKU1,19,1.9000,0.758562
HKU1,20,2.0000,1.810061
HKU1,21,2.1000,1.750757
HKU1,22,2.2000,1.798198
HKU1,23,2.3000,1.396588
HKU1,24,2.4000,1.691206
HKU1,25,2.5000,1.769103
HKU1,26,2.6000,1.745179
HKU1,27,2.7000,1.475594
HKU1,28,2.8000,1.684534
HKU1,29,2.9000,1.624177
HKU1,30,3.0000,1.749392
HKU1,31,3.1000,1.787934
HKU1,32,3.2000,1.720610
HKU1,33,3.3000,1.662516
HKU1,34,3.4000,1.549748
HKU1,35,3.5000,1.898546
HKU1,36,3.6000,1.637711
HKU1,37,3.7000,1.555781
HKU1,38,3.8000,1.360271
HKU1,39,3.9000,1.616312
HKU1,40,4.0000,1.614044
HKU1,41,4.1000,1.643870
HKU1,42,4.2000,1.662566
HKU1,43,4.3000,1.639395
HKU1,44,4.4000,1.647504
HKU1,45,4.5000,1.831453
HKU1,46,4.6000,1.763024
HKU1,47,4.7000,1.518420
HKU1,48,4.8000,1.479654
HKU1,49,4.9000,1.539920
HKU1,50,5.0000,1.562288
HKU1,51,5.1000,1.327174
HKU1,52,5.2000,1.493910
HKU1,53,5.3000,1.438196
HKU1,54,5.4000,0.638748
HKU1,55,5.5000,0.827087
HKU1,56,5.6000,0.972829
HKU1,57,5.7000,0.954394
HKU1,58,5.8000,1.287924
HKU1,59,5.9000,1.294830
HKU1,60,6.0000,1.272116
HKU1,61,6.1000,1.194037
HKU1,62,6.2000,1.246746
HKU1,63,6.3000,1.470355
HKU1,64,6.4000,1.429795
HKU1,65,6.5000,1.299362
HKU1,66,6.6000,1.823615
HKU1,67,6.7000,1.191590
HKU1,68,6.8000,1.046532
HKU1,69,6.9000,1.935988
HKU1,70,7.0000,1.882309
HKU1,71,7.1000,1.183595
HKU1,72,7.2000,1.353025
HKU1,73,7.3000,1.695353
HKU1,74,7.4000,1.642904
HKU1,75,7.5000,1.520869
HKU1,76,7.6000,1.755985
HKU1,77,7.7000,1.479540
HKU1,78,7.8000,0.552366
HKU1,79,7.9000,1.260363
HKU1,80,8.0000,0.411459
HKU1,81,8.1000,0.465874
HKU1,82,8.2000,0.872966
HKU1,83,8.3000,1.138128
HKU1,84,8.4000,0.792581
HKU1,85,8.5000,1.020837
HKU1,86,8.6000,0.946240
HKU1,87,8.7000,1.389087
HKU1,88,8.8000,1.538805
HKU1,89,8.9000,0.653344
HKU1,90,9.0000,1.237528
HKU1,91,9.1000,1.425800
HKU1,92,9.2000,1.490533
HKU1,93,9.3000,1.551687
HKU1,94,9.4000,1.667193
HKU1,95,9.5000,1.629451
HKU1,96,9.6000,2.029229
HKU1,97,9.7000,1.649696
HKU1,98,9.8000,1.588792
HKU1,99,9.9000,1.556119
HKU1,100,10.0000,1.952762
HKU1,101,10.1000,1.015674
HKU1,102,10.2000,1.448917
HKU1,103,10.3000,1.148449
HKU1,104,10.4000,0.388101
HKU1,105,10.5000,0.662594
HKU1,106,10.6000,1.327383
HKU1,107,10.7000,1.796876
HKU1,108,10.8000,1.254284
HKU1,109,10.9000,1.407771
HKU1,110,11.0000,1.281223
HKU1,111,11.1000,1.434690
HKU1,112,11.2000,1.603393
HKU1,113,11.3000,1.504640
HKU1,114,11.4000,1.288120
HKU1,115,11.5000,1.324034
HKU1,116,11.6000,1.540568
HKU1,117,11.7000,1.438955
HKU1,118,11.8000,1.533061
HKU1,119,11.9000,1.697814
HKU1,120,12.0000,1.275582
HKU1,121,12.1000,1.518387
HKU1,122,12.2000,1.411827
HKU1,123,12.3000,1.340625
HKU1,124,12.4000,1.535890
HKU1,125,12.5000,1.423005
HKU1,126,12.6000,0.877198
HKU1,127,12.7000,0.987274
HKU1,128,12.8000,1.143349
HKU1,129,12.9000,1.410140
HKU1,130,13.0000,1.314948
HKU1,131,13.1000,0.269288
HKU1,132,13.2000,1.248530
HKU1,133,13.3000,1.388648
HKU1,134,13.4000,1.442298
HKU1,135,13.5000,1.158706
HKU1,136,13.6000,1.248669
HKU1,137,13.7000,1.669770
HKU1,138,13.8000,0.921829
HKU1,139,13.9000,1.560947
HKU1,140,14.0000,1.117132
HKU1,141,14.1000,0.928255
HKU1,142,14.2000,1.398133
HKU1,143,14.3000,0.806457
HKU1,144,14.4000,1.387066
HKU1,145,14.5000,1.431611
HKU1,146,14.6000,1.328882
HKU1,147,14.7000,1.634473
HKU1,148,14.8000,1.426210
HKU1,149,14.9000,1.368016
HKU1,150,15.0000,1.599182
HKU1,151,15.1000,1.479294
HKU1,152,15.2000,1.173086
HKU1,153,15.3000,0.985167
HKU1,154,15.4000,1.010426
HKU1,155,15.5000,1.904897
HKU1,156,15.6000,0.978927
HKU1,157,15.7000,1.455146
HKU1,158,15.8000,1.628091
HKU1,159,15.9000,1.683875
HKU1,160,16.0000,1.861577
HKU1,161,16.1000,1.120731
HKU1,162,16.2000,1.611416
HKU1,163,16.3000,1.282886
HKU1,164,16.4000,1.256429
HKU1,165,16.5000,1.608175
HKU1,166,16.6000,1.510541
HKU1,167,16.7000,1.400946
HKU1,168,16.8000,1.777175
HKU1,169,16.9000,1.011356
HKU1,170,17.0000,1.237076
HKU1,171,17.1000,1.025338
HKU1,172,17.2000,0.582636
HKU1,173,17.3000,1.231752
HKU1,174,17.4000,1.467649
HKU1,175,17.5000,1.843296
HKU1,176,17.6000,1.617604
HKU1,177,17.7000,1.423155
HKU1,178,17.8000,1.526202
HKU1,179,17.9000,1.358919
HKU1,180,18.0000,1.792963
HKU1,181,18.1000,1.556729
HKU1,182,18.2000,1.254908
HKU1,183,18.3000,1.337031
HKU1,184,18.4000,1.226852
HKU1,185,18.5000,1.381086
HKU1,186,18.6000,0.746883
HKU1,187,18.7000,1.075335
HKU1,188,18.8000,1.566212
HKU1,189,18.9000,1.090394
HKU1,190,19.0000,1.600183
HKU1,191,19.1000,1.365195
HKU1,192,19.2000,1.553317
HKU1,193,19.3000,0.876805
HKU1,194,19.4000,1.701525
HKU1,195,19.5000,0.629668
HKU1,196,19.6000,1.441991
HKU1,197,19.7000,1.210417
HKU1,198,19.8000,1.190003
HKU1,199,19.9000,1.719444
HKU1,200,20.0000,1.604740
HKU1,201,20.1000,1.786070
HKU1,202,20.2000,1.442253
HKU1,203,20.3000,1.710991
HKU1,204,20.4000,1.619575
HKU1,205,20.5000,1.098170
HKU1,206,20.6000,1.945805
HKU1,207,20.7000,1.717945
HKU1,208,20.8000,1.343865
HKU1,209,20.9000,1.313732
HKU1,210,21.0000,1.309871
HKU1,211,21.1000,1.092453
HKU1,212,21.2000,1.379372
HKU1,213,21.3000,1.395917
HKU1,214,21.4000,1.731372
HKU1,215,21.5000,1.490593
HKU1,216,21.6000,1.476089
HKU1,217,21.7000,1.094540
HKU1,218,21.8000,1.624074
HKU1,219,21.9000,1.974875
HKU1,220,22.0000,1.786761
HKU1,221,22.1000,1.807197
HKU1,222,22.2000,0.602327
HKU1,223,22.3000,0.752332
HKU1,224,22.4000,1.740075
HKU1,225,22.5000,1.715810
HKU1,226,22.6000,1.826115
HKU1,227,22.7000,1.328716
HKU1,228,22.8000,1.604995
HKU1,229,22.9000,1.002733
HKU1,230,23.0000,1.393937
HKU1,231,23.1000,1.310193
HKU1,232,23.2000,1.609058
HKU1,233,23.3000,1.594892
HKU1,234,23.4000,1.394545
HKU1,235,23.5000,1.512191
HKU1,236,23.6000,1.534805
HKU1,237,23.7000,1.822495
HKU1,238,23.8000,1.217441
HKU1,239,23.9000,1.515054
HKU1,240,24.0000,1.547104
HKU1,241,24.1000,1.449994
HKU1,242,24.2000,1.456431
HKU1,243,24.3000,1.601802
HKU1,244,24.4000,1.496366
HKU1,245,24.5000,1.456488
HKU1,246,24.6000,1.535244
HKU1,247,24.7000,1.652221
HKU1,248,24.8000,1.505298
HKU1,249,24.9000,1.500872
HKU1,250,25.0000,1.450911
HKU1,251,25.1000,1.595116
HKU1,252,25.2000,1.494654
HKU1,253,25.3000,1.499467
HKU1,254,25.4000,1.542913
HKU1,255,25.5000,1.456485
HKU1,256,25.6000,1.446972
HKU1,257,25.7000,1.419652
HKU1,258,25.8000,1.425285
HKU1,259,25.9000,1.788963
HKU1,260,26.0000,1.675587
HKU1,261,26.1000,1.481393
HKU1,262,26.2000,1.525101
HKU1,263,26.3000,1.602883
HKU1,264,26.4000,1.521292
HKU1,265,26.5000,1.595644
HKU1,266,26.6000,1.437743
HKU1,267,26.7000,1.486021
HKU1,268,26.8000,1.704779
HKU1,269,26.9000,1.400847
HKU1,270,27.0000,1.696439
HKU1,271,27.1000,1.486244
HKU1,272,27.2000,1.483581
HKU1,273,27.3000,1.485396
HKU1,274,27.4000,1.652612
HKU1,275,27.5000,1.874821
HKU1,276,27.6000,1.818373
HKU1,277,27.7000,1.682883
HKU1,278,27.8000,1.491354
HKU1,279,27.9000,1.790190
HKU1,280,28.0000,1.579084
HKU1,281,28.1000,1.344941
HKU1,282,28.2000,1.816634
HKU1,283,28.3000,1.546856
HKU1,284,28.4000,1.175809
HKU1,285,28.5000,1.457824
HKU1,286,28.6000,1.163003
HKU1,287,28.7000,1.813575
HKU1,288,28.8000,1.555788
HKU1,289,28.9000,1.398097
HKU1,290,29.0000,1.612314
HKU1,291,29.1000,1.604015
HKU1,292,29.2000,1.893335
HKU1,293,29.3000,1.654343
HKU1,294,29.4000,1.500996
HKU1,295,29.5000,1.139308
HKU1,296,29.6000,1.477967
HKU1,297,29.7000,1.531893
HKU1,298,29.8000,0.746992
HKU1,299,29.9000,1.268307
HKU1,300,30.0000,1.116542
HKU1,301,30.1000,1.723176
HKU1,302,30.2000,1.930085
HKU1,303,30.3000,1.218201
HKU1,304,30.4000,1.311068
HKU1,305,30.5000,1.645950
HKU1,306,30.6000,1.243725
HKU1,307,30.7000,1.850015
HKU1,308,30.8000,1.398286
HKU1,309,30.9000,1.679093
HKU1,310,31.0000,1.207886
HKU1,311,31.1000,1.601196
HKU1,312,31.2000,1.430724
HKU1,313,31.3000,1.249701
HKU1,314,31.4000,1.691219
HKU1,315,31.5000,1.839098
HKU1,316,31.6000,1.467402
HKU1,317,31.7000,1.420636
HKU1,318,31.8000,1.078926
HKU1,319,31.9000,1.549066
HKU1,320,32.0000,1.590415
HKU1,321,32.1000,1.422155
HKU1,322,32.2000,1.199146
HKU1,323,32.3000,1.482674
HKU1,324,32.4000,1.367078
HKU1,325,32.5000,1.404460
HKU1,326,32.6000,1.552147
HKU1,327,32.7000,1.316926
HKU1,328,32.8000,1.590961
HKU1,329,32.9000,0.877131
HKU1,330,33.0000,1.402485
HKU1,331,33.1000,1.497709
HKU1,332,33.2000,1.256102
HKU1,333,33.3000,1.735020
HKU1,334,33.4000,1.224501
HKU1,335,33.5000,1.514693
HKU1,336,33.6000,1.049284
HKU1,337,33.7000,1.697973
HKU1,338,33.8000,1.266903
HKU1,339,33.9000,1.225609
HKU1,340,34.0000,1.237917
HKU1,341,34.1000,1.302561
HKU1,342,34.2000,1.384474
HKU1,343,34.3000,1.302487
HKU1,344,34.4000,1.226749
HKU1,345,34.5000,1.392953
HKU1,346,34.6000,1.280972
HKU1,347,34.7000,1.369267
HKU1,348,34.8000,1.160429
HKU1,349,34.9000,1.352416
HKU1,350,35.0000,1.338888
HKU1,351,35.1000,1.338154
HKU1,352,35.2000,1.393353
HKU1,353,35.3000,1.566391
HKU1,354,35.4000,1.524807
HKU1,355,35.5000,1.535082
HKU1,356,35.6000,1.409221
HKU1,357,35.7000,1.466457
HKU1,358,35.8000,1.253224
HKU1,359,35.9000,0.888849
HKU1,360,36.0000,1.033097
HKU1,361,36.1000,1.124397
HKU1,362,36.2000,1.401014
HKU1,363,36.3000,1.270533
HKU1,364,36.4000,1.044083
HKU1,365,36.5000,1.584902
HKU1,366,36.6000,1.532331
HKU1,367,36.7000,0.903757
HKU1,368,36.8000,1.181221
HKU1,369,36.9000,1.214963
HKU1,370,37.0000,0.897560
HKU1,371,37.1000,1.676718
HKU1,372,37.2000,1.548865
HKU1,373,37.3000,1.460031
HKU1,374,37.4000,0.508663
HKU1,375,37.5000,1.065440
HKU1,376,37.6000,1.185809
HKU1,377,37.7000,0.566804
HKU1,378,37.8000,0.882634
HKU1,379,37.9000,0.323481
HKU1,380,38.0000,0.586926
HKU1,381,38.1000,0.408379
HKU1,382,38.2000,0.770152
HKU1,383,38.3000,0.502992
HKU1,384,38.4000,0.541730
HKU1,385,38.5000,0.535928
HKU1,386,38.6000,0.670854
HKU1,387,38.7000,0.352434
HKU1,388,38.8000,0.438448
HKU1,389,38.9000,0.475471
HKU1,390,39.0000,0.565529
HKU1,391,39.1000,0.350877
HKU1,392,39.2000,0.619841
HKU1,393,39.3000,0.648278
HKU1,394,39.4000,0.546149
HKU1,395,39.5000,0.563790
HKU1,396,39.6000,0.593286
HKU1,397,39.7000,0.542480
HKU1,398,39.8000,0.712707
HKU1,399,39.9000,0.697562
HKU1,400,40.0000,0.595476
HKU1,401,40.1000,0.467205
HKU1,402,40.2000,0.539364
HKU1,403,40.3000,0.373481
HKU1,404,40.4000,0.782538
HKU1,405,40.5000,0.942529
HKU1,406,40.6000,0.496646
HKU1,407,40.7000,0.686902
HKU1,408,40.8000,0.721612
HKU1,409,40.9000,0.480360
HKU1,410,41.0000,0.548555
HKU1,411,41.1000,0.591761
HKU1,412,41.2000,0.274809
HKU1,413,41.3000,0.420118
HKU1,414,41.4000,0.531195
HKU1,415,41.5000,0.576890
HKU1,416,41.6000,0.810884
HKU1,417,41.7000,0.585508
HKU1,418,41.8000,0.474947
HKU1,419,41.9000,0.507670
HKU1,420,42.0000,0.630268
HKU1,421,42.1000,0.539095
HKU1,422,42.2000,0.335072
HKU1,423,42.3000,0.706604
HKU1,424,42.4000,0.527907
HKU1,425,42.5000,0.570490
HKU1,426,42.6000,1.469503
HKU1,427,42.7000,0.710611
HKU1,428,42.8000,1.001793
HKU1,429,42.9000,1.294551
HKU1,430,43.0000,1.113185
HKU1,431,43.1000,1.337605
HKU1,432,43.2000,1.309489
HKU1,433,43.3000,1.353972
HKU1,434,43.4000,1.385957
HKU1,435,43.5000,1.338844
HKU1,436,43.6000,1.320086
HKU1,437,43.7000,1.139927
HKU1,438,43.8000,1.369984
HKU1,439,43.9000,1.339654
HKU1,440,44.0000,1.450482
HKU1,441,44.1000,1.252043
HKU1,442,44.2000,1.035798
HKU1,443,44.3000,1.164008
HKU1,444,44.4000,1.482964
HKU1,445,44.5000,1.208521
HKU1,446,44.6000,1.425714
HKU1,447,44.7000,1.542184
HKU1,448,44.8000,1.232777
HKU1,449,44.9000,1.506364
HKU1,450,45.0000,1.423184
HKU1,451,45.1000,1.374523
HKU1,452,45.2000,1.628494
HKU1,453,45.3000,1.695571
HKU1,454,45.4000,0.832189
HKU1,455,45.5000,1.472757
HKU1,456,45.6000,1.525596
HKU1,457,45.7000,0.869189
HKU1,458,45.8000,1.481875
HKU1,459,45.9000,1.260588
HKU1,460,46.0000,1.569868
HKU1,461,46.1000,1.292032
HKU1,462,46.2000,1.036709
HKU1,463,46.3000,1.584934
HKU1,464,46.4000,1.457194
HKU1,465,46.5000,1.490170
HKU1,466,46.6000,1.188523
HKU1,467,46.7000,1.337656
HKU1,468,46.8000,1.742295
HKU1,469,46.9000,1.636616
HKU1,470,47.0000,1.591217
HKU1,471,47.1000,1.695680
HKU1,472,47.2000,2.033566
HKU1,473,47.3000,2.040956
HKU1,474,47.4000,2.007185
HKU1,475,47.5000,1.456464
HKU1,476,47.6000,1.925962
HKU1,477,47.7000,1.782002
HKU1,478,47.8000,2.045209
HKU1,479,47.9000,1.646466
HKU1,480,48.0000,1.441978
HKU1,481,48.1000,1.780311
HKU1,482,48.2000,1.464941
HKU1,483,48.3000,1.924349
HKU1,484,48.4000,1.336888
HKU1,485,48.5000,1.322129
HKU1,486,48.6000,0.255947
HKU1,487,48.7000,0.918343
HKU1,488,48.8000,0.779504
HKU1,489,48.9000,1.536498
HKU1,490,49.0000,1.890109
HKU1,491,49.1000,1.957786
HKU1,492,49.2000,0.976600
HKU1,493,49.3000,1.378466
HKU1,494,49.4000,1.033262
HKU1,495,49.5000,0.907833
HKU1,496,49.6000,1.709242
HKU1,497,49.7000,0.958584
HKU1,498,49.8000,1.624956
HKU1,499,49.9000,0.745692
HKU1,500,50.0000,1.366232
HKU1,501,50.1000,1.702150
HKU1,502,50.2000,1.221923
HKU1,503,50.3000,1.476931
HKU1,504,50.4000,0.878491
HKU1,505,50.5000,1.343610
HKU1,506,50.6000,1.610963
HKU1,507,50.7000,1.652651
HKU1,508,50.8000,1.775000
HKU1,509,50.9000,1.850586
HKU1,510,51.0000,1.305364
HKU1,511,51.1000,1.389508
HKU1,512,51.2000,1.492180
HKU1,513,51.3000,1.495596
HKU1,514,51.4000,1.769503
HKU1,515,51.5000,1.042036
HKU1,516,51.6000,1.460784
HKU1,517,51.7000,0.851188
HKU1,518,51.8000,1.446383
HKU1,519,51.9000,1.274400
HKU1,520,52.0000,1.153804
HKU1,521,52.1000,1.756422
HKU1,522,52.2000,1.641301
HKU1,523,52.3000,1.768848
HKU1,524,52.4000,2.001596
HKU1,525,52.5000,1.565084
HKU1,526,52.6000,1.501292
HKU1,527,52.7000,1.847721
HKU1,528,52.8000,1.764786
HKU1,529,52.9000,1.558830
HKU1,530,53.0000,1.947661
HKU1,531,53.1000,1.772643
HKU1,532,53.2000,1.515561
HKU1,533,53.3000,2.008295
HKU1,534,53.4000,1.912913
HKU1,535,53.5000,1.450029
HKU1,536,53.6000,1.353789
HKU1,537,53.7000,1.750498
HKU1,538,53.8000,1.890137
HKU1,539,53.9000,1.627733
HKU1,540,54.0000,1.241432
HKU1,541,54.1000,0.984061
HKU1,542,54.2000,1.423788
HKU1,543,54.3000,1.389554
HKU1,544,54.4000,1.020111
HKU1,545,54.5000,0.678257
HKU1,546,54.6000,1.272360
HKU1,547,54.7000,1.470232
HKU1,548,54.8000,0.526089
HKU1,549,54.9000,1.455173
HKU1,550,55.0000,0.908689
HKU1,551,55.1000,1.301120
HKU1,552,55.2000,1.379497
HKU1,553,55.3000,1.279035
HKU1,554,55.4000,1.592636
HKU1,555,55.5000,1.098235
HKU1,556,55.6000,0.940899
HKU1,557,55.7000,1.610163
HKU1,558,55.8000,1.644706
HKU1,559,55.9000,1.502173
HKU1,560,56.0000,1.146873
HKU1,561,56.1000,1.508632
HKU1,562,56.2000,1.578753
HKU1,563,56.3000,1.104946
HKU1,564,56.4000,1.409701
HKU1,565,56.5000,1.443612
HKU1,566,56.6000,1.456179
HKU1,567,56.7000,1.336514
HKU1,568,56.8000,1.241035
HKU1,569,56.9000,0.967979
HKU1,570,57.0000,1.205668
HKU1,571,57.1000,1.261802
HKU1,572,57.2000,1.046745
HKU1,573,57.3000,1.368328
HKU1,574,57.4000,1.374277
HKU1,575,57.5000,1.314259
HKU1,576,57.6000,1.141897
HKU1,577,57.7000,1.624836
HKU1,578,57.8000,0.726463
HKU1,579,57.9000,0.944947
HKU1,580,58.0000,1.157890
HKU1,581,58.1000,1.166505
HKU1,582,58.2000,1.641584
HKU1,583,58.3000,1.256854
HKU1,584,58.4000,1.710848
HKU1,585,58.5000,1.050104
HKU1,586,58.6000,1.721098
HKU1,587,58.7000,0.848602
HKU1,588,58.8000,1.538535
HKU1,589,58.9000,1.377189
HKU1,590,59.0000,1.398131
HKU1,591,59.1000,0.595825
HKU1,592,59.2000,1.059775
HKU1,593,59.3000,0.846074
HKU1,594,59.4000,1.748851
HKU1,595,59.5000,1.605253
HKU1,596,59.6000,1.247074
HKU1,597,59.7000,1.590886
HKU1,598,59.8000,1.549383
HKU1,599,59.9000,1.514906
HKU1,600,60.0000,1.700600
HKU1,601,60.1000,1.640501
HKU1,602,60.2000,1.485894
HKU1,603,60.3000,1.498310
HKU1,604,60.4000,1.491556
HKU1,605,60.5000,1.503266
HKU1,606,60.6000,1.556522
HKU1,607,60.7000,1.490701
HKU1,608,60.8000,1.470623
HKU1,609,60.9000,1.594500
HKU1,610,61.0000,1.465919
HKU1,611,61.1000,1.145889
HKU1,612,61.2000,1.179269
HKU1,613,61.3000,1.418668
HKU1,614,61.4000,1.286346
HKU1,615,61.5000,0.826218
HKU1,616,61.6000,1.608494
HKU1,617,61.7000,1.720026
HKU1,618,61.8000,1.565617
HKU1,619,61.9000,1.972930
HKU1,620,62.0000,1.633300
HKU1,621,62.1000,1.064693
HKU1,622,62.2000,1.432184
HKU1,623,62.3000,1.703872
HKU1,624,62.4000,1.531076
HKU1,625,62.5000,0.833542
HKU1,626,62.6000,1.577327
HKU1,627,62.7000,1.424263
HKU1,628,62.8000,1.453237
HKU1,629,62.9000,1.446327
HKU1,630,63.0000,0.740069
HKU1,631,63.1000,1.534372
HKU1,632,63.2000,1.417394
HKU1,633,63.3000,1.415459
HKU1,634,63.4000,1.491603
HKU1,635,63.5000,1.551843
HKU1,636,63.6000,1.644137
HKU1,637,63.7000,1.438664
HKU1,638,63.8000,1.452778
HKU1,639,63.9000,1.660739
HKU1,640,64.0000,1.558603
HKU1,641,64.1000,1.470173
HKU1,642,64.2000,1.451296
HKU1,643,64.3000,1.490040
HKU1,644,64.4000,1.554194
HKU1,645,64.5000,1.528095
HKU1,646,64.6000,1.581343
HKU1,647,64.7000,1.480860
HKU1,648,64.8000,1.638581
HKU1,649,64.9000,1.458998
HKU1,650,65.0000,1.515018
HKU1,651,65.1000,1.591396
HKU1,652,65.2000,1.717274
HKU1,653,65.3000,1.454569
HKU1,654,65.4000,1.498755
HKU1,655,65.5000,1.658085
HKU1,656,65.6000,1.308802
HKU1,657,65.7000,1.585440
HKU1,658,65.8000,1.205312
HKU1,659,65.9000,1.447360
HKU1,660,66.0000,1.230364
HKU1,661,66.1000,0.541228
HKU1,662,66.2000,1.503618
HKU1,663,66.3000,0.962249
HKU1,664,66.4000,1.016770
HKU1,665,66.5000,0.928107
HKU1,666,66.6000,1.225717
HKU1,667,66.7000,0.976802
HKU1,668,66.8000,1.705106
HKU1,669,66.9000,0.716065
HKU1,670,67.0000,1.638762
HKU1,671,67.1000,1.520254
HKU1,672,67.2000,1.324423
HKU1,673,67.3000,1.983310
HKU1,674,67.4000,1.175347
HKU1,675,67.5000,1.306156
HKU1,676,67.6000,1.207212
HKU1,677,67.7000,1.441350
HKU1,678,67.8000,1.297284
HKU1,679,67.9000,0.945407
HKU1,680,68.0000,1.245888
HKU1,681,68.1000,1.284947
HKU1,682,68.2000,1.262850
HKU1,683,68.3000,1.226982
HKU1,684,68.4000,1.095988
HKU1,685,68.5000,1.418106
HKU1,686,68.6000,1.276468
HKU1,687,68.7000,1.533525
HKU1,688,68.8000,1.340597
HKU1,689,68.9000,1.175821
HKU1,690,69.0000,1.383093
HKU1,691,69.1000,1.313411
HKU1,692,69.2000,1.686390
HKU1,693,69.3000,1.258183
HKU1,694,69.4000,1.352481
HKU1,695,69.5000,1.041611
HKU1,696,69.6000,1.136018
HKU1,697,69.7000,1.188773
HKU1,698,69.8000,1.582067
HKU1,699,69.9000,1.353827
HKU1,700,70.0000,1.148230
HKU1,701,70.1000,1.292086
HKU1,702,70.2000,1.489624
HKU1,703,70.3000,1.255625
HKU1,704,70.4000,1.131215
HKU1,705,70.5000,1.034980
HKU1,706,70.6000,1.217791
HKU1,707,70.7000,1.284088
HKU1,708,70.8000,1.006439
HKU1,709,70.9000,1.223507
HKU1,710,71.0000,1.194643
HKU1,711,71.1000,1.419317
HKU1,712,71.2000,1.143538
HKU1,713,71.3000,1.414896
HKU1,714,71.4000,1.703137
HKU1,715,71.5000,0.972058
HKU1,716,71.6000,1.143538
HKU1,717,71.7000,1.490385
HKU1,718,71.8000,1.114312
HKU1,719,71.9000,1.475411
HKU1,720,72.0000,1.018675
HKU1,721,72.1000,1.154770
HKU1,722,72.2000,1.320458
HKU1,723,72.3000,0.951036
HKU1,724,72.4000,1.192772
HKU1,725,72.5000,1.064932
HKU1,726,72.6000,1.374255
HKU1,727,72.7000,1.603962
HKU1,728,72.8000,1.223524
HKU1,729,72.9000,1.261714
HKU1,730,73.0000,1.189055
HKU1,731,73.1000,1.042375
HKU1,732,73.2000,1.306891
HKU1,733,73.3000,1.360839
HKU1,734,73.4000,1.317479
HKU1,735,73.5000,1.161947
HKU1,736,73.6000,1.152609
HKU1,737,73.7000,1.401056
HKU1,738,73.8000,1.213461
HKU1,739,73.9000,1.120776
HKU1,740,74.0000,1.080412
HKU1,741,74.1000,1.218596
HKU1,742,74.2000,1.439282
HKU1,743,74.3000,1.595621
HKU1,744,74.4000,1.634113
HKU1,745,74.5000,1.648926
HKU1,746,74.6000,1.339228
HKU1,747,74.7000,1.295593
HKU1,748,74.8000,1.252960
HKU1,749,74.9000,1.255623
HKU1,750,75.0000,1.567962
HKU1,751,75.1000,1.091602
HKU1,752,75.2000,1.374678
HKU1,753,75.3000,1.017313
HKU1,754,75.4000,1.475838
HKU1,755,75.5000,0.954083
HKU1,756,75.6000,1.076678
HKU1,757,75.7000,0.909209
HKU1,758,75.8000,1.122753
HKU1,759,75.9000,1.316116
HKU1,760,76.0000,1.367920
HKU1,761,76.1000,1.001094
HKU1,762,76.2000,0.972720
HKU1,763,76.3000,1.073564
HKU1,764,76.4000,1.031239
HKU1,765,76.5000,0.976233
HKU1,766,76.6000,1.404480
HKU1,767,76.7000,1.157404
HKU1,768,76.8000,1.467630
HKU1,769,76.9000,1.628966
HKU1,770,77.0000,1.602180
HKU1,771,77.1000,1.409646
HKU1,772,77.2000,1.831670
HKU1,773,77.3000,1.175918
HKU1,774,77.4000,1.223204
HKU1,775,77.5000,1.130614
HKU1,776,77.6000,1.920372
HKU1,777,77.7000,1.860158
HKU1,778,77.8000,1.655224
HKU1,779,77.9000,1.170155
HKU1,780,78.0000,0.930944
HKU1,781,78.1000,1.256359
HKU1,782,78.2000,1.013832
HKU1,783,78.3000,0.864779
HKU1,784,78.4000,1.324078
HKU1,785,78.5000,1.366828
HKU1,786,78.6000,1.277920
HKU1,787,78.7000,1.242650
HKU1,788,78.8000,1.294073
HKU1,789,78.9000,1.159935
HKU1,790,79.0000,1.459648
HKU1,791,79.1000,1.179892
HKU1,792,79.2000,1.530887
HKU1,793,79.3000,1.097485
HKU1,794,79.4000,1.131310
HKU1,795,79.5000,1.181883
HKU1,796,79.6000,0.960876
HKU1,797,79.7000,1.335397
HKU1,798,79.8000,1.360417
HKU1,799,79.9000,1.247423
HKU1,800,80.0000,1.060065
HKU1,801,80.1000,1.399306
HKU1,802,80.2000,1.161333
HKU1,803,80.3000,1.339115
HKU1,804,80.4000,1.487599
HKU1,805,80.5000,1.672680
HKU1,806,80.6000,1.653718
HKU1,807,80.7000,1.389400
HKU1,808,80.8000,1.609585
HKU1,809,80.9000,1.596644
HKU1,810,81.0000,0.687429
HKU1,811,81.1000,1.589107
HKU1,812,81.2000,1.149424
HKU1,813,81.3000,1.385755
HKU1,814,81.4000,1.515875
HKU1,815,81.5000,1.318978
HKU1,816,81.6000,0.743016
HKU1,817,81.7000,1.529792
HKU1,818,81.8000,1.933013
HKU1,819,81.9000,1.423316
HKU1,820,82.0000,1.580978
HKU1,821,82.1000,1.694254
HKU1,822,82.2000,1.390148
HKU1,823,82.3000,1.159481
HKU1,824,82.4000,1.423607
HKU1,825,82.5000,0.825215
HKU1,826,82.6000,1.231693
HKU1,827,82.7000,0.707115
HKU1,828,82.8000,1.188414
HKU1,829,82.9000,1.216860
HKU1,830,83.0000,1.825936
HKU1,831,83.1000,1.320126
HKU1,832,83.2000,1.431249
HKU1,833,83.3000,1.329276
HKU1,834,83.4000,1.434535
HKU1,835,83.5000,1.132809
HKU1,836,83.6000,1.159622
HKU1,837,83.7000,1.029881
HKU1,838,83.8000,1.492535
HKU1,839,83.9000,1.032320
HKU1,840,84.0000,1.229133
HKU1,841,84.1000,1.510459
HKU1,842,84.2000,1.396820
HKU1,843,84.3000,1.219005
HKU1,844,84.4000,1.528105
HKU1,845,84.5000,1.657070
HKU1,846,84.6000,1.477257
HKU1,847,84.7000,1.536539
HKU1,848,84.8000,1.434419
HKU1,849,84.9000,1.490716
HKU1,850,85.0000,1.487605
HKU1,851,85.1000,1.620784
HKU1,852,85.2000,1.501197
HKU1,853,85.3000,1.679379
HKU1,854,85.4000,1.557214
HKU1,855,85.5000,1.321050
HKU1,856,85.6000,1.698128
HKU1,857,85.7000,1.342526
HKU1,858,85.8000,1.256521
HKU1,859,85.9000,1.540228
HKU1,860,86.0000,1.565527
HKU1,861,86.1000,1.690708
HKU1,862,86.2000,1.760323
HKU1,863,86.3000,1.663665
HKU1,864,86.4000,1.528000
HKU1,865,86.5000,1.618568
HKU1,866,86.6000,1.685683
HKU1,867,86.7000,1.591887
HKU1,868,86.8000,1.596908
HKU1,869,86.9000,1.563818
HKU1,870,87.0000,1.111510
HKU1,871,87.1000,1.319608
HKU1,872,87.2000,1.533073
HKU1,873,87.3000,1.319826
HKU1,874,87.4000,1.497101
HKU1,875,87.5000,1.647418
HKU1,876,87.6000,1.458534
HKU1,877,87.7000,1.724446
HKU1,878,87.8000,1.345593
HKU1,879,87.9000,1.407636
HKU1,880,88.0000,1.227577
HKU1,881,88.1000,1.351865
HKU1,882,88.2000,1.776407
HKU1,883,88.3000,1.574909
HKU1,884,88.4000,1.627614
HKU1,885,88.5000,1.184016
HKU1,886,88.6000,1.158767
HKU1,887,88.7000,1.167903
HKU1,888,88.8000,1.181435
HKU1,889,88.9000,1.517315
HKU1,890,89.0000,0.864829
HKU1,891,89.1000,1.305401
HKU1,892,89.2000,1.159818
HKU1,893,89.3000,1.560966
HKU1,894,89.4000,1.483472
HKU1,895,89.5000,1.494590
HKU1,896,89.6000,1.640760
HKU1,897,89.7000,1.715485
HKU1,898,89.8000,1.326966
HKU1,899,89.9000,1.406715
HKU1,900,90.0000,1.609789
HKU1,901,90.1000,1.217530
HKU1,902,90.2000,1.570762
HKU1,903,90.3000,1.498108
HKU1,904,90.4000,1.261085
HKU1,905,90.5000,1.574517
HKU1,906,90.6000,1.454837
HKU1,907,90.7000,1.531286
HKU1,908,90.8000,1.338331
HKU1,909,90.9000,1.367034
HKU1,910,91.0000,1.400594
HKU1,911,91.1000,1.218817
HKU1,912,91.2000,1.570746
HKU1,913,91.3000,1.633447
HKU1,914,91.4000,1.589909
HKU1,915,91.5000,1.549336
HKU1,916,91.6000,1.326848
HKU1,917,91.7000,1.456079
HKU1,918,91.8000,1.098065
HKU1,919,91.9000,1.133870
HKU1,920,92.0000,1.119169
HKU1,921,92.1000,1.617832
HKU1,922,92.2000,1.372198
HKU1,923,92.3000,1.797984
HKU1,924,92.4000,0.929585
HKU1,925,92.5000,1.346760
HKU1,926,92.6000,1.363507
HKU1,927,92.7000,0.951309
HKU1,928,92.8000,1.711544
HKU1,929,92.9000,1.506815
HKU1,930,93.0000,1.018800
HKU1,931,93.1000,1.387451
HKU1,932,93.2000,0.691755
HKU1,933,93.3000,1.761876
HKU1,934,93.4000,1.255588
HKU1,935,93.5000,1.008758
HKU1,936,93.6000,1.115674
HKU1,937,93.7000,1.695983
HKU1,938,93.8000,1.560430
HKU1,939,93.9000,1.866919
HKU1,940,94.0000,1.103995
HKU1,941,94.1000,1.075279
HKU1,942,94.2000,0.925249
HKU1,943,94.3000,1.368387
HKU1,944,94.4000,1.298359
HKU1,945,94.5000,1.405020
HKU1,946,94.6000,1.332342
HKU1,947,94.7000,1.691257
HKU1,948,94.8000,1.608751
HKU1,949,94.9000,1.320272
HKU1,950,95.0000,1.621344
HKU1,951,95.1000,0.912669
HKU1,952,95.2000,0.840491
HKU1,953,95.3000,1.467724
HKU1,954,95.4000,0.898526
HKU1,955,95.5000,0.789095
HKU1,956,95.6000,1.081431
HKU1,957,95.7000,1.399243
HKU1,958,95.8000,1.498653
HKU1,959,95.9000,1.629868
HKU1,960,96.0000,1.147622
HKU1,961,96.1000,1.016910
HKU1,962,96.2000,1.010917
HKU1,963,96.3000,1.187865
HKU1,964,96.4000,0.725873
HKU1,965,96.5000,0.979793
HKU1,966,96.6000,1.359435
HKU1,967,96.7000,1.223593
HKU1,968,96.8000,1.169060
HKU1,969,96.9000,1.005363
HKU1,970,97.0000,1.338253
HKU1,971,97.1000,1.273054
HKU1,972,97.2000,1.214410
HKU1,973,97.3000,1.204047
HKU1,974,97.4000,1.236664
HKU1,975,97.5000,1.184994
HKU1,976,97.6000,1.175235
HKU1,977,97.7000,1.277452
HKU1,978,97.8000,1.491537
HKU1,979,97.9000,1.224079
HKU1,980,98.0000,1.148826
HKU1,981,98.1000,1.395327
HKU1,982,98.2000,0.423796
HKU1,983,98.3000,0.833048
HKU1,984,98.4000,1.326221
HKU1,985,98.5000,1.162375
HKU1,986,98.6000,1.178868
HKU1,987,98.7000,1.189555
HKU1,988,98.8000,1.480998
HKU1,989,98.9000,1.355272
HKU1,990,99.0000,1.770965
HKU1,991,99.1000,1.458574
HKU1,992,99.2000,0.984467
HKU1,993,99.3000,1.061316
HKU1,994,99.4000,1.522063
HKU1,995,99.5000,1.341948
HKU1,996,99.6000,1.310410
HKU1,997,99.7000,1.276709
HKU1,998,99.8000,1.148328
HKU1,999,99.9000,1.459581
HKU1,1000,100.0000,0.848570
