system,frame_index,time_ns,protein_ca_rmsd_angstrom
MERS,0,0.0000,0.000000
MERS,1,0.1000,1.250070
MERS,2,0.2000,1.064243
MERS,3,0.3000,1.216329
MERS,4,0.4000,1.113690
MERS,5,0.5000,1.187051
MERS,6,0.6000,1.028345
MERS,7,0.7000,1.112372
MERS,8,0.8000,1.204596
MERS,9,0.9000,1.254990
MERS,10,1.0000,1.298950
MERS,11,1.1000,1.411540
MERS,12,1.2000,1.209701
MERS,13,1.3000,1.120126
MERS,14,1.4000,1.207929
MERS,15,1.5000,1.236737
MERS,16,1.6000,1.170798
MERS,17,1.7000,1.105332
MERS,18,1.8000,1.086077
MERS,19,1.9000,1.227664
MERS,20,2.0000,1.198295
MERS,21,2.1000,1.426985
MERS,22,2.2000,1.193904
MERS,23,2.3000,1.298791
MERS,24,2.4000,1.365663
MERS,25,2.5000,1.437352
MERS,26,2.6000,1.160072
MERS,27,2.7000,1.251923
MERS,28,2.8000,1.229479
MERS,29,2.9000,1.176673
MERS,30,3.0000,1.304450
MERS,31,3.1000,1.556026
MERS,32,3.2000,1.280223
MERS,33,3.3000,1.488284
MERS,34,3.4000,1.398298
MERS,35,3.5000,1.380707
MERS,36,3.6000,1.543492
MERS,37,3.7000,1.260752
MERS,38,3.8000,1.362177
MERS,39,3.9000,1.618240
MERS,40,4.0000,1.379154
MERS,41,4.1000,1.269774
MERS,42,4.2000,1.565577
MERS,43,4.3000,1.180954
MERS,44,4.4000,1.391060
MERS,45,4.5000,1.232220
MERS,46,4.6000,1.622767
MERS,47,4.7000,1.314601
MERS,48,4.8000,1.401715
MERS,49,4.9000,1.522127
MERS,50,5.0000,1.626849
MERS,51,5.1000,1.842113
MERS,52,5.2000,1.689981
MERS,53,5.3000,1.694887
MERS,54,5.4000,1.571339
MERS,55,5.5000,1.435861
MERS,56,5.6000,1.585505
MERS,57,5.7000,1.521799
MERS,58,5.8000,1.506100
MERS,59,5.9000,1.691820
MERS,60,6.0000,1.391735
MERS,61,6.1000,1.555045
MERS,62,6.2000,1.594658
MERS,63,6.3000,1.507930
MERS,64,6.4000,1.429532
MERS,65,6.5000,1.254523
MERS,66,6.6000,1.504618
MERS,67,6.7000,1.531947
MERS,68,6.8000,1.421731
MERS,69,6.9000,1.430168
MERS,70,7.0000,1.420410
MERS,71,7.1000,1.438515
MERS,72,7.2000,1.386560
MERS,73,7.3000,1.227257
MERS,74,7.4000,1.428280
MERS,75,7.5000,1.604510
MERS,76,7.6000,1.343218
MERS,77,7.7000,1.482298
MERS,78,7.8000,1.542845
MERS,79,7.9000,1.566308
MERS,80,8.0000,1.483742
MERS,81,8.1000,1.654446
MERS,82,8.2000,1.429122
MERS,83,8.3000,1.619364
MERS,84,8.4000,1.725021
MERS,85,8.5000,1.527688
MERS,86,8.6000,1.472905
MERS,87,8.7000,1.335045
MERS,88,8.8000,1.471190
MERS,89,8.9000,1.457745
MERS,90,9.0000,1.289905
MERS,91,9.1000,1.392621
MERS,92,9.2000,1.391419
MERS,93,9.3000,1.412455
MERS,94,9.4000,1.257863
MERS,95,9.5000,1.441328
MERS,96,9.6000,1.385777
MERS,97,9.7000,1.349256
MERS,98,9.8000,1.381047
MERS,99,9.9000,1.328434
MERS,100,10.0000,1.424515
MERS,101,10.1000,1.423814
MERS,102,10.2000,1.298972
MERS,103,10.3000,1.265607
MERS,104,10.4000,1.296870
MERS,105,10.5000,1.356803
MERS,106,10.6000,1.437720
MERS,107,10.7000,1.388633
MERS,108,10.8000,1.184354
MERS,109,10.9000,1.304945
MERS,110,11.0000,1.292700
MERS,111,11.1000,1.212584
MERS,112,11.2000,1.363017
MERS,113,11.3000,1.075925
MERS,114,11.4000,1.160072
MERS,115,11.5000,1.079192
MERS,116,11.6000,1.167108
MERS,117,11.7000,1.256042
MERS,118,11.8000,1.245178
MERS,119,11.9000,1.189545
MERS,120,12.0000,1.332360
MERS,121,12.1000,1.173401
MERS,122,12.2000,1.386094
MERS,123,12.3000,1.126917
MERS,124,12.4000,1.014179
MERS,125,12.5000,1.353360
MERS,126,12.6000,1.246238
MERS,127,12.7000,1.176947
MERS,128,12.8000,1.189249
MERS,129,12.9000,1.111580
MERS,130,13.0000,1.092811
MERS,131,13.1000,1.130401
MERS,132,13.2000,1.144051
MERS,133,13.3000,1.144922
MERS,134,13.4000,1.155205
MERS,135,13.5000,1.180234
MERS,136,13.6000,1.216932
MERS,137,13.7000,1.192133
MERS,138,13.8000,1.149450
MERS,139,13.9000,1.240669
MERS,140,14.0000,1.066529
MERS,141,14.1000,1.175251
MERS,142,14.2000,1.025430
MERS,143,14.3000,1.125588
MERS,144,14.4000,1.126057
MERS,145,14.5000,1.017357
MERS,146,14.6000,1.011079
MERS,147,14.7000,1.050841
MERS,148,14.8000,1.135374
MERS,149,14.9000,1.108249
MERS,150,15.0000,1.071771
MERS,151,15.1000,1.203670
MERS,152,15.2000,1.155459
MERS,153,15.3000,1.255131
MERS,154,15.4000,1.006366
MERS,155,15.5000,1.214615
MERS,156,15.6000,1.035142
MERS,157,15.7000,1.196727
MERS,158,15.8000,1.222538
MERS,159,15.9000,1.386158
MERS,160,16.0000,1.263496
MERS,161,16.1000,1.100810
MERS,162,16.2000,1.143717
MERS,163,16.3000,1.110206
MERS,164,16.4000,1.203012
MERS,165,16.5000,1.148173
MERS,166,16.6000,1.223114
MERS,167,16.7000,1.196751
MERS,168,16.8000,1.169444
MERS,169,16.9000,1.169067
MERS,170,17.0000,1.197732
MERS,171,17.1000,1.235265
MERS,172,17.2000,1.186285
MERS,173,17.3000,1.447808
MERS,174,17.4000,1.243221
MERS,175,17.5000,1.067244
MERS,176,17.6000,1.087508
MERS,177,17.7000,1.460058
MERS,178,17.8000,1.288152
MERS,179,17.9000,1.374679
MERS,180,18.0000,1.357473
MERS,181,18.1000,1.441898
MERS,182,18.2000,1.232839
MERS,183,18.3000,1.587762
MERS,184,18.4000,1.287377
MERS,185,18.5000,1.320569
MERS,186,18.6000,1.210283
MERS,187,18.7000,1.339455
MERS,188,18.8000,1.287263
MERS,189,18.9000,1.336648
MERS,190,19.0000,1.309502
MERS,191,19.1000,1.343393
MERS,192,19.2000,1.351733
MERS,193,19.3000,1.433570
MERS,194,19.4000,1.302604
MERS,195,19.5000,1.304045
MERS,196,19.6000,1.194223
MERS,197,19.7000,1.358424
MERS,198,19.8000,1.443586
MERS,199,19.9000,1.420348
MERS,200,20.0000,1.398319
MERS,201,20.1000,1.203914
MERS,202,20.2000,1.249319
MERS,203,20.3000,1.324120
MERS,204,20.4000,1.341578
MERS,205,20.5000,1.454339
MERS,206,20.6000,1.332316
MERS,207,20.7000,1.291110
MERS,208,20.8000,1.265746
MERS,209,20.9000,1.393463
MERS,210,21.0000,1.386624
MERS,211,21.1000,1.179811
MERS,212,21.2000,1.346709
MERS,213,21.3000,1.173026
MERS,214,21.4000,1.558269
MERS,215,21.5000,1.297458
MERS,216,21.6000,1.405707
MERS,217,21.7000,1.574063
MERS,218,21.8000,1.424371
MERS,219,21.9000,1.261171
MERS,220,22.0000,1.174976
MERS,221,22.1000,1.421401
MERS,222,22.2000,1.431768
MERS,223,22.3000,1.487515
MERS,224,22.4000,1.419707
MERS,225,22.5000,1.504384
MERS,226,22.6000,1.331281
MERS,227,22.7000,1.381344
MERS,228,22.8000,1.374359
MERS,229,22.9000,1.378473
MERS,230,23.0000,1.267854
MERS,231,23.1000,1.541037
MERS,232,23.2000,1.495561
MERS,233,23.3000,1.301680
MERS,234,23.4000,1.491730
MERS,235,23.5000,1.291019
MERS,236,23.6000,1.320947
MERS,237,23.7000,1.260845
MERS,238,23.8000,1.256673
MERS,239,23.9000,1.220135
MERS,240,24.0000,1.406751
MERS,241,24.1000,1.440248
MERS,242,24.2000,1.347798
MERS,243,24.3000,1.383000
MERS,244,24.4000,1.322168
MERS,245,24.5000,1.293448
MERS,246,24.6000,1.358921
MERS,247,24.7000,1.408106
MERS,248,24.8000,1.385099
MERS,249,24.9000,1.542141
MERS,250,25.0000,1.321103
MERS,251,25.1000,1.358338
MERS,252,25.2000,1.511079
MERS,253,25.3000,1.471210
MERS,254,25.4000,1.458329
MERS,255,25.5000,1.547403
MERS,256,25.6000,1.407814
MERS,257,25.7000,1.534473
MERS,258,25.8000,1.445312
MERS,259,25.9000,1.440472
MERS,260,26.0000,1.298927
MERS,261,26.1000,1.227353
MERS,262,26.2000,1.135348
MERS,263,26.3000,1.348995
MERS,264,26.4000,1.234647
MERS,265,26.5000,1.386475
MERS,266,26.6000,1.324408
MERS,267,26.7000,1.350582
MERS,268,26.8000,1.384188
MERS,269,26.9000,1.617714
MERS,270,27.0000,1.304810
MERS,271,27.1000,1.484652
MERS,272,27.2000,1.272867
MERS,273,27.3000,1.510555
MERS,274,27.4000,1.524304
MERS,275,27.5000,1.494992
MERS,276,27.6000,1.592357
MERS,277,27.7000,1.467676
MERS,278,27.8000,1.437332
MERS,279,27.9000,1.264981
MERS,280,28.0000,1.364911
MERS,281,28.1000,1.473761
MERS,282,28.2000,1.267276
MERS,283,28.3000,1.170321
MERS,284,28.4000,1.371858
MERS,285,28.5000,1.399326
MERS,286,28.6000,1.509817
MERS,287,28.7000,1.528744
MERS,288,28.8000,1.467875
MERS,289,28.9000,1.664895
MERS,290,29.0000,1.373868
MERS,291,29.1000,1.444135
MERS,292,29.2000,1.620306
MERS,293,29.3000,1.390617
MERS,294,29.4000,1.340922
MERS,295,29.5000,1.325803
MERS,296,29.6000,1.557723
MERS,297,29.7000,1.373846
MERS,298,29.8000,1.555045
MERS,299,29.9000,1.354270
MERS,300,30.0000,1.430128
MERS,301,30.1000,1.437658
MERS,302,30.2000,1.375021
MERS,303,30.3000,1.323987
MERS,304,30.4000,1.246544
MERS,305,30.5000,1.210889
MERS,306,30.6000,1.594272
MERS,307,30.7000,1.325493
MERS,308,30.8000,1.239439
MERS,309,30.9000,1.212802
MERS,310,31.0000,1.286419
MERS,311,31.1000,1.414780
MERS,312,31.2000,1.516217
MERS,313,31.3000,1.509972
MERS,314,31.4000,1.323034
MERS,315,31.5000,1.573858
MERS,316,31.6000,1.345684
MERS,317,31.7000,1.336999
MERS,318,31.8000,1.480911
MERS,319,31.9000,1.448659
MERS,320,32.0000,1.354378
MERS,321,32.1000,1.411457
MERS,322,32.2000,1.505593
MERS,323,32.3000,1.158528
MERS,324,32.4000,1.205205
MERS,325,32.5000,1.405269
MERS,326,32.6000,1.406813
MERS,327,32.7000,1.351906
MERS,328,32.8000,1.289336
MERS,329,32.9000,1.481288
MERS,330,33.0000,1.389520
MERS,331,33.1000,1.351298
MERS,332,33.2000,1.302739
MERS,333,33.3000,1.379367
MERS,334,33.4000,1.381557
MERS,335,33.5000,1.238918
MERS,336,33.6000,1.296575
MERS,337,33.7000,1.413846
MERS,338,33.8000,1.336385
MERS,339,33.9000,1.264680
MERS,340,34.0000,1.544233
MERS,341,34.1000,1.301049
MERS,342,34.2000,1.483228
MERS,343,34.3000,1.387343
MERS,344,34.4000,1.514532
MERS,345,34.5000,1.319591
MERS,346,34.6000,1.369161
MERS,347,34.7000,1.462929
MERS,348,34.8000,1.426882
MERS,349,34.9000,1.480812
MERS,350,35.0000,1.511603
MERS,351,35.1000,1.592191
MERS,352,35.2000,1.744911
MERS,353,35.3000,1.485284
MERS,354,35.4000,1.349343
MERS,355,35.5000,1.256159
MERS,356,35.6000,1.405728
MERS,357,35.7000,1.358986
MERS,358,35.8000,1.325670
MERS,359,35.9000,1.343240
MERS,360,36.0000,1.656396
MERS,361,36.1000,1.329384
MERS,362,36.2000,1.266697
MERS,363,36.3000,1.724154
MERS,364,36.4000,1.450582
MERS,365,36.5000,1.373355
MERS,366,36.6000,1.396681
MERS,367,36.7000,1.271667
MERS,368,36.8000,1.123240
MERS,369,36.9000,1.230910
MERS,370,37.0000,1.311159
MERS,371,37.1000,1.198931
MERS,372,37.2000,1.471469
MERS,373,37.3000,1.279787
MERS,374,37.4000,1.331633
MERS,375,37.5000,1.374935
MERS,376,37.6000,1.330553
MERS,377,37.7000,1.468295
MERS,378,37.8000,1.196383
MERS,379,37.9000,1.290860
MERS,380,38.0000,1.350538
MERS,381,38.1000,1.363147
MERS,382,38.2000,1.494482
MERS,383,38.3000,1.463311
MERS,384,38.4000,1.533574
MERS,385,38.5000,1.376982
MERS,386,38.6000,1.369611
MERS,387,38.7000,1.323920
MERS,388,38.8000,1.431543
MERS,389,38.9000,1.506957
MERS,390,39.0000,1.483228
MERS,391,39.1000,1.390617
MERS,392,39.2000,1.447625
MERS,393,39.3000,1.560433
MERS,394,39.4000,1.452967
MERS,395,39.5000,1.319347
MERS,396,39.6000,1.378686
MERS,397,39.7000,1.439127
MERS,398,39.8000,1.496660
MERS,399,39.9000,1.305484
MERS,400,40.0000,1.513873
MERS,401,40.1000,1.460058
MERS,402,40.2000,1.319991
MERS,403,40.3000,1.281986
MERS,404,40.4000,1.386052
MERS,405,40.5000,1.532961
MERS,406,40.6000,1.376641
MERS,407,40.7000,1.530088
MERS,408,40.8000,1.298204
MERS,409,40.9000,1.338688
MERS,410,41.0000,1.368496
MERS,411,41.1000,1.348494
MERS,412,41.2000,1.379856
MERS,413,41.3000,1.245131
MERS,414,41.4000,1.584005
MERS,415,41.5000,1.438638
MERS,416,41.6000,1.290223
MERS,417,41.7000,1.091575
MERS,418,41.8000,1.293154
MERS,419,41.9000,1.370682
MERS,420,42.0000,1.346600
MERS,421,42.1000,1.377494
MERS,422,42.2000,1.326024
MERS,423,42.3000,1.318056
MERS,424,42.4000,1.246803
MERS,425,42.5000,1.331215
MERS,426,42.6000,1.383000
MERS,427,42.7000,1.333593
MERS,428,42.8000,1.343611
MERS,429,42.9000,1.156043
MERS,430,43.0000,1.329207
MERS,431,43.1000,1.194223
MERS,432,43.2000,1.373739
MERS,433,43.3000,1.266395
MERS,434,43.4000,1.197241
MERS,435,43.5000,1.412725
MERS,436,43.6000,1.304607
MERS,437,43.7000,1.333175
MERS,438,43.8000,1.414136
MERS,439,43.9000,1.275975
MERS,440,44.0000,1.325604
MERS,441,44.1000,1.343742
MERS,442,44.2000,1.386264
MERS,443,44.3000,1.324120
MERS,444,44.4000,1.548938
MERS,445,44.5000,1.351581
MERS,446,44.6000,1.591435
MERS,447,44.7000,1.407960
MERS,448,44.8000,1.347580
MERS,449,44.9000,1.426594
MERS,450,45.0000,1.323499
MERS,451,45.1000,1.419149
MERS,452,45.2000,1.440778
MERS,453,45.3000,1.365233
MERS,454,45.4000,1.499089
MERS,455,45.5000,1.392283
MERS,456,45.6000,1.389414
MERS,457,45.7000,1.464253
MERS,458,45.8000,1.619038
MERS,459,45.9000,1.556385
MERS,460,46.0000,1.490432
MERS,461,46.1000,1.348342
MERS,462,46.2000,1.186507
MERS,463,46.3000,1.461625
MERS,464,46.4000,1.392536
MERS,465,46.5000,1.237045
MERS,466,46.6000,1.327595
MERS,467,46.7000,1.392979
MERS,468,46.8000,1.369482
MERS,469,46.9000,1.286739
MERS,470,47.0000,1.350669
MERS,471,47.1000,1.196580
MERS,472,47.2000,1.334209
MERS,473,47.3000,1.439250
MERS,474,47.4000,1.530298
MERS,475,47.5000,1.361747
MERS,476,47.6000,1.459877
MERS,477,47.7000,1.301116
MERS,478,47.8000,1.388104
MERS,479,47.9000,1.145281
MERS,480,48.0000,1.255785
MERS,481,48.1000,1.427170
MERS,482,48.2000,1.488343
MERS,483,48.3000,1.403848
MERS,484,48.4000,1.345117
MERS,485,48.5000,1.372521
MERS,486,48.6000,1.446205
MERS,487,48.7000,1.311338
MERS,488,48.8000,1.262683
MERS,489,48.9000,1.344353
MERS,490,49.0000,1.374209
MERS,491,49.1000,1.333043
MERS,492,49.2000,1.256159
MERS,493,49.3000,1.265654
MERS,494,49.4000,1.335330
MERS,495,49.5000,1.396786
MERS,496,49.6000,1.473343
MERS,497,49.7000,1.493578
MERS,498,49.8000,1.438454
MERS,499,49.9000,1.406980
MERS,500,50.0000,1.396955
MERS,501,50.1000,1.339258
MERS,502,50.2000,1.493500
MERS,503,50.3000,1.348103
MERS,504,50.4000,1.405415
MERS,505,50.5000,1.281963
MERS,506,50.6000,1.264285
MERS,507,50.7000,1.314713
MERS,508,50.8000,1.219798
MERS,509,50.9000,1.318991
MERS,510,51.0000,1.357452
MERS,511,51.1000,1.432321
MERS,512,51.2000,1.298091
MERS,513,51.3000,1.348124
MERS,514,51.4000,1.227974
MERS,515,51.5000,1.428033
MERS,516,51.6000,1.533593
MERS,517,51.7000,1.559530
MERS,518,51.8000,1.378005
MERS,519,51.9000,1.261567
MERS,520,52.0000,1.540352
MERS,521,52.1000,1.390259
MERS,522,52.2000,1.441674
MERS,523,52.3000,1.533306
MERS,524,52.4000,1.462929
MERS,525,52.5000,1.325272
MERS,526,52.6000,1.322812
MERS,527,52.7000,1.266349
MERS,528,52.8000,1.209604
MERS,529,52.9000,1.298950
MERS,530,53.0000,1.404371
MERS,531,53.1000,1.424618
MERS,532,53.2000,1.315850
MERS,533,53.3000,1.265654
MERS,534,53.4000,1.270606
MERS,535,53.5000,1.260543
MERS,536,53.6000,1.179214
MERS,537,53.7000,1.328501
MERS,538,53.8000,1.340813
MERS,539,53.9000,1.324696
MERS,540,54.0000,1.288653
MERS,541,54.1000,1.410750
MERS,542,54.2000,1.423526
MERS,543,54.3000,1.481347
MERS,544,54.4000,1.310331
MERS,545,54.5000,1.565671
MERS,546,54.6000,1.389583
MERS,547,54.7000,1.501729
MERS,548,54.8000,1.400332
MERS,549,54.9000,1.446266
MERS,550,55.0000,1.405728
MERS,551,55.1000,1.321169
MERS,552,55.2000,1.280864
MERS,553,55.3000,1.466696
MERS,554,55.4000,1.436065
MERS,555,55.5000,1.342890
MERS,556,55.6000,1.345793
MERS,557,55.7000,1.385374
MERS,558,55.8000,1.494816
MERS,559,55.9000,1.330619
MERS,560,56.0000,1.462709
MERS,561,56.1000,1.428752
MERS,562,56.2000,1.652529
MERS,563,56.3000,1.626867
MERS,564,56.4000,1.489230
MERS,565,56.5000,1.417163
MERS,566,56.6000,1.461264
MERS,567,56.7000,1.582856
MERS,568,56.8000,1.578215
MERS,569,56.9000,1.381153
MERS,570,57.0000,1.495640
MERS,571,57.1000,1.278663
MERS,572,57.2000,1.479702
MERS,573,57.3000,1.438699
MERS,574,57.4000,1.462448
MERS,575,57.5000,1.476566
MERS,576,57.6000,1.585283
MERS,577,57.7000,1.486923
MERS,578,57.8000,1.325869
MERS,579,57.9000,1.451613
MERS,580,58.0000,1.452078
MERS,581,58.1000,1.566476
MERS,582,58.2000,1.401380
MERS,583,58.3000,1.370467
MERS,584,58.4000,1.426985
MERS,585,58.5000,1.438291
MERS,586,58.6000,1.336253
MERS,587,58.7000,1.325427
MERS,588,58.8000,1.444785
MERS,589,58.9000,1.221649
MERS,590,59.0000,1.356716
MERS,591,59.1000,1.564602
MERS,592,59.2000,1.414385
MERS,593,59.3000,1.507385
MERS,594,59.4000,1.301364
MERS,595,59.5000,1.442772
MERS,596,59.6000,1.475751
MERS,597,59.7000,1.571358
MERS,598,59.8000,1.414116
MERS,599,59.9000,1.392599
MERS,600,60.0000,1.348538
MERS,601,60.1000,1.307595
MERS,602,60.2000,1.430989
MERS,603,60.3000,1.373398
MERS,604,60.4000,1.416831
MERS,605,60.5000,1.434021
MERS,606,60.6000,1.324386
MERS,607,60.7000,1.311808
MERS,608,60.8000,1.349321
MERS,609,60.9000,1.413514
MERS,610,61.0000,1.434225
MERS,611,61.1000,1.549677
MERS,612,61.2000,1.548332
MERS,613,61.3000,1.515345
MERS,614,61.4000,1.540028
MERS,615,61.5000,1.398823
MERS,616,61.6000,1.545752
MERS,617,61.7000,1.489703
MERS,618,61.8000,1.342868
MERS,619,61.9000,1.437556
MERS,620,62.0000,1.493362
MERS,621,62.1000,1.207054
MERS,622,62.2000,1.543263
MERS,623,62.3000,1.153782
MERS,624,62.4000,1.411436
MERS,625,62.5000,1.537530
MERS,626,62.6000,1.305057
MERS,627,62.7000,1.322656
MERS,628,62.8000,1.347449
MERS,629,62.9000,1.454400
MERS,630,63.0000,1.443992
MERS,631,63.1000,1.286852
MERS,632,63.2000,1.450804
MERS,633,63.3000,1.413804
MERS,634,63.4000,1.464333
MERS,635,63.5000,1.348255
MERS,636,63.6000,1.364738
MERS,637,63.7000,1.391398
MERS,638,63.8000,1.470053
MERS,639,63.9000,1.377771
MERS,640,64.0000,1.332426
MERS,641,64.1000,1.297413
MERS,642,64.2000,1.423526
MERS,643,64.3000,1.570368
MERS,644,64.4000,1.393463
MERS,645,64.5000,1.454037
MERS,646,64.6000,1.512419
MERS,647,64.7000,1.555838
MERS,648,64.8000,1.389520
MERS,649,64.9000,1.478552
MERS,650,65.0000,1.593959
MERS,651,65.1000,1.560828
MERS,652,65.2000,1.455086
MERS,653,65.3000,1.387110
MERS,654,65.4000,1.456174
MERS,655,65.5000,1.485343
MERS,656,65.6000,1.392663
MERS,657,65.7000,1.306226
MERS,658,65.8000,1.318924
MERS,659,65.9000,1.426141
MERS,660,66.0000,1.423052
MERS,661,66.1000,1.272498
MERS,662,66.2000,1.278250
MERS,663,66.3000,1.343218
MERS,664,66.4000,1.319369
MERS,665,66.5000,1.318012
MERS,666,66.6000,1.390195
MERS,667,66.7000,1.544309
MERS,668,66.8000,1.726008
MERS,669,66.9000,1.609312
MERS,670,67.0000,1.396030
MERS,671,67.1000,1.402949
MERS,672,67.2000,1.330531
MERS,673,67.3000,1.489171
MERS,674,67.4000,1.313238
MERS,675,67.5000,1.471788
MERS,676,67.6000,1.441144
MERS,677,67.7000,1.408002
MERS,678,67.8000,1.442732
MERS,679,67.9000,1.351993
MERS,680,68.0000,1.435514
MERS,681,68.1000,1.251290
MERS,682,68.2000,1.294628
MERS,683,68.3000,1.455368
MERS,684,68.4000,1.409793
MERS,685,68.5000,1.412205
MERS,686,68.6000,1.475989
MERS,687,68.7000,1.350147
MERS,688,68.8000,1.457926
MERS,689,68.9000,1.481228
MERS,690,69.0000,1.332470
MERS,691,69.1000,1.418756
MERS,692,69.2000,1.174101
MERS,693,69.3000,1.391145
MERS,694,69.4000,1.513757
MERS,695,69.5000,1.351885
MERS,696,69.6000,1.340112
MERS,697,69.7000,1.363469
MERS,698,69.8000,1.334077
MERS,699,69.9000,1.505515
MERS,700,70.0000,1.297480
MERS,701,70.1000,1.271783
MERS,702,70.2000,1.392199
MERS,703,70.3000,1.332581
MERS,704,70.4000,1.286351
MERS,705,70.5000,1.330531
MERS,706,70.6000,1.459475
MERS,707,70.7000,1.319947
MERS,708,70.8000,1.420699
MERS,709,70.9000,1.443383
MERS,710,71.0000,1.525420
MERS,711,71.1000,1.390744
MERS,712,71.2000,1.500791
MERS,713,71.3000,1.323943
MERS,714,71.4000,1.241048
MERS,715,71.5000,1.463591
MERS,716,71.6000,1.344943
MERS,717,71.7000,1.310375
MERS,718,71.8000,1.281895
MERS,719,71.9000,1.360863
MERS,720,72.0000,1.393779
MERS,721,72.1000,1.450905
MERS,722,72.2000,1.456315
MERS,723,72.3000,1.481605
MERS,724,72.4000,1.454461
MERS,725,72.5000,1.448213
MERS,726,72.6000,1.376535
MERS,727,72.7000,1.448821
MERS,728,72.8000,1.693415
MERS,729,72.9000,1.501182
MERS,730,73.0000,1.770719
MERS,731,73.1000,1.369311
MERS,732,73.2000,1.545012
MERS,733,73.3000,1.654428
MERS,734,73.4000,1.490215
MERS,735,73.5000,1.597049
MERS,736,73.6000,1.381025
MERS,737,73.7000,1.711581
MERS,738,73.8000,1.450501
MERS,739,73.9000,1.453391
MERS,740,74.0000,1.427088
MERS,741,74.1000,1.368946
MERS,742,74.2000,1.318056
MERS,743,74.3000,1.413576
MERS,744,74.4000,1.563345
MERS,745,74.5000,1.569471
MERS,746,74.6000,1.431235
MERS,747,74.7000,1.266812
MERS,748,74.8000,1.528418
MERS,749,74.9000,1.676137
MERS,750,75.0000,1.470352
MERS,751,75.1000,1.484988
MERS,752,75.2000,1.430189
MERS,753,75.3000,1.738104
MERS,754,75.4000,1.628579
MERS,755,75.5000,1.592136
MERS,756,75.6000,1.831649
MERS,757,75.7000,1.565258
MERS,758,75.8000,1.682219
MERS,759,75.9000,1.593351
MERS,760,76.0000,1.398067
MERS,761,76.1000,1.483228
MERS,762,76.2000,1.521915
MERS,763,76.3000,1.451350
MERS,764,76.4000,1.689251
MERS,765,76.5000,1.381875
MERS,766,76.6000,1.510089
MERS,767,76.7000,1.460259
MERS,768,76.8000,1.451775
MERS,769,76.9000,1.638782
MERS,770,77.0000,1.676872
MERS,771,77.1000,1.639247
MERS,772,77.2000,1.607543
MERS,773,77.3000,1.479583
MERS,774,77.4000,1.794473
MERS,775,77.5000,1.623635
MERS,776,77.6000,1.575275
MERS,777,77.7000,1.470532
MERS,778,77.8000,1.619292
MERS,779,77.9000,1.311920
MERS,780,78.0000,1.436474
MERS,781,78.1000,1.337833
MERS,782,78.2000,1.545695
MERS,783,78.3000,1.630272
MERS,784,78.4000,1.541989
MERS,785,78.5000,1.446774
MERS,786,78.6000,1.469594
MERS,787,78.7000,1.366522
MERS,788,78.8000,1.436719
MERS,789,78.9000,1.681922
MERS,790,79.0000,1.360669
MERS,791,79.1000,1.489427
MERS,792,79.2000,1.630722
MERS,793,79.3000,1.381642
MERS,794,79.4000,1.642252
MERS,795,79.5000,1.395063
MERS,796,79.6000,1.503916
MERS,797,79.7000,1.556460
MERS,798,79.8000,1.538617
MERS,799,79.9000,1.531429
MERS,800,80.0000,1.491258
MERS,801,80.1000,1.352623
MERS,802,80.2000,1.426532
MERS,803,80.3000,1.459636
MERS,804,80.4000,1.660854
MERS,805,80.5000,1.562256
MERS,806,80.6000,1.559285
MERS,807,80.7000,1.545657
MERS,808,80.8000,1.667924
MERS,809,80.9000,1.525632
MERS,810,81.0000,1.460440
MERS,811,81.1000,1.435411
MERS,812,81.2000,1.395609
MERS,813,81.3000,1.482001
MERS,814,81.4000,1.610752
MERS,815,81.5000,1.525670
MERS,816,81.6000,1.444195
MERS,817,81.7000,1.386539
MERS,818,81.8000,1.405519
MERS,819,81.9000,1.383764
MERS,820,82.0000,1.357495
MERS,821,82.1000,1.563739
MERS,822,82.2000,1.547934
MERS,823,82.3000,1.540942
MERS,824,82.4000,1.518267
MERS,825,82.5000,1.572366
MERS,826,82.6000,1.565464
MERS,827,82.7000,1.530126
MERS,828,82.8000,1.464133
MERS,829,82.9000,1.426183
MERS,830,83.0000,1.465695
MERS,831,83.1000,1.510477
MERS,832,83.2000,1.606283
MERS,833,83.3000,1.791609
MERS,834,83.4000,1.437577
MERS,835,83.5000,1.458973
MERS,836,83.6000,1.497718
MERS,837,83.7000,1.464553
MERS,838,83.8000,1.494089
MERS,839,83.9000,1.586578
MERS,840,84.0000,1.527266
MERS,841,84.1000,1.415464
MERS,842,84.2000,1.449570
MERS,843,84.3000,1.496150
MERS,844,84.4000,1.374017
MERS,845,84.5000,1.546417
MERS,846,84.6000,1.354963
MERS,847,84.7000,1.442142
MERS,848,84.8000,1.358640
MERS,849,84.9000,1.433693
MERS,850,85.0000,1.359396
MERS,851,85.1000,1.466576
MERS,852,85.2000,1.352058
MERS,853,85.3000,1.492615
MERS,854,85.4000,1.371538
MERS,855,85.5000,1.369375
MERS,856,85.6000,1.670912
MERS,857,85.7000,1.552741
MERS,858,85.8000,1.312076
MERS,859,85.9000,1.330796
MERS,860,86.0000,1.306450
MERS,861,86.1000,1.553252
MERS,862,86.2000,1.326600
MERS,863,86.3000,1.337504
MERS,864,86.4000,1.238775
MERS,865,86.5000,1.527554
MERS,866,86.6000,1.543206
MERS,867,86.7000,1.621754
MERS,868,86.8000,1.259681
MERS,869,86.9000,1.518421
MERS,870,87.0000,1.540009
MERS,871,87.1000,1.567862
MERS,872,87.2000,1.670631
MERS,873,87.3000,1.422227
MERS,874,87.4000,1.560734
MERS,875,87.5000,1.695510
MERS,876,87.6000,1.376641
MERS,877,87.7000,1.588168
MERS,878,87.8000,1.726603
MERS,879,87.9000,1.580630
MERS,880,88.0000,1.332691
MERS,881,88.1000,1.386433
MERS,882,88.2000,1.492714
MERS,883,88.3000,1.417825
MERS,884,88.4000,1.484336
MERS,885,88.5000,1.488856
MERS,886,88.6000,1.350147
MERS,887,88.7000,1.515539
MERS,888,88.8000,1.456376
MERS,889,88.9000,1.399452
MERS,890,89.0000,1.318702
MERS,891,89.1000,1.274779
MERS,892,89.2000,1.323100
MERS,893,89.3000,1.332625
MERS,894,89.4000,1.248591
MERS,895,89.5000,1.263682
MERS,896,89.6000,1.291541
MERS,897,89.7000,1.528572
MERS,898,89.8000,1.311606
MERS,899,89.9000,1.254733
MERS,900,90.0000,1.183858
MERS,901,90.1000,1.278273
MERS,902,90.2000,1.438903
MERS,903,90.3000,1.425565
MERS,904,90.4000,1.213963
MERS,905,90.5000,1.313618
MERS,906,90.6000,1.330465
MERS,907,90.7000,1.397605
MERS,908,90.8000,1.380154
MERS,909,90.9000,1.417722
MERS,910,91.0000,1.521472
MERS,911,91.1000,1.343851
MERS,912,91.2000,1.361984
MERS,913,91.3000,1.365276
MERS,914,91.4000,1.284570
MERS,915,91.5000,1.459737
MERS,916,91.6000,1.365727
MERS,917,91.7000,1.219221
MERS,918,91.8000,1.471689
MERS,919,91.9000,1.458248
MERS,920,92.0000,1.528456
MERS,921,92.1000,1.358122
MERS,922,92.2000,1.358100
MERS,923,92.3000,1.286898
MERS,924,92.4000,1.476069
MERS,925,92.5000,1.570816
MERS,926,92.6000,1.413036
MERS,927,92.7000,1.286967
MERS,928,92.8000,1.446733
MERS,929,92.9000,1.403639
MERS,930,93.0000,1.345052
MERS,931,93.1000,1.546056
MERS,932,93.2000,1.224648
MERS,933,93.3000,1.399892
MERS,934,93.4000,1.331942
MERS,935,93.5000,1.360949
MERS,936,93.6000,1.438087
MERS,937,93.7000,1.271991
MERS,938,93.8000,1.472127
MERS,939,93.9000,1.603613
MERS,940,94.0000,1.189570
MERS,941,94.1000,1.313149
MERS,942,94.2000,1.419997
MERS,943,94.3000,1.299582
MERS,944,94.4000,1.262148
MERS,945,94.5000,1.397542
MERS,946,94.6000,1.497934
MERS,947,94.7000,1.282627
MERS,948,94.8000,1.481011
MERS,949,94.9000,1.433509
MERS,950,95.0000,1.506139
MERS,951,95.1000,1.442589
MERS,952,95.2000,1.389963
MERS,953,95.3000,1.658715
MERS,954,95.4000,1.445637
MERS,955,95.5000,1.524593
MERS,956,95.6000,1.446449
MERS,957,95.7000,1.549488
MERS,958,95.8000,1.427499
MERS,959,95.9000,1.690658
MERS,960,96.0000,1.550623
MERS,961,96.1000,1.407481
MERS,962,96.2000,1.462308
MERS,963,96.3000,1.546948
MERS,964,96.4000,1.585394
MERS,965,96.5000,1.460902
MERS,966,96.6000,1.569022
MERS,967,96.7000,1.494148
MERS,968,96.8000,1.437801
MERS,969,96.9000,1.428362
MERS,970,97.0000,1.339236
MERS,971,97.1000,1.324076
MERS,972,97.2000,1.434921
MERS,973,97.3000,1.530874
MERS,974,97.4000,1.486804
MERS,975,97.5000,1.450339
MERS,976,97.6000,1.438046
MERS,977,97.7000,1.677625
MERS,978,97.8000,1.454138
MERS,979,97.9000,1.392515
MERS,980,98.0000,1.325050
MERS,981,98.1000,1.470592
MERS,982,98.2000,1.350560
MERS,983,98.3000,1.432977
MERS,984,98.4000,1.324940
MERS,985,98.5000,1.462608
MERS,986,98.6000,1.493578
MERS,987,98.7000,1.508475
MERS,988,98.8000,1.627714
MERS,989,98.9000,1.517648
MERS,990,99.0000,1.286852
MERS,991,99.1000,1.408710
MERS,992,99.2000,1.446429
MERS,993,99.3000,1.464633
MERS,994,99.4000,1.372543
MERS,995,99.5000,1.321391
MERS,996,99.6000,1.264819
MERS,997,99.7000,1.411769
MERS,998,99.8000,1.502178
MERS,999,99.9000,1.570928
MERS,1000,100.0000,1.702040
SARS1,0,0.0000,0.000000
SARS1,1,0.1000,1.576558
SARS1,2,0.2000,1.649559
SARS1,3,0.3000,2.191793
SARS1,4,0.4000,2.139312
SARS1,5,0.5000,1.632287
SARS1,6,0.6000,1.752261
SARS1,7,0.7000,2.197084
SARS1,8,0.8000,2.140000
SARS1,9,0.9000,2.027188
SARS1,10,1.0000,2.062423
SARS1,11,1.1000,2.062695
SARS1,12,1.2000,2.085779
SARS1,13,1.3000,2.183182
SARS1,14,1.4000,2.225148
SARS1,15,1.5000,2.153073
SARS1,16,1.6000,2.375459
SARS1,17,1.7000,2.193033
SARS1,18,1.8000,2.251422
SARS1,19,1.9000,2.094447
SARS1,20,2.0000,2.285326
SARS1,21,2.1000,2.216026
SARS1,22,2.2000,2.260037
SARS1,23,2.3000,2.004996
SARS1,24,2.4000,2.487509
SARS1,25,2.5000,2.427719
SARS1,26,2.6000,2.498948
SARS1,27,2.7000,2.364825
SARS1,28,2.8000,2.412486
SARS1,29,2.9000,2.430045
SARS1,30,3.0000,2.491905
SARS1,31,3.1000,2.367686
SARS1,32,3.2000,2.373361
SARS1,33,3.3000,2.423475
SARS1,34,3.4000,2.581646
SARS1,35,3.5000,2.602635
SARS1,36,3.6000,2.459116
SARS1,37,3.7000,2.485266
SARS1,38,3.8000,2.768047
SARS1,39,3.9000,2.649427
SARS1,40,4.0000,2.626456
SARS1,41,4.1000,2.696162
SARS1,42,4.2000,2.662410
SARS1,43,4.3000,2.431776
SARS1,44,4.4000,2.586730
SARS1,45,4.5000,2.450091
SARS1,46,4.6000,2.377474
SARS1,47,4.7000,2.462836
SARS1,48,4.8000,2.583385
SARS1,49,4.9000,2.484814
SARS1,50,5.0000,2.471282
SARS1,51,5.1000,2.410551
SARS1,52,5.2000,2.254963
SARS1,53,5.3000,2.403870
SARS1,54,5.4000,2.453225
SARS1,55,5.5000,2.392359
SARS1,56,5.6000,2.362777
SARS1,57,5.7000,2.424271
SARS1,58,5.8000,2.403746
SARS1,59,5.9000,2.384795
SARS1,60,6.0000,2.524498
SARS1,61,6.1000,2.646546
SARS1,62,6.2000,2.660031
SARS1,63,6.3000,2.686680
SARS1,64,6.4000,2.964274
SARS1,65,6.5000,2.994397
SARS1,66,6.6000,2.858422
SARS1,67,6.7000,3.149047
SARS1,68,6.8000,2.969347
SARS1,69,6.9000,3.124057
SARS1,70,7.0000,3.135248
SARS1,71,7.1000,2.947923
SARS1,72,7.2000,2.972635
SARS1,73,7.3000,3.134387
SARS1,74,7.4000,2.940578
SARS1,75,7.5000,3.201230
SARS1,76,7.6000,3.283932
SARS1,77,7.7000,3.094261
SARS1,78,7.8000,3.087355
SARS1,79,7.9000,3.120878
SARS1,80,8.0000,2.940709
SARS1,81,8.1000,2.990576
SARS1,82,8.2000,3.357422
SARS1,83,8.3000,3.115799
SARS1,84,8.4000,3.210050
SARS1,85,8.5000,2.979724
SARS1,86,8.6000,3.159911
SARS1,87,8.7000,2.960835
SARS1,88,8.8000,3.148840
SARS1,89,8.9000,2.810466
SARS1,90,9.0000,3.164054
SARS1,91,9.1000,3.014682
SARS1,92,9.2000,2.815211
SARS1,93,9.3000,2.950064
SARS1,94,9.4000,3.129095
SARS1,95,9.5000,3.316869
SARS1,96,9.6000,3.076663
SARS1,97,9.7000,2.964292
SARS1,98,9.8000,2.967019
SARS1,99,9.9000,3.076548
SARS1,100,10.0000,3.250100
SARS1,101,10.1000,3.226350
SARS1,102,10.2000,3.292722
SARS1,103,10.3000,3.214417
SARS1,104,10.4000,3.011510
SARS1,105,10.5000,3.111834
SARS1,106,10.6000,2.959537
SARS1,107,10.7000,3.322987
SARS1,108,10.8000,3.188774
SARS1,109,10.9000,2.909301
SARS1,110,11.0000,3.076600
SARS1,111,11.1000,2.910055
SARS1,112,11.2000,3.023611
SARS1,113,11.3000,2.939922
SARS1,114,11.4000,2.876776
SARS1,115,11.5000,2.963375
SARS1,116,11.6000,2.798528
SARS1,117,11.7000,3.139385
SARS1,118,11.8000,3.103357
SARS1,119,11.9000,3.087179
SARS1,120,12.0000,3.113749
SARS1,121,12.1000,3.176540
SARS1,122,12.2000,3.152915
SARS1,123,12.3000,3.219815
SARS1,124,12.4000,3.002248
SARS1,125,12.5000,3.237908
SARS1,126,12.6000,3.025872
SARS1,127,12.7000,2.836537
SARS1,128,12.8000,3.127654
SARS1,129,12.9000,2.960059
SARS1,130,13.0000,3.018130
SARS1,131,13.1000,3.032918
SARS1,132,13.2000,3.348236
SARS1,133,13.3000,2.934542
SARS1,134,13.4000,3.138396
SARS1,135,13.5000,3.044399
SARS1,136,13.6000,3.152915
SARS1,137,13.7000,3.219036
SARS1,138,13.8000,3.245224
SARS1,139,13.9000,3.283964
SARS1,140,14.0000,3.254587
SARS1,141,14.1000,3.434187
SARS1,142,14.2000,2.995153
SARS1,143,14.3000,3.279379
SARS1,144,14.4000,3.441299
SARS1,145,14.5000,2.934362
SARS1,146,14.6000,2.995551
SARS1,147,14.7000,2.698489
SARS1,148,14.8000,3.029372
SARS1,149,14.9000,2.812045
SARS1,150,15.0000,2.974239
SARS1,151,15.1000,2.918342
SARS1,152,15.2000,2.977133
SARS1,153,15.3000,2.878282
SARS1,154,15.4000,3.024916
SARS1,155,15.5000,2.908529
SARS1,156,15.6000,3.015974
SARS1,157,15.7000,3.052867
SARS1,158,15.8000,3.177231
SARS1,159,15.9000,3.047054
SARS1,160,16.0000,3.387808
SARS1,161,16.1000,3.060287
SARS1,162,16.2000,3.206151
SARS1,163,16.3000,3.147643
SARS1,164,16.4000,3.303719
SARS1,165,16.5000,3.374565
SARS1,166,16.6000,3.446860
SARS1,167,16.7000,3.086827
SARS1,168,16.8000,3.359229
SARS1,169,16.9000,3.106277
SARS1,170,17.0000,3.218311
SARS1,171,17.1000,3.212343
SARS1,172,17.2000,3.103148
SARS1,173,17.3000,2.959490
SARS1,174,17.4000,2.982960
SARS1,175,17.5000,3.232162
SARS1,176,17.6000,3.255767
SARS1,177,17.7000,3.224708
SARS1,178,17.8000,3.154717
SARS1,179,17.9000,3.224349
SARS1,180,18.0000,3.239793
SARS1,181,18.1000,3.094063
SARS1,182,18.2000,3.066178
SARS1,183,18.3000,3.181296
SARS1,184,18.4000,3.188774
SARS1,185,18.5000,3.162174
SARS1,186,18.6000,3.107874
SARS1,187,18.7000,3.040732
SARS1,188,18.8000,3.266437
SARS1,189,18.9000,3.233876
SARS1,190,19.0000,3.224686
SARS1,191,19.1000,2.996727
SARS1,192,19.2000,3.423666
SARS1,193,19.3000,3.319132
SARS1,194,19.4000,3.146456
SARS1,195,19.5000,3.320083
SARS1,196,19.6000,3.050212
SARS1,197,19.7000,3.024933
SARS1,198,19.8000,3.251309
SARS1,199,19.9000,3.267812
SARS1,200,20.0000,3.446203
SARS1,201,20.1000,3.216948
SARS1,202,20.2000,3.369447
SARS1,203,20.3000,3.273029
SARS1,204,20.4000,3.465570
SARS1,205,20.5000,3.175911
SARS1,206,20.6000,3.423937
SARS1,207,20.7000,3.265648
SARS1,208,20.8000,2.911308
SARS1,209,20.9000,3.079033
SARS1,210,21.0000,3.124944
SARS1,211,21.1000,3.037206
SARS1,212,21.2000,3.242958
SARS1,213,21.3000,3.289882
SARS1,214,21.4000,3.280560
SARS1,215,21.5000,3.358545
SARS1,216,21.6000,3.227100
SARS1,217,21.7000,3.516483
SARS1,218,21.8000,3.278191
SARS1,219,21.9000,3.315547
SARS1,220,22.0000,3.249053
SARS1,221,22.1000,3.366655
SARS1,222,22.2000,3.441212
SARS1,223,22.3000,3.208990
SARS1,224,22.4000,3.180673
SARS1,225,22.5000,3.225170
SARS1,226,22.6000,3.300724
SARS1,227,22.7000,2.945994
SARS1,228,22.8000,3.185021
SARS1,229,22.9000,2.912543
SARS1,230,23.0000,3.072224
SARS1,231,23.1000,2.979653
SARS1,232,23.2000,3.167373
SARS1,233,23.3000,3.140781
SARS1,234,23.4000,3.066281
SARS1,235,23.5000,3.421698
SARS1,236,23.6000,3.129246
SARS1,237,23.7000,3.221917
SARS1,238,23.8000,3.231939
SARS1,239,23.9000,3.205933
SARS1,240,24.0000,3.359558
SARS1,241,24.1000,3.044825
SARS1,242,24.2000,3.181467
SARS1,243,24.3000,3.127670
SARS1,244,24.4000,3.088923
SARS1,245,24.5000,2.991374
SARS1,246,24.6000,3.149999
SARS1,247,24.7000,3.093008
SARS1,248,24.8000,3.146824
SARS1,249,24.9000,3.188186
SARS1,250,25.0000,3.229735
SARS1,251,25.1000,2.975896
SARS1,252,25.2000,2.893845
SARS1,253,25.3000,3.082232
SARS1,254,25.4000,3.166321
SARS1,255,25.5000,3.176441
SARS1,256,25.6000,3.231744
SARS1,257,25.7000,3.236895
SARS1,258,25.8000,3.078036
SARS1,259,25.9000,3.006451
SARS1,260,26.0000,3.222298
SARS1,261,26.1000,3.111411
SARS1,262,26.2000,3.154294
SARS1,263,26.3000,3.267693
SARS1,264,26.4000,3.160294
SARS1,265,26.5000,3.084149
SARS1,266,26.6000,3.045614
SARS1,267,26.7000,3.081288
SARS1,268,26.8000,3.031108
SARS1,269,26.9000,3.035468
SARS1,270,27.0000,3.245040
SARS1,271,27.1000,3.064244
SARS1,272,27.2000,3.309882
SARS1,273,27.3000,3.146355
SARS1,274,27.4000,2.956436
SARS1,275,27.5000,3.018816
SARS1,276,27.6000,3.244359
SARS1,277,27.7000,3.170649
SARS1,278,27.8000,3.307831
SARS1,279,27.9000,3.224594
SARS1,280,28.0000,3.256893
SARS1,281,28.1000,3.240800
SARS1,282,28.2000,3.204390
SARS1,283,28.3000,3.332174
SARS1,284,28.4000,3.103170
SARS1,285,28.5000,3.242277
SARS1,286,28.6000,3.381865
SARS1,287,28.7000,3.067287
SARS1,288,28.8000,3.058957
SARS1,289,28.9000,3.200890
SARS1,290,29.0000,3.063678
SARS1,291,29.1000,3.246499
SARS1,292,29.2000,3.209672
SARS1,293,29.3000,3.292648
SARS1,294,29.4000,3.224915
SARS1,295,29.5000,3.101689
SARS1,296,29.6000,3.489366
SARS1,297,29.7000,3.445873
SARS1,298,29.8000,3.008474
SARS1,299,29.9000,3.274513
SARS1,300,30.0000,3.245548
SARS1,301,30.1000,3.209514
SARS1,302,30.2000,3.317535
SARS1,303,30.3000,3.220567
SARS1,304,30.4000,3.223495
SARS1,305,30.5000,3.324828
SARS1,306,30.6000,3.256252
SARS1,307,30.7000,3.168845
SARS1,308,30.8000,3.045113
SARS1,309,30.9000,3.279459
SARS1,310,31.0000,3.210503
SARS1,311,31.1000,3.247180
SARS1,312,31.2000,3.238623
SARS1,313,31.3000,3.211841
SARS1,314,31.4000,3.205818
SARS1,315,31.5000,3.241606
SARS1,316,31.6000,3.400158
SARS1,317,31.7000,3.363925
SARS1,318,31.8000,3.375432
SARS1,319,31.9000,3.063025
SARS1,320,32.0000,3.063488
SARS1,321,32.1000,3.025420
SARS1,322,32.2000,3.207705
SARS1,323,32.3000,2.772315
SARS1,324,32.4000,2.944238
SARS1,325,32.5000,2.940554
SARS1,326,32.6000,2.997125
SARS1,327,32.7000,3.424096
SARS1,328,32.8000,3.052523
SARS1,329,32.9000,3.062229
SARS1,330,33.0000,3.105949
SARS1,331,33.1000,2.893409
SARS1,332,33.2000,3.141022
SARS1,333,33.3000,3.034624
SARS1,334,33.4000,3.181214
SARS1,335,33.5000,3.057259
SARS1,336,33.6000,3.287919
SARS1,337,33.7000,3.263811
SARS1,338,33.8000,3.169537
SARS1,339,33.9000,3.018340
SARS1,340,34.0000,3.213774
SARS1,341,34.1000,3.086463
SARS1,342,34.2000,3.189071
SARS1,343,34.3000,3.210427
SARS1,344,34.4000,3.160871
SARS1,345,34.5000,3.489210
SARS1,346,34.6000,3.230560
SARS1,347,34.7000,3.203776
SARS1,348,34.8000,3.094624
SARS1,349,34.9000,3.220267
SARS1,350,35.0000,2.992763
SARS1,351,35.1000,2.940023
SARS1,352,35.2000,2.985986
SARS1,353,35.3000,2.924268
SARS1,354,35.4000,3.177418
SARS1,355,35.5000,3.183192
SARS1,356,35.6000,3.307820
SARS1,357,35.7000,3.464041
SARS1,358,35.8000,3.280421
SARS1,359,35.9000,3.001920
SARS1,360,36.0000,3.197201
SARS1,361,36.1000,3.218839
SARS1,362,36.2000,3.184008
SARS1,363,36.3000,3.119776
SARS1,364,36.4000,3.281795
SARS1,365,36.5000,3.340837
SARS1,366,36.6000,3.279630
SARS1,367,36.7000,3.384207
SARS1,368,36.8000,3.302806
SARS1,369,36.9000,3.324802
SARS1,370,37.0000,3.195214
SARS1,371,37.1000,3.273453
SARS1,372,37.2000,3.134012
SARS1,373,37.3000,3.340842
SARS1,374,37.4000,3.314415
SARS1,375,37.5000,3.424900
SARS1,376,37.6000,3.485589
SARS1,377,37.7000,3.168945
SARS1,378,37.8000,3.160066
SARS1,379,37.9000,3.192523
SARS1,380,38.0000,3.261644
SARS1,381,38.1000,3.432558
SARS1,382,38.2000,3.080531
SARS1,383,38.3000,3.271363
SARS1,384,38.4000,3.270301
SARS1,385,38.5000,3.428375
SARS1,386,38.6000,3.326838
SARS1,387,38.7000,3.342290
SARS1,388,38.8000,3.394123
SARS1,389,38.9000,3.285934
SARS1,390,39.0000,3.441274
SARS1,391,39.1000,3.167528
SARS1,392,39.2000,2.882672
SARS1,393,39.3000,3.337528
SARS1,394,39.4000,3.168635
SARS1,395,39.5000,3.273533
SARS1,396,39.6000,3.288650
SARS1,397,39.7000,3.205325
SARS1,398,39.8000,3.160982
SARS1,399,39.9000,3.238948
SARS1,400,40.0000,3.273881
SARS1,401,40.1000,3.031802
SARS1,402,40.2000,3.368931
SARS1,403,40.3000,2.984312
SARS1,404,40.4000,3.273201
SARS1,405,40.5000,3.435596
SARS1,406,40.6000,3.132920
SARS1,407,40.7000,3.099596
SARS1,408,40.8000,3.274240
SARS1,409,40.9000,3.194830
SARS1,410,41.0000,3.258976
SARS1,411,41.1000,3.334815
SARS1,412,41.2000,3.100631
SARS1,413,41.3000,3.292722
SARS1,414,41.4000,3.424572
SARS1,415,41.5000,3.083080
SARS1,416,41.6000,3.300559
SARS1,417,41.7000,3.317319
SARS1,418,41.8000,3.156001
SARS1,419,41.9000,3.372984
SARS1,420,42.0000,3.288202
SARS1,421,42.1000,3.009640
SARS1,422,42.2000,3.415485
SARS1,423,42.3000,3.400978
SARS1,424,42.4000,3.221100
SARS1,425,42.5000,3.049821
SARS1,426,42.6000,3.354626
SARS1,427,42.7000,3.509009
SARS1,428,42.8000,3.273399
SARS1,429,42.9000,3.119939
SARS1,430,43.0000,3.296145
SARS1,431,43.1000,3.209301
SARS1,432,43.2000,3.321297
SARS1,433,43.3000,3.285214
SARS1,434,43.4000,3.231934
SARS1,435,43.5000,2.979736
SARS1,436,43.6000,3.011877
SARS1,437,43.7000,2.931450
SARS1,438,43.8000,3.064651
SARS1,439,43.9000,3.198160
SARS1,440,44.0000,3.109911
SARS1,441,44.1000,3.258793
SARS1,442,44.2000,3.074102
SARS1,443,44.3000,3.082756
SARS1,444,44.4000,3.239571
SARS1,445,44.5000,3.023484
SARS1,446,44.6000,2.950385
SARS1,447,44.7000,3.215460
SARS1,448,44.8000,3.291054
SARS1,449,44.9000,3.330184
SARS1,450,45.0000,3.067145
SARS1,451,45.1000,3.036097
SARS1,452,45.2000,3.008550
SARS1,453,45.3000,3.270993
SARS1,454,45.4000,3.369493
SARS1,455,45.5000,3.327333
SARS1,456,45.6000,3.085310
SARS1,457,45.7000,2.949493
SARS1,458,45.8000,3.017828
SARS1,459,45.9000,3.021267
SARS1,460,46.0000,3.069374
SARS1,461,46.1000,3.356889
SARS1,462,46.2000,3.062647
SARS1,463,46.3000,3.113625
SARS1,464,46.4000,3.092226
SARS1,465,46.5000,3.159106
SARS1,466,46.6000,3.248783
SARS1,467,46.7000,3.151006
SARS1,468,46.8000,3.156962
SARS1,469,46.9000,3.222309
SARS1,470,47.0000,3.305428
SARS1,471,47.1000,3.202287
SARS1,472,47.2000,3.125039
SARS1,473,47.3000,3.257835
SARS1,474,47.4000,3.332995
SARS1,475,47.5000,3.391429
SARS1,476,47.6000,3.144911
SARS1,477,47.7000,3.438332
SARS1,478,47.8000,3.160283
SARS1,479,47.9000,3.251400
SARS1,480,48.0000,3.261811
SARS1,481,48.1000,3.322528
SARS1,482,48.2000,3.129179
SARS1,483,48.3000,3.208744
SARS1,484,48.4000,3.540640
SARS1,485,48.5000,3.280518
SARS1,486,48.6000,3.186738
SARS1,487,48.7000,3.243986
SARS1,488,48.8000,3.220076
SARS1,489,48.9000,3.260993
SARS1,490,49.0000,3.356696
SARS1,491,49.1000,3.143522
SARS1,492,49.2000,3.214674
SARS1,493,49.3000,3.523628
SARS1,494,49.4000,3.385348
SARS1,495,49.5000,3.355070
SARS1,496,49.6000,3.302827
SARS1,497,49.7000,3.393409
SARS1,498,49.8000,3.129952
SARS1,499,49.9000,3.079586
SARS1,500,50.0000,3.371975
SARS1,501,50.1000,3.484653
SARS1,502,50.2000,3.131745
SARS1,503,50.3000,3.306208
SARS1,504,50.4000,3.400071
SARS1,505,50.5000,3.644788
SARS1,506,50.6000,3.579922
SARS1,507,50.7000,3.289194
SARS1,508,50.8000,3.284450
SARS1,509,50.9000,3.043811
SARS1,510,51.0000,3.187432
SARS1,511,51.1000,3.297704
SARS1,512,51.2000,2.905736
SARS1,513,51.3000,3.050132
SARS1,514,51.4000,2.993601
SARS1,515,51.5000,3.174226
SARS1,516,51.6000,3.017107
SARS1,517,51.7000,3.090178
SARS1,518,51.8000,3.405452
SARS1,519,51.9000,3.314494
SARS1,520,52.0000,3.335919
SARS1,521,52.1000,3.115005
SARS1,522,52.2000,3.160738
SARS1,523,52.3000,3.045194
SARS1,524,52.4000,3.231657
SARS1,525,52.5000,3.229132
SARS1,526,52.6000,3.214707
SARS1,527,52.7000,3.223294
SARS1,528,52.8000,3.152960
SARS1,529,52.9000,3.164176
SARS1,530,53.0000,3.388191
SARS1,531,53.1000,3.276452
SARS1,532,53.2000,3.139039
SARS1,533,53.3000,3.307343
SARS1,534,53.4000,3.356758
SARS1,535,53.5000,3.089468
SARS1,536,53.6000,3.180574
SARS1,537,53.7000,3.074872
SARS1,538,53.8000,3.107084
SARS1,539,53.9000,2.927193
SARS1,540,54.0000,2.749528
SARS1,541,54.1000,3.309930
SARS1,542,54.2000,3.135209
SARS1,543,54.3000,3.280715
SARS1,544,54.4000,3.158695
SARS1,545,54.5000,3.224697
SARS1,546,54.6000,2.987818
SARS1,547,54.7000,2.771669
SARS1,548,54.8000,3.259842
SARS1,549,54.9000,3.085719
SARS1,550,55.0000,2.997447
SARS1,551,55.1000,2.930594
SARS1,552,55.2000,3.202419
SARS1,553,55.3000,3.302248
SARS1,554,55.4000,3.098770
SARS1,555,55.5000,2.807419
SARS1,556,55.6000,3.106430
SARS1,557,55.7000,3.065600
SARS1,558,55.8000,3.172198
SARS1,559,55.9000,2.931629
SARS1,560,56.0000,2.931498
SARS1,561,56.1000,2.757624
SARS1,562,56.2000,2.941681
SARS1,563,56.3000,2.825882
SARS1,564,56.4000,2.974504
SARS1,565,56.5000,3.009891
SARS1,566,56.6000,2.927726
SARS1,567,56.7000,3.149074
SARS1,568,56.8000,2.922318
SARS1,569,56.9000,3.059776
SARS1,570,57.0000,3.090546
SARS1,571,57.1000,2.860464
SARS1,572,57.2000,2.994005
SARS1,573,57.3000,3.079830
SARS1,574,57.4000,2.979824
SARS1,575,57.5000,2.899972
SARS1,576,57.6000,2.989174
SARS1,577,57.7000,2.779745
SARS1,578,57.8000,3.293052
SARS1,579,57.9000,3.292243
SARS1,580,58.0000,3.359558
SARS1,581,58.1000,3.377692
SARS1,582,58.2000,3.406121
SARS1,583,58.3000,3.312806
SARS1,584,58.4000,3.373244
SARS1,585,58.5000,3.414632
SARS1,586,58.6000,3.434085
SARS1,587,58.7000,3.614151
SARS1,588,58.8000,3.661256
SARS1,589,58.9000,3.320241
SARS1,590,59.0000,3.509698
SARS1,591,59.1000,3.567539
SARS1,592,59.2000,3.303331
SARS1,593,59.3000,3.371466
SARS1,594,59.4000,3.323789
SARS1,595,59.5000,3.247206
SARS1,596,59.6000,3.313002
SARS1,597,59.7000,3.215803
SARS1,598,59.8000,3.294000
SARS1,599,59.9000,3.363090
SARS1,600,60.0000,3.053459
SARS1,601,60.1000,3.168674
SARS1,602,60.2000,3.205304
SARS1,603,60.3000,3.134605
SARS1,604,60.4000,3.099732
SARS1,605,60.5000,3.095655
SARS1,606,60.6000,3.316087
SARS1,607,60.7000,3.069180
SARS1,608,60.8000,3.064794
SARS1,609,60.9000,2.976897
SARS1,610,61.0000,2.983583
SARS1,611,61.1000,3.301685
SARS1,612,61.2000,3.166243
SARS1,613,61.3000,3.450100
SARS1,614,61.4000,3.185996
SARS1,615,61.5000,3.225975
SARS1,616,61.6000,3.218584
SARS1,617,61.7000,3.194275
SARS1,618,61.8000,3.095831
SARS1,619,61.9000,3.023211
SARS1,620,62.0000,3.115664
SARS1,621,62.1000,3.304701
SARS1,622,62.2000,3.336681
SARS1,623,62.3000,3.021592
SARS1,624,62.4000,3.118562
SARS1,625,62.5000,3.083837
SARS1,626,62.6000,2.932060
SARS1,627,62.7000,3.020692
SARS1,628,62.8000,3.295448
SARS1,629,62.9000,3.312292
SARS1,630,63.0000,3.192523
SARS1,631,63.1000,3.274406
SARS1,632,63.2000,3.214647
SARS1,633,63.3000,3.289455
SARS1,634,63.4000,3.431157
SARS1,635,63.5000,3.294357
SARS1,636,63.6000,3.370399
SARS1,637,63.7000,3.364654
SARS1,638,63.8000,3.602587
SARS1,639,63.9000,3.397753
SARS1,640,64.0000,3.484089
SARS1,641,64.1000,3.647784
SARS1,642,64.2000,3.410804
SARS1,643,64.3000,3.484174
SARS1,644,64.4000,3.635214
SARS1,645,64.5000,3.444595
SARS1,646,64.6000,3.519036
SARS1,647,64.7000,3.620890
SARS1,648,64.8000,3.447695
SARS1,649,64.9000,3.664809
SARS1,650,65.0000,3.591260
SARS1,651,65.1000,3.526504
SARS1,652,65.2000,3.252889
SARS1,653,65.3000,3.475778
SARS1,654,65.4000,3.192358
SARS1,655,65.5000,3.506113
SARS1,656,65.6000,3.486912
SARS1,657,65.7000,3.438668
SARS1,658,65.8000,3.383637
SARS1,659,65.9000,3.440499
SARS1,660,66.0000,3.254355
SARS1,661,66.1000,3.210907
SARS1,662,66.2000,3.244013
SARS1,663,66.3000,3.204713
SARS1,664,66.4000,3.336067
SARS1,665,66.5000,3.347817
SARS1,666,66.6000,3.372485
SARS1,667,66.7000,3.339524
SARS1,668,66.8000,3.129969
SARS1,669,66.9000,3.282164
SARS1,670,67.0000,3.356021
SARS1,671,67.1000,3.267623
SARS1,672,67.2000,3.265535
SARS1,673,67.3000,3.220790
SARS1,674,67.4000,3.178842
SARS1,675,67.5000,3.002557
SARS1,676,67.6000,3.167910
SARS1,677,67.7000,3.270816
SARS1,678,67.8000,3.217166
SARS1,679,67.9000,3.298751
SARS1,680,68.0000,3.175795
SARS1,681,68.1000,3.281608
SARS1,682,68.2000,3.356910
SARS1,683,68.3000,3.062824
SARS1,684,68.4000,3.340217
SARS1,685,68.5000,3.446473
SARS1,686,68.6000,3.270505
SARS1,687,68.7000,3.289647
SARS1,688,68.8000,3.204275
SARS1,689,68.9000,3.151541
SARS1,690,69.0000,3.254765
SARS1,691,69.1000,3.240762
SARS1,692,69.2000,3.211797
SARS1,693,69.3000,3.056462
SARS1,694,69.4000,3.175348
SARS1,695,69.5000,3.263080
SARS1,696,69.6000,3.183335
SARS1,697,69.7000,3.023669
SARS1,698,69.8000,3.350954
SARS1,699,69.9000,3.070454
SARS1,700,70.0000,3.152287
SARS1,701,70.1000,3.233127
SARS1,702,70.2000,3.098651
SARS1,703,70.3000,3.309877
SARS1,704,70.4000,3.341861
SARS1,705,70.5000,3.132081
SARS1,706,70.6000,3.227921
SARS1,707,70.7000,3.212846
SARS1,708,70.8000,3.178886
SARS1,709,70.9000,3.025223
SARS1,710,71.0000,3.201186
SARS1,711,71.1000,2.875142
SARS1,712,71.2000,3.140206
SARS1,713,71.3000,3.277458
SARS1,714,71.4000,3.055044
SARS1,715,71.5000,3.303454
SARS1,716,71.6000,3.073183
SARS1,717,71.7000,3.279063
SARS1,718,71.8000,3.123939
SARS1,719,71.9000,3.316943
SARS1,720,72.0000,3.137195
SARS1,721,72.1000,3.105373
SARS1,722,72.2000,3.188488
SARS1,723,72.3000,3.045718
SARS1,724,72.4000,3.337643
SARS1,725,72.5000,3.192534
SARS1,726,72.6000,3.175121
SARS1,727,72.7000,3.051149
SARS1,728,72.8000,3.125359
SARS1,729,72.9000,3.440014
SARS1,730,73.0000,3.264853
SARS1,731,73.1000,3.243845
SARS1,732,73.2000,3.081162
SARS1,733,73.3000,3.332989
SARS1,734,73.4000,3.038742
SARS1,735,73.5000,3.016119
SARS1,736,73.6000,3.045602
SARS1,737,73.7000,3.177661
SARS1,738,73.8000,3.215094
SARS1,739,73.9000,3.155740
SARS1,740,74.0000,2.996645
SARS1,741,74.1000,3.007075
SARS1,742,74.2000,3.063735
SARS1,743,74.3000,3.113163
SARS1,744,74.4000,3.162579
SARS1,745,74.5000,3.118179
SARS1,746,74.6000,3.082938
SARS1,747,74.7000,3.168547
SARS1,748,74.8000,3.030523
SARS1,749,74.9000,2.860721
SARS1,750,75.0000,3.105571
SARS1,751,75.1000,3.084775
SARS1,752,75.2000,2.893796
SARS1,753,75.3000,2.844736
SARS1,754,75.4000,2.895366
SARS1,755,75.5000,2.940810
SARS1,756,75.6000,2.945971
SARS1,757,75.7000,2.884205
SARS1,758,75.8000,2.820477
SARS1,759,75.9000,2.803756
SARS1,760,76.0000,2.980360
SARS1,761,76.1000,2.959164
SARS1,762,76.2000,3.074450
SARS1,763,76.3000,3.268498
SARS1,764,76.4000,3.009984
SARS1,765,76.5000,3.066109
SARS1,766,76.6000,3.079904
SARS1,767,76.7000,3.121648
SARS1,768,76.8000,3.122148
SARS1,769,76.9000,3.270301
SARS1,770,77.0000,3.278165
SARS1,771,77.1000,3.213206
SARS1,772,77.2000,3.113558
SARS1,773,77.3000,3.026950
SARS1,774,77.4000,3.328197
SARS1,775,77.5000,2.841325
SARS1,776,77.6000,2.976220
SARS1,777,77.7000,3.093513
SARS1,778,77.8000,2.898405
SARS1,779,77.9000,3.135786
SARS1,780,78.0000,3.174884
SARS1,781,78.1000,3.101208
SARS1,782,78.2000,3.246023
SARS1,783,78.3000,3.146790
SARS1,784,78.4000,3.027866
SARS1,785,78.5000,3.332111
SARS1,786,78.6000,3.111168
SARS1,787,78.7000,3.243797
SARS1,788,78.8000,3.426436
SARS1,789,78.9000,3.392929
SARS1,790,79.0000,3.083103
SARS1,791,79.1000,3.227894
SARS1,792,79.2000,3.333142
SARS1,793,79.3000,3.169797
SARS1,794,79.4000,3.158256
SARS1,795,79.5000,3.144722
SARS1,796,79.6000,3.264756
SARS1,797,79.7000,3.400922
SARS1,798,79.8000,3.144058
SARS1,799,79.9000,3.285678
SARS1,800,80.0000,3.147604
SARS1,801,80.1000,3.324206
SARS1,802,80.2000,3.205271
SARS1,803,80.3000,3.213283
SARS1,804,80.4000,3.024528
SARS1,805,80.5000,3.102865
SARS1,806,80.6000,3.236863
SARS1,807,80.7000,2.975295
SARS1,808,80.8000,3.030147
SARS1,809,80.9000,3.080724
SARS1,810,81.0000,2.961611
SARS1,811,81.1000,3.200205
SARS1,812,81.2000,3.280202
SARS1,813,81.3000,3.277153
SARS1,814,81.4000,3.156056
SARS1,815,81.5000,3.089706
SARS1,816,81.6000,3.279849
SARS1,817,81.7000,3.254452
SARS1,818,81.8000,3.206376
SARS1,819,81.9000,3.139709
SARS1,820,82.0000,3.028781
SARS1,821,82.1000,3.125539
SARS1,822,82.2000,3.181958
SARS1,823,82.3000,3.262994
SARS1,824,82.4000,3.130406
SARS1,825,82.5000,2.963410
SARS1,826,82.6000,2.839522
SARS1,827,82.7000,3.265852
SARS1,828,82.8000,3.250149
SARS1,829,82.9000,3.095666
SARS1,830,83.0000,2.954312
SARS1,831,83.1000,3.181109
SARS1,832,83.2000,3.175132
SARS1,833,83.3000,3.224708
SARS1,834,83.4000,3.234581
SARS1,835,83.5000,3.155784
SARS1,836,83.6000,3.418098
SARS1,837,83.7000,3.069174
SARS1,838,83.8000,2.894245
SARS1,839,83.9000,2.965055
SARS1,840,84.0000,3.238158
SARS1,841,84.1000,3.279614
SARS1,842,84.2000,3.070911
SARS1,843,84.3000,2.977004
SARS1,844,84.4000,3.070271
SARS1,845,84.5000,3.342070
SARS1,846,84.6000,3.274937
SARS1,847,84.7000,2.856764
SARS1,848,84.8000,3.102153
SARS1,849,84.9000,3.293750
SARS1,850,85.0000,3.296023
SARS1,851,85.1000,3.323853
SARS1,852,85.2000,3.346565
SARS1,853,85.3000,3.422205
SARS1,854,85.4000,3.300128
SARS1,855,85.5000,3.246796
SARS1,856,85.6000,3.423112
SARS1,857,85.7000,3.536690
SARS1,858,85.8000,3.578726
SARS1,859,85.9000,3.421682
SARS1,860,86.0000,3.461108
SARS1,861,86.1000,3.311090
SARS1,862,86.2000,3.475848
SARS1,863,86.3000,3.205692
SARS1,864,86.4000,3.615470
SARS1,865,86.5000,3.152554
SARS1,866,86.6000,3.349394
SARS1,867,86.7000,3.318788
SARS1,868,86.8000,3.167417
SARS1,869,86.9000,3.102068
SARS1,870,87.0000,3.230278
SARS1,871,87.1000,3.243169
SARS1,872,87.2000,3.066458
SARS1,873,87.3000,3.207393
SARS1,874,87.4000,3.354573
SARS1,875,87.5000,3.358247
SARS1,876,87.6000,3.308615
SARS1,877,87.7000,3.209579
SARS1,878,87.8000,3.285086
SARS1,879,87.9000,3.197014
SARS1,880,88.0000,3.265100
SARS1,881,88.1000,3.283179
SARS1,882,88.2000,3.255293
SARS1,883,88.3000,3.029464
SARS1,884,88.4000,3.288170
SARS1,885,88.5000,3.191463
SARS1,886,88.6000,3.169477
SARS1,887,88.7000,3.063105
SARS1,888,88.8000,3.217575
SARS1,889,88.9000,3.275954
SARS1,890,89.0000,3.426513
SARS1,891,89.1000,3.214281
SARS1,892,89.2000,3.523250
SARS1,893,89.3000,3.347398
SARS1,894,89.4000,3.211857
SARS1,895,89.5000,3.130277
SARS1,896,89.6000,3.300941
SARS1,897,89.7000,3.298576
SARS1,898,89.8000,3.353423
SARS1,899,89.9000,3.362819
SARS1,900,90.0000,3.345820
SARS1,901,90.1000,3.290553
SARS1,902,90.2000,3.216676
SARS1,903,90.3000,3.476439
SARS1,904,90.4000,3.388108
SARS1,905,90.5000,3.241817
SARS1,906,90.6000,3.431438
SARS1,907,90.7000,3.260359
SARS1,908,90.8000,3.258185
SARS1,909,90.9000,3.352638
SARS1,910,91.0000,3.493324
SARS1,911,91.1000,3.656251
SARS1,912,91.2000,3.350409
SARS1,913,91.3000,3.438311
SARS1,914,91.4000,3.285988
SARS1,915,91.5000,3.387383
SARS1,916,91.6000,3.292866
SARS1,917,91.7000,3.340296
SARS1,918,91.8000,3.545174
SARS1,919,91.9000,3.510248
SARS1,920,92.0000,3.208498
SARS1,921,92.1000,3.444743
SARS1,922,92.2000,3.172009
SARS1,923,92.3000,3.281512
SARS1,924,92.4000,3.351728
SARS1,925,92.5000,3.516658
SARS1,926,92.6000,3.409574
SARS1,927,92.7000,3.338542
SARS1,928,92.8000,3.456002
SARS1,929,92.9000,3.455068
SARS1,930,93.0000,3.398001
SARS1,931,93.1000,3.307396
SARS1,932,93.2000,3.288741
SARS1,933,93.3000,3.274589
SARS1,934,93.4000,3.390851
SARS1,935,93.5000,3.316801
SARS1,936,93.6000,3.174806
SARS1,937,93.7000,3.631458
SARS1,938,93.8000,3.227133
SARS1,939,93.9000,3.353544
SARS1,940,94.0000,3.236348
SARS1,941,94.1000,3.258115
SARS1,942,94.2000,3.010490
SARS1,943,94.3000,3.214947
SARS1,944,94.4000,2.843318
SARS1,945,94.5000,3.034485
SARS1,946,94.6000,3.012069
SARS1,947,94.7000,3.257781
SARS1,948,94.8000,3.226910
SARS1,949,94.9000,3.196674
SARS1,950,95.0000,3.351419
SARS1,951,95.1000,3.200463
SARS1,952,95.2000,3.363617
SARS1,953,95.3000,3.111929
SARS1,954,95.4000,3.160926
SARS1,955,95.5000,3.063786
SARS1,956,95.6000,3.040254
SARS1,957,95.7000,3.251870
SARS1,958,95.8000,3.045038
SARS1,959,95.9000,2.997471
SARS1,960,96.0000,3.187613
SARS1,961,96.1000,3.201427
SARS1,962,96.2000,3.333037
SARS1,963,96.3000,3.027101
SARS1,964,96.4000,3.050862
SARS1,965,96.5000,3.121260
SARS1,966,96.6000,3.011930
SARS1,967,96.7000,3.280956
SARS1,968,96.8000,3.204527
SARS1,969,96.9000,3.147782
SARS1,970,97.0000,3.402566
SARS1,971,97.1000,3.218595
SARS1,972,97.2000,3.262048
SARS1,973,97.3000,3.236879
SARS1,974,97.4000,3.254533
SARS1,975,97.5000,3.161692
SARS1,976,97.6000,2.866913
SARS1,977,97.7000,3.007104
SARS1,978,97.8000,2.902408
SARS1,979,97.9000,3.024272
SARS1,980,98.0000,3.304621
SARS1,981,98.1000,3.274267
SARS1,982,98.2000,3.265626
SARS1,983,98.3000,3.177948
SARS1,984,98.4000,3.298975
SARS1,985,98.5000,2.934703
SARS1,986,98.6000,2.956270
SARS1,987,98.7000,3.070271
SARS1,988,98.8000,3.150233
SARS1,989,98.9000,3.368286
SARS1,990,99.0000,2.901393
SARS1,991,99.1000,3.077323
SARS1,992,99.2000,2.944631
SARS1,993,99.3000,3.440540
SARS1,994,99.4000,3.114099
SARS1,995,99.5000,3.290383
SARS1,996,99.6000,3.400401
SARS1,997,99.7000,3.455834
SARS1,998,99.8000,3.461423
SARS1,999,99.9000,3.446946
SARS1,1000,100.0000,3.298565
NL63,0,0.0000,0.000000
NL63,1,0.1000,1.726890
NL63,2,0.2000,1.960688
NL63,3,0.3000,2.182885
NL63,4,0.4000,2.696069
NL63,5,0.5000,2.760443
NL63,6,0.6000,3.004947
NL63,7,0.7000,2.821733
NL63,8,0.8000,3.019293
NL63,9,0.9000,2.423742
NL63,10,1.0000,2.490549
NL63,11,1.1000,2.388697
NL63,12,1.2000,2.530509
NL63,13,1.3000,2.426996
NL63,14,1.4000,2.452298
NL63,15,1.5000,2.326231
NL63,16,1.6000,2.639002
NL63,17,1.7000,2.420385
NL63,18,1.8000,2.657482
NL63,19,1.9000,2.711721
NL63,20,2.0000,2.825255
NL63,21,2.1000,2.597289
NL63,22,2.2000,2.809312
NL63,23,2.3000,2.786680
NL63,24,2.4000,2.661253
NL63,25,2.5000,2.722687
NL63,26,2.6000,3.032765
NL63,27,2.7000,2.871008
NL63,28,2.8000,2.936790
NL63,29,2.9000,2.689852
NL63,30,3.0000,3.163672
NL63,31,3.1000,2.750707
NL63,32,3.2000,2.927419
NL63,33,3.3000,2.587486
NL63,34,3.4000,2.797367
NL63,35,3.5000,2.352670
NL63,36,3.6000,2.416760
NL63,37,3.7000,2.863156
NL63,38,3.8000,2.537652
NL63,39,3.9000,2.465302
NL63,40,4.0000,2.585158
NL63,41,4.1000,2.457124
NL63,42,4.2000,2.584182
NL63,43,4.3000,2.807015
NL63,44,4.4000,2.707139
NL63,45,4.5000,2.743142
NL63,46,4.6000,2.627376
NL63,47,4.7000,2.697046
NL63,48,4.8000,2.500677
NL63,49,4.9000,2.529769
NL63,50,5.0000,2.848584
NL63,51,5.1000,2.260341
NL63,52,5.2000,2.814783
NL63,53,5.3000,2.644442
NL63,54,5.4000,2.568082
NL63,55,5.5000,2.743264
NL63,56,5.6000,2.784599
NL63,57,5.7000,2.588414
NL63,58,5.8000,2.461428
NL63,59,5.9000,2.528666
NL63,60,6.0000,2.555932
NL63,61,6.1000,2.466259
NL63,62,6.2000,2.588092
NL63,63,6.3000,2.332686
NL63,64,6.4000,2.724022
NL63,65,6.5000,2.476592
NL63,66,6.6000,2.686399
NL63,67,6.7000,2.965739
NL63,68,6.8000,3.376739
NL63,69,6.9000,3.361724
NL63,70,7.0000,2.632650
NL63,71,7.1000,2.456249
NL63,72,7.2000,2.861518
NL63,73,7.3000,2.276052
NL63,74,7.4000,2.522323
NL63,75,7.5000,3.129320
NL63,76,7.6000,3.126749
NL63,77,7.7000,3.137811
NL63,78,7.8000,3.199169
NL63,79,7.9000,2.824263
NL63,80,8.0000,2.869423
NL63,81,8.1000,2.666872
NL63,82,8.2000,2.944452
NL63,83,8.3000,2.867280
NL63,84,8.4000,2.891921
NL63,85,8.5000,2.842617
NL63,86,8.6000,2.700603
NL63,87,8.7000,3.004675
NL63,88,8.8000,2.954690
NL63,89,8.9000,2.629930
NL63,90,9.0000,2.959606
NL63,91,9.1000,3.133507
NL63,92,9.2000,3.165540
NL63,93,9.3000,2.718669
NL63,94,9.4000,2.708404
NL63,95,9.5000,2.939633
NL63,96,9.6000,2.592665
NL63,97,9.7000,3.121958
NL63,98,9.8000,2.970310
NL63,99,9.9000,2.880655
NL63,100,10.0000,2.997186
NL63,101,10.1000,2.898288
NL63,102,10.2000,3.074630
NL63,103,10.3000,3.112537
NL63,104,10.4000,3.068261
NL63,105,10.5000,3.147967
NL63,106,10.6000,3.047603
NL63,107,10.7000,2.896770
NL63,108,10.8000,2.539281
NL63,109,10.9000,2.976687
NL63,110,11.0000,2.928925
NL63,111,11.1000,2.743051
NL63,112,11.2000,2.772677
NL63,113,11.3000,2.875276
NL63,114,11.4000,2.467805
NL63,115,11.5000,2.575396
NL63,116,11.6000,2.488956
NL63,117,11.7000,2.670547
NL63,118,11.8000,2.581867
NL63,119,11.9000,2.823364
NL63,120,12.0000,2.591006
NL63,121,12.1000,2.739028
NL63,122,12.2000,2.794053
NL63,123,12.3000,2.780102
NL63,124,12.4000,2.960187
NL63,125,12.5000,2.472948
NL63,126,12.6000,2.619873
NL63,127,12.7000,2.866879
NL63,128,12.8000,2.773868
NL63,129,12.9000,2.738223
NL63,130,13.0000,2.686374
NL63,131,13.1000,2.910481
NL63,132,13.2000,2.457615
NL63,133,13.3000,2.713204
NL63,134,13.4000,3.095699
NL63,135,13.5000,3.186870
NL63,136,13.6000,3.290061
NL63,137,13.7000,3.198605
NL63,138,13.8000,2.948180
NL63,139,13.9000,3.153035
NL63,140,14.0000,3.090443
NL63,141,14.1000,3.206004
NL63,142,14.2000,3.090205
NL63,143,14.3000,3.554309
NL63,144,14.4000,2.957093
NL63,145,14.5000,2.864463
NL63,146,14.6000,2.916214
NL63,147,14.7000,2.663213
NL63,148,14.8000,2.744315
NL63,149,14.9000,3.153246
NL63,150,15.0000,2.934556
NL63,151,15.1000,2.929891
NL63,152,15.2000,2.992100
NL63,153,15.3000,3.057215
NL63,154,15.4000,3.129281
NL63,155,15.5000,3.220767
NL63,156,15.6000,3.200582
NL63,157,15.7000,3.174016
NL63,158,15.8000,3.188136
NL63,159,15.9000,3.183316
NL63,160,16.0000,3.007573
NL63,161,16.1000,3.409969
NL63,162,16.2000,3.219492
NL63,163,16.3000,3.441400
NL63,164,16.4000,3.311205
NL63,165,16.5000,2.806229
NL63,166,16.6000,2.970273
NL63,167,16.7000,2.725406
NL63,168,16.8000,2.782406
NL63,169,16.9000,2.543888
NL63,170,17.0000,2.592847
NL63,171,17.1000,2.507319
NL63,172,17.2000,2.830175
NL63,173,17.3000,2.797228
NL63,174,17.4000,2.727640
NL63,175,17.5000,2.747205
NL63,176,17.6000,3.258575
NL63,177,17.7000,3.371773
NL63,178,17.8000,3.184601
NL63,179,17.9000,3.304336
NL63,180,18.0000,3.253808
NL63,181,18.1000,3.050910
NL63,182,18.2000,3.272725
NL63,183,18.3000,3.329308
NL63,184,18.4000,3.394553
NL63,185,18.5000,3.242791
NL63,186,18.6000,3.260584
NL63,187,18.7000,3.074354
NL63,188,18.8000,3.309126
NL63,189,18.9000,3.318411
NL63,190,19.0000,3.357260
NL63,191,19.1000,3.135251
NL63,192,19.2000,2.974254
NL63,193,19.3000,3.146363
NL63,194,19.4000,3.257928
NL63,195,19.5000,3.146526
NL63,196,19.6000,3.529801
NL63,197,19.7000,3.036162
NL63,198,19.8000,3.283803
NL63,199,19.9000,3.487546
NL63,200,20.0000,3.463891
NL63,201,20.1000,3.471032
NL63,202,20.2000,3.281068
NL63,203,20.3000,3.416204
NL63,204,20.4000,3.365769
NL63,205,20.5000,3.605072
NL63,206,20.6000,3.393646
NL63,207,20.7000,3.172464
NL63,208,20.8000,3.271567
NL63,209,20.9000,3.363374
NL63,210,21.0000,3.442581
NL63,211,21.1000,3.475337
NL63,212,21.2000,3.351235
NL63,213,21.3000,3.457674
NL63,214,21.4000,3.110754
NL63,215,21.5000,3.353606
NL63,216,21.6000,3.408366
NL63,217,21.7000,3.399266
NL63,218,21.8000,3.475481
NL63,219,21.9000,3.508080
NL63,220,22.0000,3.232122
NL63,221,22.1000,3.206069
NL63,222,22.2000,3.134985
NL63,223,22.3000,3.413165
NL63,224,22.4000,3.036870
NL63,225,22.5000,3.452053
NL63,226,22.6000,3.335177
NL63,227,22.7000,3.535099
NL63,228,22.8000,3.337884
NL63,229,22.9000,3.423229
NL63,230,23.0000,3.289011
NL63,231,23.1000,3.398148
NL63,232,23.2000,3.376608
NL63,233,23.3000,3.227750
NL63,234,23.4000,2.998042
NL63,235,23.5000,3.167174
NL63,236,23.6000,3.008799
NL63,237,23.7000,3.353680
NL63,238,23.8000,3.340754
NL63,239,23.9000,3.157031
NL63,240,24.0000,3.402362
NL63,241,24.1000,3.234413
NL63,242,24.2000,3.106256
NL63,243,24.3000,3.403202
NL63,244,24.4000,3.572888
NL63,245,24.5000,3.334782
NL63,246,24.6000,3.321578
NL63,247,24.7000,3.275093
NL63,248,24.8000,3.173470
NL63,249,24.9000,3.170785
NL63,250,25.0000,3.191567
NL63,251,25.1000,3.278552
NL63,252,25.2000,2.825756
NL63,253,25.3000,3.066597
NL63,254,25.4000,3.022480
NL63,255,25.5000,3.343141
NL63,256,25.6000,3.574515
NL63,257,25.7000,3.193987
NL63,258,25.8000,3.431886
NL63,259,25.9000,3.104049
NL63,260,26.0000,3.448664
NL63,261,26.1000,3.244976
NL63,262,26.2000,2.957993
NL63,263,26.3000,3.184031
NL63,264,26.4000,2.841538
NL63,265,26.5000,3.171039
NL63,266,26.6000,3.094175
NL63,267,26.7000,3.266768
NL63,268,26.8000,3.286889
NL63,269,26.9000,3.353862
NL63,270,27.0000,3.373089
NL63,271,27.1000,2.990890
NL63,272,27.2000,3.367240
NL63,273,27.3000,3.324788
NL63,274,27.4000,3.475848
NL63,275,27.5000,3.230284
NL63,276,27.6000,3.290124
NL63,277,27.7000,3.312005
NL63,278,27.8000,3.213454
NL63,279,27.9000,3.150997
NL63,280,28.0000,3.116702
NL63,281,28.1000,3.234657
NL63,282,28.2000,2.854660
NL63,283,28.3000,3.498752
NL63,284,28.4000,3.213972
NL63,285,28.5000,2.948034
NL63,286,28.6000,2.938609
NL63,287,28.7000,3.034690
NL63,288,28.8000,3.179090
NL63,289,28.9000,3.044033
NL63,290,29.0000,2.854013
NL63,291,29.1000,3.191167
NL63,292,29.2000,2.929971
NL63,293,29.3000,3.034727
NL63,294,29.4000,3.199811
NL63,295,29.5000,3.106975
NL63,296,29.6000,3.164624
NL63,297,29.7000,3.476802
NL63,298,29.8000,3.553771
NL63,299,29.9000,3.849881
NL63,300,30.0000,3.633561
NL63,301,30.1000,3.525766
NL63,302,30.2000,3.352931
NL63,303,30.3000,3.202376
NL63,304,30.4000,3.041320
NL63,305,30.5000,2.931576
NL63,306,30.6000,3.029740
NL63,307,30.7000,2.993514
NL63,308,30.8000,3.277066
NL63,309,30.9000,2.781229
NL63,310,31.0000,3.189393
NL63,311,31.1000,3.225893
NL63,312,31.2000,2.759830
NL63,313,31.3000,2.884408
NL63,314,31.4000,3.027909
NL63,315,31.5000,2.836667
NL63,316,31.6000,2.857661
NL63,317,31.7000,2.880246
NL63,318,31.8000,2.994821
NL63,319,31.9000,2.768446
NL63,320,32.0000,2.777186
NL63,321,32.1000,2.859675
NL63,322,32.2000,2.798473
NL63,323,32.3000,3.066181
NL63,324,32.4000,2.932896
NL63,325,32.5000,3.273047
NL63,326,32.6000,3.186935
NL63,327,32.7000,3.242945
NL63,328,32.8000,3.055826
NL63,329,32.9000,2.950654
NL63,330,33.0000,3.246694
NL63,331,33.1000,3.048996
NL63,332,33.2000,3.225157
NL63,333,33.3000,3.180757
NL63,334,33.4000,3.341784
NL63,335,33.5000,2.688072
NL63,336,33.6000,3.084544
NL63,337,33.7000,2.944607
NL63,338,33.8000,3.178955
NL63,339,33.9000,3.368529
NL63,340,34.0000,3.248065
NL63,341,34.1000,3.038984
NL63,342,34.2000,3.037171
NL63,343,34.3000,2.888811
NL63,344,34.4000,3.243980
NL63,345,34.5000,3.085349
NL63,346,34.6000,3.196180
NL63,347,34.7000,3.332560
NL63,348,34.8000,3.492725
NL63,349,34.9000,3.308166
NL63,350,35.0000,2.924437
NL63,351,35.1000,2.958302
NL63,352,35.2000,3.090034
NL63,353,35.3000,3.141717
NL63,354,35.4000,3.048705
NL63,355,35.5000,3.146997
NL63,356,35.6000,3.059111
NL63,357,35.7000,3.174261
NL63,358,35.8000,3.424303
NL63,359,35.9000,3.384445
NL63,360,36.0000,3.369118
NL63,361,36.1000,3.478713
NL63,362,36.2000,3.376837
NL63,363,36.3000,3.278395
NL63,364,36.4000,3.351574
NL63,365,36.5000,3.586207
NL63,366,36.6000,3.466177
NL63,367,36.7000,3.328599
NL63,368,36.8000,3.558245
NL63,369,36.9000,3.298954
NL63,370,37.0000,3.465376
NL63,371,37.1000,3.353233
NL63,372,37.2000,3.582136
NL63,373,37.3000,3.483757
NL63,374,37.4000,3.486806
NL63,375,37.5000,3.344062
NL63,376,37.6000,3.205255
NL63,377,37.7000,3.142286
NL63,378,37.8000,3.108434
NL63,379,37.9000,3.122034
NL63,380,38.0000,3.135998
NL63,381,38.1000,3.464632
NL63,382,38.2000,3.229799
NL63,383,38.3000,3.326227
NL63,384,38.4000,3.467269
NL63,385,38.5000,3.440670
NL63,386,38.6000,3.277892
NL63,387,38.7000,3.494178
NL63,388,38.8000,3.455242
NL63,389,38.9000,3.181520
NL63,390,39.0000,3.384322
NL63,391,39.1000,3.132032
NL63,392,39.2000,2.979999
NL63,393,39.3000,3.165400
NL63,394,39.4000,3.135454
NL63,395,39.5000,3.127658
NL63,396,39.6000,2.961677
NL63,397,39.7000,3.148002
NL63,398,39.8000,3.082942
NL63,399,39.9000,2.999379
NL63,400,40.0000,2.824273
NL63,401,40.1000,2.981041
NL63,402,40.2000,2.976739
NL63,403,40.3000,3.323653
NL63,404,40.4000,3.203303
NL63,405,40.5000,3.342373
NL63,406,40.6000,3.183739
NL63,407,40.7000,3.503229
NL63,408,40.8000,3.005529
NL63,409,40.9000,3.439207
NL63,410,41.0000,3.187349
NL63,411,41.1000,3.368196
NL63,412,41.2000,3.161181
NL63,413,41.3000,3.214879
NL63,414,41.4000,3.386731
NL63,415,41.5000,3.200707
NL63,416,41.6000,3.585999
NL63,417,41.7000,3.229980
NL63,418,41.8000,3.238562
NL63,419,41.9000,3.360857
NL63,420,42.0000,3.159105
NL63,421,42.1000,3.293045
NL63,422,42.2000,3.506775
NL63,423,42.3000,3.314856
NL63,424,42.4000,3.408769
NL63,425,42.5000,3.127281
NL63,426,42.6000,2.864933
NL63,427,42.7000,3.077601
NL63,428,42.8000,3.110496
NL63,429,42.9000,3.308263
NL63,430,43.0000,2.949841
NL63,431,43.1000,2.852530
NL63,432,43.2000,2.890107
NL63,433,43.3000,2.807074
NL63,434,43.4000,3.223858
NL63,435,43.5000,3.068890
NL63,436,43.6000,3.114217
NL63,437,43.7000,3.115406
NL63,438,43.8000,3.207414
NL63,439,43.9000,3.167563
NL63,440,44.0000,2.950518
NL63,441,44.1000,2.918021
NL63,442,44.2000,3.117827
NL63,443,44.3000,2.908565
NL63,444,44.4000,2.743865
NL63,445,44.5000,3.038025
NL63,446,44.6000,3.012836
NL63,447,44.7000,2.955549
NL63,448,44.8000,3.066267
NL63,449,44.9000,2.923948
NL63,450,45.0000,3.029914
NL63,451,45.1000,3.090420
NL63,452,45.2000,3.211157
NL63,453,45.3000,3.085839
NL63,454,45.4000,3.087025
NL63,455,45.5000,3.202107
NL63,456,45.6000,3.269502
NL63,457,45.7000,3.473389
NL63,458,45.8000,3.504837
NL63,459,45.9000,3.431555
NL63,460,46.0000,3.132595
NL63,461,46.1000,3.597376
NL63,462,46.2000,3.182379
NL63,463,46.3000,3.124783
NL63,464,46.4000,3.153057
NL63,465,46.5000,3.154724
NL63,466,46.6000,3.149474
NL63,467,46.7000,3.135259
NL63,468,46.8000,2.916742
NL63,469,46.9000,3.187323
NL63,470,47.0000,3.125901
NL63,471,47.1000,3.292624
NL63,472,47.2000,3.135122
NL63,473,47.3000,3.040047
NL63,474,47.4000,3.139610
NL63,475,47.5000,3.019605
NL63,476,47.6000,3.346181
NL63,477,47.7000,3.244194
NL63,478,47.8000,3.369460
NL63,479,47.9000,3.058612
NL63,480,48.0000,3.051738
NL63,481,48.1000,3.189859
NL63,482,48.2000,2.822234
NL63,483,48.3000,3.523047
NL63,484,48.4000,3.340459
NL63,485,48.5000,3.111588
NL63,486,48.6000,3.174764
NL63,487,48.7000,3.050379
NL63,488,48.8000,3.139208
NL63,489,48.9000,3.338544
NL63,490,49.0000,3.615957
NL63,491,49.1000,3.436043
NL63,492,49.2000,3.406999
NL63,493,49.3000,3.177803
NL63,494,49.4000,3.303878
NL63,495,49.5000,3.271877
NL63,496,49.6000,3.294034
NL63,497,49.7000,3.230774
NL63,498,49.8000,3.148284
NL63,499,49.9000,3.176873
NL63,500,50.0000,3.291187
NL63,501,50.1000,3.207457
NL63,502,50.2000,3.307575
NL63,503,50.3000,3.273564
NL63,504,50.4000,3.414502
NL63,505,50.5000,3.201436
NL63,506,50.6000,3.243394
NL63,507,50.7000,3.041097
NL63,508,50.8000,3.250597
NL63,509,50.9000,3.042647
NL63,510,51.0000,3.200413
NL63,511,51.1000,3.308166
NL63,512,51.2000,3.278408
NL63,513,51.3000,3.136020
NL63,514,51.4000,3.104786
NL63,515,51.5000,3.061019
NL63,516,51.6000,3.087209
NL63,517,51.7000,3.099228
NL63,518,51.8000,3.240647
NL63,519,51.9000,3.312285
NL63,520,52.0000,3.324321
NL63,521,52.1000,3.270850
NL63,522,52.2000,3.141452
NL63,523,52.3000,3.091390
NL63,524,52.4000,3.251514
NL63,525,52.5000,3.285753
NL63,526,52.6000,3.145640
NL63,527,52.7000,3.102489
NL63,528,52.8000,3.252137
NL63,529,52.9000,3.271075
NL63,530,53.0000,3.044384
NL63,531,53.1000,3.017767
NL63,532,53.2000,3.122913
NL63,533,53.3000,3.025085
NL63,534,53.4000,3.160031
NL63,535,53.5000,3.226808
NL63,536,53.6000,3.192536
NL63,537,53.7000,3.122859
NL63,538,53.8000,3.114092
NL63,539,53.9000,3.054323
NL63,540,54.0000,3.085938
NL63,541,54.1000,3.128132
NL63,542,54.2000,3.085681
NL63,543,54.3000,3.139287
NL63,544,54.4000,3.295159
NL63,545,54.5000,3.222786
NL63,546,54.6000,3.296716
NL63,547,54.7000,3.292729
NL63,548,54.8000,3.219264
NL63,549,54.9000,3.188515
NL63,550,55.0000,3.442295
NL63,551,55.1000,3.279664
NL63,552,55.2000,3.174515
NL63,553,55.3000,3.435308
NL63,554,55.4000,3.179047
NL63,555,55.5000,3.229576
NL63,556,55.6000,3.358359
NL63,557,55.7000,3.327086
NL63,558,55.8000,3.294068
NL63,559,55.9000,3.538405
NL63,560,56.0000,3.240758
NL63,561,56.1000,3.254793
NL63,562,56.2000,3.183756
NL63,563,56.3000,3.541093
NL63,564,56.4000,3.359751
NL63,565,56.5000,3.637617
NL63,566,56.6000,3.561046
NL63,567,56.7000,3.588709
NL63,568,56.8000,3.528975
NL63,569,56.9000,3.536099
NL63,570,57.0000,3.717947
NL63,571,57.1000,3.595078
NL63,572,57.2000,3.572865
NL63,573,57.3000,3.408647
NL63,574,57.4000,3.375979
NL63,575,57.5000,3.213981
NL63,576,57.6000,3.477249
NL63,577,57.7000,3.517412
NL63,578,57.8000,3.422735
NL63,579,57.9000,3.444083
NL63,580,58.0000,3.385023
NL63,581,58.1000,3.468089
NL63,582,58.2000,3.336911
NL63,583,58.3000,3.457369
NL63,584,58.4000,3.458123
NL63,585,58.5000,3.536173
NL63,586,58.6000,3.530560
NL63,587,58.7000,3.598348
NL63,588,58.8000,3.752489
NL63,589,58.9000,3.387820
NL63,590,59.0000,3.524240
NL63,591,59.1000,3.551494
NL63,592,59.2000,3.523350
NL63,593,59.3000,3.691516
NL63,594,59.4000,3.674820
NL63,595,59.5000,3.528685
NL63,596,59.6000,3.775044
NL63,597,59.7000,3.791207
NL63,598,59.8000,3.818362
NL63,599,59.9000,3.880311
NL63,600,60.0000,3.769197
NL63,601,60.1000,3.855106
NL63,602,60.2000,3.609756
NL63,603,60.3000,3.683963
NL63,604,60.4000,3.792308
NL63,605,60.5000,3.772221
NL63,606,60.6000,3.634133
NL63,607,60.7000,3.415278
NL63,608,60.8000,3.340979
NL63,609,60.9000,3.483216
NL63,610,61.0000,3.481001
NL63,611,61.1000,3.396641
NL63,612,61.2000,3.371254
NL63,613,61.3000,3.417434
NL63,614,61.4000,3.457618
NL63,615,61.5000,3.433721
NL63,616,61.6000,3.603052
NL63,617,61.7000,3.515810
NL63,618,61.8000,3.451499
NL63,619,61.9000,3.613190
NL63,620,62.0000,3.526664
NL63,621,62.1000,3.403862
NL63,622,62.2000,3.436911
NL63,623,62.3000,3.506475
NL63,624,62.4000,3.406673
NL63,625,62.5000,3.463238
NL63,626,62.6000,3.655010
NL63,627,62.7000,3.644512
NL63,628,62.8000,3.546213
NL63,629,62.9000,3.346902
NL63,630,63.0000,3.328037
NL63,631,63.1000,3.161141
NL63,632,63.2000,3.384945
NL63,633,63.3000,3.266611
NL63,634,63.4000,3.704742
NL63,635,63.5000,3.675760
NL63,636,63.6000,3.606812
NL63,637,63.7000,3.563881
NL63,638,63.8000,3.640350
NL63,639,63.9000,3.413173
NL63,640,64.0000,3.518027
NL63,641,64.1000,3.362458
NL63,642,64.2000,3.357054
NL63,643,64.3000,3.223109
NL63,644,64.4000,3.338594
NL63,645,64.5000,2.969703
NL63,646,64.6000,3.059977
NL63,647,64.7000,3.227672
NL63,648,64.8000,3.215332
NL63,649,64.9000,3.072115
NL63,650,65.0000,3.322167
NL63,651,65.1000,3.030423
NL63,652,65.2000,3.070824
NL63,653,65.3000,3.210168
NL63,654,65.4000,3.261698
NL63,655,65.5000,3.392698
NL63,656,65.6000,3.370954
NL63,657,65.7000,3.227883
NL63,658,65.8000,3.142626
NL63,659,65.9000,2.881666
NL63,660,66.0000,3.028023
NL63,661,66.1000,3.096559
NL63,662,66.2000,3.285019
NL63,663,66.3000,3.226383
NL63,664,66.4000,3.184288
NL63,665,66.5000,3.165855
NL63,666,66.6000,3.239607
NL63,667,66.7000,3.142317
NL63,668,66.8000,3.161278
NL63,669,66.9000,3.220022
NL63,670,67.0000,3.321419
NL63,671,67.1000,3.475760
NL63,672,67.2000,3.331432
NL63,673,67.3000,3.170002
NL63,674,67.4000,3.305066
NL63,675,67.5000,3.401550
NL63,676,67.6000,3.288108
NL63,677,67.7000,3.266887
NL63,678,67.8000,3.339965
NL63,679,67.9000,3.426437
NL63,680,68.0000,3.164689
NL63,681,68.1000,3.257741
NL63,682,68.2000,3.328308
NL63,683,68.3000,3.149712
NL63,684,68.4000,3.327628
NL63,685,68.5000,3.293853
NL63,686,68.6000,3.143019
NL63,687,68.7000,3.318691
NL63,688,68.8000,3.215918
NL63,689,68.9000,3.352720
NL63,690,69.0000,3.289285
NL63,691,69.1000,3.345443
NL63,692,69.2000,3.016208
NL63,693,69.3000,3.311435
NL63,694,69.4000,3.220828
NL63,695,69.5000,3.166087
NL63,696,69.6000,3.302912
NL63,697,69.7000,3.288665
NL63,698,69.8000,3.102565
NL63,699,69.9000,3.259018
NL63,700,70.0000,3.396816
NL63,701,70.1000,3.349918
NL63,702,70.2000,3.342398
NL63,703,70.3000,3.058775
NL63,704,70.4000,3.452917
NL63,705,70.5000,3.269472
NL63,706,70.6000,3.352038
NL63,707,70.7000,3.386215
NL63,708,70.8000,3.465905
NL63,709,70.9000,3.353589
NL63,710,71.0000,3.298176
NL63,711,71.1000,3.243907
NL63,712,71.2000,3.234546
NL63,713,71.3000,3.319719
NL63,714,71.4000,3.219828
NL63,715,71.5000,3.219091
NL63,716,71.6000,3.304491
NL63,717,71.7000,3.298264
NL63,718,71.8000,3.069880
NL63,719,71.9000,3.130127
NL63,720,72.0000,3.197898
NL63,721,72.1000,3.149337
NL63,722,72.2000,3.126819
NL63,723,72.3000,3.024636
NL63,724,72.4000,3.018153
NL63,725,72.5000,3.164935
NL63,726,72.6000,2.998709
NL63,727,72.7000,3.203246
NL63,728,72.8000,3.318152
NL63,729,72.9000,3.253152
NL63,730,73.0000,3.218191
NL63,731,73.1000,3.259444
NL63,732,73.2000,2.999324
NL63,733,73.3000,3.225243
NL63,734,73.4000,3.060652
NL63,735,73.5000,3.460165
NL63,736,73.6000,3.275830
NL63,737,73.7000,3.076190
NL63,738,73.8000,3.336824
NL63,739,73.9000,3.341663
NL63,740,74.0000,3.165706
NL63,741,74.1000,3.353887
NL63,742,74.2000,3.175205
NL63,743,74.3000,3.334258
NL63,744,74.4000,3.429307
NL63,745,74.5000,3.222248
NL63,746,74.6000,3.160645
NL63,747,74.7000,3.452278
NL63,748,74.8000,3.343751
NL63,749,74.9000,3.509330
NL63,750,75.0000,3.489109
NL63,751,75.1000,3.331186
NL63,752,75.2000,3.453857
NL63,753,75.3000,3.338773
NL63,754,75.4000,3.303979
NL63,755,75.5000,3.305142
NL63,756,75.6000,3.472167
NL63,757,75.7000,3.438654
NL63,758,75.8000,3.418294
NL63,759,75.9000,3.287374
NL63,760,76.0000,3.454700
NL63,761,76.1000,3.270800
NL63,762,76.2000,3.220603
NL63,763,76.3000,3.292628
NL63,764,76.4000,3.335115
NL63,765,76.5000,3.548759
NL63,766,76.6000,3.250908
NL63,767,76.7000,3.314400
NL63,768,76.8000,3.458974
NL63,769,76.9000,3.304743
NL63,770,77.0000,3.123051
NL63,771,77.1000,3.085501
NL63,772,77.2000,3.335078
NL63,773,77.3000,3.241062
NL63,774,77.4000,3.144404
NL63,775,77.5000,3.407703
NL63,776,77.6000,3.591125
NL63,777,77.7000,3.426154
NL63,778,77.8000,3.362132
NL63,779,77.9000,3.435098
NL63,780,78.0000,3.523122
NL63,781,78.1000,3.602710
NL63,782,78.2000,3.487080
NL63,783,78.3000,3.266480
NL63,784,78.4000,3.392211
NL63,785,78.5000,3.145723
NL63,786,78.6000,3.445400
NL63,787,78.7000,3.507697
NL63,788,78.8000,3.452648
NL63,789,78.9000,3.621098
NL63,790,79.0000,3.572054
NL63,791,79.1000,3.440989
NL63,792,79.2000,3.609422
NL63,793,79.3000,3.579630
NL63,794,79.4000,3.381415
NL63,795,79.5000,3.529494
NL63,796,79.6000,3.466473
NL63,797,79.7000,3.870354
NL63,798,79.8000,3.664141
NL63,799,79.9000,3.555760
NL63,800,80.0000,3.650627
NL63,801,80.1000,3.665954
NL63,802,80.2000,3.436673
NL63,803,80.3000,3.633198
NL63,804,80.4000,3.613029
NL63,805,80.5000,3.701026
NL63,806,80.6000,3.660520
NL63,807,80.7000,3.589200
NL63,808,80.8000,3.585774
NL63,809,80.9000,3.623514
NL63,810,81.0000,3.677575
NL63,811,81.1000,3.424822
NL63,812,81.2000,3.704641
NL63,813,81.3000,3.667921
NL63,814,81.4000,3.881145
NL63,815,81.5000,3.719063
NL63,816,81.6000,3.532013
NL63,817,81.7000,3.651460
NL63,818,81.8000,3.349641
NL63,819,81.9000,3.619657
NL63,820,82.0000,3.708926
NL63,821,82.1000,3.534847
NL63,822,82.2000,3.591032
NL63,823,82.3000,3.662717
NL63,824,82.4000,3.749012
NL63,825,82.5000,3.897262
NL63,826,82.6000,3.554164
NL63,827,82.7000,3.509986
NL63,828,82.8000,3.665065
NL63,829,82.9000,3.657742
NL63,830,83.0000,3.531184
NL63,831,83.1000,3.716040
NL63,832,83.2000,3.714170
NL63,833,83.3000,3.708050
NL63,834,83.4000,3.522122
NL63,835,83.5000,3.465321
NL63,836,83.6000,3.831964
NL63,837,83.7000,3.572314
NL63,838,83.8000,3.376045
NL63,839,83.9000,3.386481
NL63,840,84.0000,3.457879
NL63,841,84.1000,3.556182
NL63,842,84.2000,3.574957
NL63,843,84.3000,3.648925
NL63,844,84.4000,3.599447
NL63,845,84.5000,3.748494
NL63,846,84.6000,3.677809
NL63,847,84.7000,3.105778
NL63,848,84.8000,3.768178
NL63,849,84.9000,3.659065
NL63,850,85.0000,3.564804
NL63,851,85.1000,3.800664
NL63,852,85.2000,3.646190
NL63,853,85.3000,3.644425
NL63,854,85.4000,3.651160
NL63,855,85.5000,3.487247
NL63,856,85.6000,3.251629
NL63,857,85.7000,3.092942
NL63,858,85.8000,3.489144
NL63,859,85.9000,3.501582
NL63,860,86.0000,3.592210
NL63,861,86.1000,3.491426
NL63,862,86.2000,3.503289
NL63,863,86.3000,3.337618
NL63,864,86.4000,3.326861
NL63,865,86.5000,3.251749
NL63,866,86.6000,3.334911
NL63,867,86.7000,3.426818
NL63,868,86.8000,3.287505
NL63,869,86.9000,3.506870
NL63,870,87.0000,3.346579
NL63,871,87.1000,3.423955
NL63,872,87.2000,3.326019
NL63,873,87.3000,3.496603
NL63,874,87.4000,3.504516
NL63,875,87.5000,3.156060
NL63,876,87.6000,3.430989
NL63,877,87.7000,3.622691
NL63,878,87.8000,3.622565
NL63,879,87.9000,3.550928
NL63,880,88.0000,3.354275
NL63,881,88.1000,3.475760
NL63,882,88.2000,3.549873
NL63,883,88.3000,3.591824
NL63,884,88.4000,3.797488
NL63,885,88.5000,3.360576
NL63,886,88.6000,3.067918
NL63,887,88.7000,3.141372
NL63,888,88.8000,3.466569
NL63,889,88.9000,3.538765
NL63,890,89.0000,3.391303
NL63,891,89.1000,3.095157
NL63,892,89.2000,3.057070
NL63,893,89.3000,3.080323
NL63,894,89.4000,3.006073
NL63,895,89.5000,3.054918
NL63,896,89.6000,2.968245
NL63,897,89.7000,2.901527
NL63,898,89.8000,2.848608
NL63,899,89.9000,3.006207
NL63,900,90.0000,2.938396
NL63,901,90.1000,2.968217
NL63,902,90.2000,2.975401
NL63,903,90.3000,2.888484
NL63,904,90.4000,3.074390
NL63,905,90.5000,2.986188
NL63,906,90.6000,2.940336
NL63,907,90.7000,2.868475
NL63,908,90.8000,2.958157
NL63,909,90.9000,2.942793
NL63,910,91.0000,3.055622
NL63,911,91.1000,2.983135
NL63,912,91.2000,3.033168
NL63,913,91.3000,2.928300
NL63,914,91.4000,2.958279
NL63,915,91.5000,3.054119
NL63,916,91.6000,2.944456
NL63,917,91.7000,2.982307
NL63,918,91.8000,3.064747
NL63,919,91.9000,2.786670
NL63,920,92.0000,2.971678
NL63,921,92.1000,2.900106
NL63,922,92.2000,3.098892
NL63,923,92.3000,3.077998
NL63,924,92.4000,2.729297
NL63,925,92.5000,3.129170
NL63,926,92.6000,2.954821
NL63,927,92.7000,2.860116
NL63,928,92.8000,2.794549
NL63,929,92.9000,2.733908
NL63,930,93.0000,2.818727
NL63,931,93.1000,2.877195
NL63,932,93.2000,2.883461
NL63,933,93.3000,2.877538
NL63,934,93.4000,3.130105
NL63,935,93.5000,3.064597
NL63,936,93.6000,3.173278
NL63,937,93.7000,3.194257
NL63,938,93.8000,3.353176
NL63,939,93.9000,3.132041
NL63,940,94.0000,3.203935
NL63,941,94.1000,3.098597
NL63,942,94.2000,3.196175
NL63,943,94.3000,3.187845
NL63,944,94.4000,3.256387
NL63,945,94.5000,3.357587
NL63,946,94.6000,3.268963
NL63,947,94.7000,3.300753
NL63,948,94.8000,3.042706
NL63,949,94.9000,3.279453
NL63,950,95.0000,3.266276
NL63,951,95.1000,3.264564
NL63,952,95.2000,3.267231
NL63,953,95.3000,3.355421
NL63,954,95.4000,3.295028
NL63,955,95.5000,3.341539
NL63,956,95.6000,3.302459
NL63,957,95.7000,3.301497
NL63,958,95.8000,3.445714
NL63,959,95.9000,3.287716
NL63,960,96.0000,3.295883
NL63,961,96.1000,3.257954
NL63,962,96.2000,3.347752
NL63,963,96.3000,3.346057
NL63,964,96.4000,3.343079
NL63,965,96.5000,3.487243
NL63,966,96.6000,3.299786
NL63,967,96.7000,3.292029
NL63,968,96.8000,3.366429
NL63,969,96.9000,3.284233
NL63,970,97.0000,3.311197
NL63,971,97.1000,3.319485
NL63,972,97.2000,3.245134
NL63,973,97.3000,3.230379
NL63,974,97.4000,3.252401
NL63,975,97.5000,3.203822
NL63,976,97.6000,3.271118
NL63,977,97.7000,3.241117
NL63,978,97.8000,3.282936
NL63,979,97.9000,3.181699
NL63,980,98.0000,3.237778
NL63,981,98.1000,3.083491
NL63,982,98.2000,3.206445
NL63,983,98.3000,3.241460
NL63,984,98.4000,3.222847
NL63,985,98.5000,3.212941
NL63,986,98.6000,3.177629
NL63,987,98.7000,3.350725
NL63,988,98.8000,3.258797
NL63,989,98.9000,3.326490
NL63,990,99.0000,3.448141
NL63,991,99.1000,3.221801
NL63,992,99.2000,3.260954
NL63,993,99.3000,3.164751
NL63,994,99.4000,3.182750
NL63,995,99.5000,3.113126
NL63,996,99.6000,3.177808
NL63,997,99.7000,3.119157
NL63,998,99.8000,3.145873
NL63,999,99.9000,3.256340
NL63,1000,100.0000,3.126234
229E,0,0.0000,0.006749
229E,1,0.1000,0.984795
229E,2,0.2000,1.147325
229E,3,0.3000,1.444217
229E,4,0.4000,1.118315
229E,5,0.5000,1.318522
229E,6,0.6000,1.047548
229E,7,0.7000,1.270493
229E,8,0.8000,1.479811
229E,9,0.9000,1.393283
229E,10,1.0000,1.093417
229E,11,1.1000,1.041618
229E,12,1.2000,1.139158
229E,13,1.3000,1.072025
229E,14,1.4000,1.034532
229E,15,1.5000,1.097533
229E,16,1.6000,1.025222
229E,17,1.7000,1.214327
229E,18,1.8000,1.392612
229E,19,1.9000,1.173448
229E,20,2.0000,1.433104
229E,21,2.1000,1.235283
229E,22,2.2000,1.199989
229E,23,2.3000,1.424401
229E,24,2.4000,1.304404
229E,25,2.5000,1.326770
229E,26,2.6000,1.250455
229E,27,2.7000,1.039407
229E,28,2.8000,1.052320
229E,29,2.9000,0.871585
229E,30,3.0000,1.206727
229E,31,3.1000,1.170592
229E,32,3.2000,1.263825
229E,33,3.3000,1.224413
229E,34,3.4000,1.592729
229E,35,3.5000,1.267262
229E,36,3.6000,1.555210
229E,37,3.7000,1.057609
229E,38,3.8000,1.087004
229E,39,3.9000,1.234785
229E,40,4.0000,1.125764
229E,41,4.1000,1.225008
229E,42,4.2000,1.228480
229E,43,4.3000,1.244065
229E,44,4.4000,1.260848
229E,45,4.5000,1.010252
229E,46,4.6000,1.020390
229E,47,4.7000,1.338391
229E,48,4.8000,1.107222
229E,49,4.9000,1.216407
229E,50,5.0000,1.255236
229E,51,5.1000,1.061393
229E,52,5.2000,1.233124
229E,53,5.3000,1.195102
229E,54,5.4000,1.250728
229E,55,5.5000,1.544026
229E,56,5.6000,1.494162
229E,57,5.7000,1.294660
229E,58,5.8000,1.522787
229E,59,5.9000,1.468301
229E,60,6.0000,1.319558
229E,61,6.1000,1.141315
229E,62,6.2000,1.288453
229E,63,6.3000,1.149883
229E,64,6.4000,1.285870
229E,65,6.5000,1.074677
229E,66,6.6000,0.997525
229E,67,6.7000,1.138398
229E,68,6.8000,1.177381
229E,69,6.9000,0.959755
229E,70,7.0000,0.851842
229E,71,7.1000,1.117296
229E,72,7.2000,1.502203
229E,73,7.3000,1.188471
229E,74,7.4000,1.166577
229E,75,7.5000,1.035082
229E,76,7.6000,1.110898
229E,77,7.7000,1.269471
229E,78,7.8000,1.143707
229E,79,7.9000,1.110283
229E,80,8.0000,1.157601
229E,81,8.1000,1.442529
229E,82,8.2000,1.166225
229E,83,8.3000,1.316309
229E,84,8.4000,1.335274
229E,85,8.5000,1.410325
229E,86,8.6000,1.503264
229E,87,8.7000,0.988696
229E,88,8.8000,1.212676
229E,89,8.9000,1.116787
229E,90,9.0000,1.150695
229E,91,9.1000,1.077703
229E,92,9.2000,1.405845
229E,93,9.3000,1.189984
229E,94,9.4000,0.857518
229E,95,9.5000,1.226105
229E,96,9.6000,1.261769
229E,97,9.7000,1.073193
229E,98,9.8000,1.160391
229E,99,9.9000,1.226624
229E,100,10.0000,0.971313
229E,101,10.1000,1.395667
229E,102,10.2000,0.886611
229E,103,10.3000,0.946349
229E,104,10.4000,1.314145
229E,105,10.5000,0.995422
229E,106,10.6000,1.092208
229E,107,10.7000,1.165542
229E,108,10.8000,0.905319
229E,109,10.9000,0.893417
229E,110,11.0000,1.206614
229E,111,11.1000,0.843514
229E,112,11.2000,1.063943
229E,113,11.3000,1.187033
229E,114,11.4000,1.017820
229E,115,11.5000,0.914803
229E,116,11.6000,1.006480
229E,117,11.7000,1.021439
229E,118,11.8000,1.082069
229E,119,11.9000,0.969529
229E,120,12.0000,1.044762
229E,121,12.1000,1.250000
229E,122,12.2000,0.981900
229E,123,12.3000,1.031445
229E,124,12.4000,0.914778
229E,125,12.5000,1.111697
229E,126,12.6000,1.276305
229E,127,12.7000,1.063686
229E,128,12.8000,0.971711
229E,129,12.9000,0.815705
229E,130,13.0000,1.101407
229E,131,13.1000,1.091958
229E,132,13.2000,1.081964
229E,133,13.3000,0.931040
229E,134,13.4000,1.122137
229E,135,13.5000,1.122198
229E,136,13.6000,0.908458
229E,137,13.7000,1.071387
229E,138,13.8000,1.014840
229E,139,13.9000,1.006864
229E,140,14.0000,0.966424
229E,141,14.1000,1.035896
229E,142,14.2000,0.935214
229E,143,14.3000,1.150279
229E,144,14.4000,1.079899
229E,145,14.5000,0.979880
229E,146,14.6000,0.938204
229E,147,14.7000,1.030053
229E,148,14.8000,0.918753
229E,149,14.9000,1.227256
229E,150,15.0000,0.910461
229E,151,15.1000,1.107572
229E,152,15.2000,1.017193
229E,153,15.3000,1.121934
229E,154,15.4000,1.203495
229E,155,15.5000,1.046961
229E,156,15.6000,1.391565
229E,157,15.7000,1.098321
229E,158,15.8000,0.941040
229E,159,15.9000,0.932922
229E,160,16.0000,1.003171
229E,161,16.1000,0.885377
229E,162,16.2000,1.312428
229E,163,16.3000,1.197672
229E,164,16.4000,1.433040
229E,165,16.5000,1.159056
229E,166,16.6000,1.460057
229E,167,16.7000,1.520812
229E,168,16.8000,1.642096
229E,169,16.9000,1.256578
229E,170,17.0000,1.362340
229E,171,17.1000,1.354712
229E,172,17.2000,1.210571
229E,173,17.3000,1.631870
229E,174,17.4000,1.014974
229E,175,17.5000,1.396320
229E,176,17.6000,1.332285
229E,177,17.7000,0.986943
229E,178,17.8000,1.277340
229E,179,17.9000,1.254492
229E,180,18.0000,1.005098
229E,181,18.1000,1.029368
229E,182,18.2000,1.016678
229E,183,18.3000,1.074402
229E,184,18.4000,1.271371
229E,185,18.5000,1.160745
229E,186,18.6000,1.226216
229E,187,18.7000,0.942225
229E,188,18.8000,0.897258
229E,189,18.9000,1.270887
229E,190,19.0000,0.927511
229E,191,19.1000,1.107839
229E,192,19.2000,1.178116
229E,193,19.3000,1.161470
229E,194,19.4000,1.131394
229E,195,19.5000,1.107181
229E,196,19.6000,0.970351
229E,197,19.7000,1.097409
229E,198,19.8000,1.081058
229E,199,19.9000,1.067191
229E,200,20.0000,1.256270
229E,201,20.1000,1.039254
229E,202,20.2000,1.237935
229E,203,20.3000,1.293252
229E,204,20.4000,1.072025
229E,205,20.5000,1.020859
229E,206,20.6000,1.129622
229E,207,20.7000,1.216557
229E,208,20.8000,1.219754
229E,209,20.9000,1.234343
229E,210,21.0000,1.195407
229E,211,21.1000,1.257900
229E,212,21.2000,1.323349
229E,213,21.3000,1.080552
229E,214,21.4000,1.116766
229E,215,21.5000,1.511710
229E,216,21.6000,1.392073
229E,217,21.7000,1.367329
229E,218,21.8000,1.618178
229E,219,21.9000,1.316655
229E,220,22.0000,1.317762
229E,221,22.1000,1.302412
229E,222,22.2000,1.330455
229E,223,22.3000,1.427100
229E,224,22.4000,1.453898
229E,225,22.5000,1.310153
229E,226,22.6000,1.384296
229E,227,22.7000,1.363777
229E,228,22.8000,1.304735
229E,229,22.9000,1.295767
229E,230,23.0000,1.267640
229E,231,23.1000,1.263861
229E,232,23.2000,1.154114
229E,233,23.3000,1.240178
229E,234,23.4000,1.359445
229E,235,23.5000,1.328622
229E,236,23.6000,1.205934
229E,237,23.7000,1.249198
229E,238,23.8000,1.256107
229E,239,23.9000,1.224301
229E,240,24.0000,1.289124
229E,241,24.1000,1.428297
229E,242,24.2000,1.331276
229E,243,24.3000,1.370108
229E,244,24.4000,1.288912
229E,245,24.5000,1.462395
229E,246,24.6000,1.315219
229E,247,24.7000,1.450542
229E,248,24.8000,1.268609
229E,249,24.9000,1.300872
229E,250,25.0000,1.314664
229E,251,25.1000,1.181186
229E,252,25.2000,1.165503
229E,253,25.3000,1.285976
229E,254,25.4000,1.126310
229E,255,25.5000,1.126209
229E,256,25.6000,1.228498
229E,257,25.7000,1.162176
229E,258,25.8000,1.411971
229E,259,25.9000,1.172264
229E,260,26.0000,1.190998
229E,261,26.1000,1.308413
229E,262,26.2000,1.518954
229E,263,26.3000,1.393234
229E,264,26.4000,1.317900
229E,265,26.5000,1.264239
229E,266,26.6000,1.259438
229E,267,26.7000,1.068301
229E,268,26.8000,1.180183
229E,269,26.9000,1.179584
229E,270,27.0000,1.430225
229E,271,27.1000,1.212657
229E,272,27.2000,1.480242
229E,273,27.3000,1.471152
229E,274,27.4000,1.261950
229E,275,27.5000,1.277108
229E,276,27.6000,1.510157
229E,277,27.7000,1.219100
229E,278,27.8000,1.118173
229E,279,27.9000,1.594301
229E,280,28.0000,1.200084
229E,281,28.1000,1.467603
229E,282,28.2000,1.282749
229E,283,28.3000,1.274841
229E,284,28.4000,1.317779
229E,285,28.5000,1.166479
229E,286,28.6000,1.196321
229E,287,28.7000,1.369908
229E,288,28.8000,1.195349
229E,289,28.9000,1.405083
229E,290,29.0000,1.318125
229E,291,29.1000,1.301065
229E,292,29.2000,1.439921
229E,293,29.3000,1.387205
229E,294,29.4000,1.295099
229E,295,29.5000,1.155277
229E,296,29.6000,1.391991
229E,297,29.7000,1.363409
229E,298,29.8000,1.511408
229E,299,29.9000,1.196187
229E,300,30.0000,1.466951
229E,301,30.1000,1.452488
229E,302,30.2000,1.318107
229E,303,30.3000,1.577254
229E,304,30.4000,1.272123
229E,305,30.5000,1.266885
229E,306,30.6000,1.458184
229E,307,30.7000,1.506790
229E,308,30.8000,1.357701
229E,309,30.9000,1.543937
229E,310,31.0000,1.164584
229E,311,31.1000,1.392449
229E,312,31.2000,1.163625
229E,313,31.3000,1.176975
229E,314,31.4000,1.223576
229E,315,31.5000,1.413793
229E,316,31.6000,1.343503
229E,317,31.7000,1.431610
229E,318,31.8000,1.246899
229E,319,31.9000,1.278249
229E,320,32.0000,1.483209
229E,321,32.1000,1.322471
229E,322,32.2000,1.492103
229E,323,32.3000,1.214402
229E,324,32.4000,1.144523
229E,325,32.5000,1.290519
229E,326,32.6000,1.503234
229E,327,32.7000,1.203230
229E,328,32.8000,1.377402
229E,329,32.9000,1.365929
229E,330,33.0000,1.461008
229E,331,33.1000,1.107716
229E,332,33.2000,1.213296
229E,333,33.3000,1.273894
229E,334,33.4000,1.468828
229E,335,33.5000,1.437547
229E,336,33.6000,1.261643
229E,337,33.7000,1.321576
229E,338,33.8000,1.389895
229E,339,33.9000,1.426382
229E,340,34.0000,1.353703
229E,341,34.1000,1.421616
229E,342,34.2000,1.407076
229E,343,34.3000,1.596670
229E,344,34.4000,1.503295
229E,345,34.5000,1.600787
229E,346,34.6000,1.533681
229E,347,34.7000,1.383638
229E,348,34.8000,1.371918
229E,349,34.9000,1.304543
229E,350,35.0000,1.346416
229E,351,35.1000,1.387287
229E,352,35.2000,1.393757
229E,353,35.3000,1.579202
229E,354,35.4000,1.397640
229E,355,35.5000,1.434534
229E,356,35.6000,1.355368
229E,357,35.7000,1.320058
229E,358,35.8000,1.293886
229E,359,35.9000,1.468161
229E,360,36.0000,1.724372
229E,361,36.1000,1.335990
229E,362,36.2000,1.420911
229E,363,36.3000,1.613103
229E,364,36.4000,1.428042
229E,365,36.5000,1.394786
229E,366,36.6000,1.259909
229E,367,36.7000,1.308657
229E,368,36.8000,1.174690
229E,369,36.9000,1.254129
229E,370,37.0000,1.260288
229E,371,37.1000,1.154765
229E,372,37.2000,1.258805
229E,373,37.3000,1.769145
229E,374,37.4000,1.399822
229E,375,37.5000,1.421039
229E,376,37.6000,1.650148
229E,377,37.7000,1.330643
229E,378,37.8000,1.366246
229E,379,37.9000,1.464449
229E,380,38.0000,1.511318
229E,381,38.1000,1.439194
229E,382,38.2000,1.283902
229E,383,38.3000,1.396646
229E,384,38.4000,1.609626
229E,385,38.5000,1.321386
229E,386,38.6000,1.449694
229E,387,38.7000,1.317451
229E,388,38.8000,1.154390
229E,389,38.9000,1.129460
229E,390,39.0000,1.338204
229E,391,39.1000,1.349389
229E,392,39.2000,1.291013
229E,393,39.3000,1.252221
229E,394,39.4000,1.289230
229E,395,39.5000,1.252130
229E,396,39.6000,1.333293
229E,397,39.7000,1.238818
229E,398,39.8000,1.414968
229E,399,39.9000,1.116562
229E,400,40.0000,1.289901
229E,401,40.1000,1.426765
229E,402,40.2000,1.421840
229E,403,40.3000,1.126715
229E,404,40.4000,1.251111
229E,405,40.5000,1.222496
229E,406,40.6000,1.408612
229E,407,40.7000,1.294906
229E,408,40.8000,1.386877
229E,409,40.9000,1.147107
229E,410,41.0000,1.298349
229E,411,41.1000,1.355788
229E,412,41.2000,1.253203
229E,413,41.3000,1.254365
229E,414,41.4000,1.100124
229E,415,41.5000,1.199306
229E,416,41.6000,1.188452
229E,417,41.7000,1.571496
229E,418,41.8000,1.216651
229E,419,41.9000,1.539047
229E,420,42.0000,1.403023
229E,421,42.1000,1.401952
229E,422,42.2000,1.459277
229E,423,42.3000,1.151308
229E,424,42.4000,1.367512
229E,425,42.5000,1.339616
229E,426,42.6000,1.140836
229E,427,42.7000,1.212864
229E,428,42.8000,1.472390
229E,429,42.9000,1.378642
229E,430,43.0000,1.258190
229E,431,43.1000,1.194015
229E,432,43.2000,1.419741
229E,433,43.3000,1.419693
229E,434,43.4000,1.270797
229E,435,43.5000,1.365746
229E,436,43.6000,1.414034
229E,437,43.7000,1.160019
229E,438,43.8000,1.344774
229E,439,43.9000,1.485234
229E,440,44.0000,1.474508
229E,441,44.1000,1.582199
229E,442,44.2000,1.139038
229E,443,44.3000,1.224599
229E,444,44.4000,1.339667
229E,445,44.5000,1.325447
229E,446,44.6000,1.262383
229E,447,44.7000,1.492195
229E,448,44.8000,1.273089
229E,449,44.9000,1.083856
229E,450,45.0000,1.062358
229E,451,45.1000,1.295381
229E,452,45.2000,1.096890
229E,453,45.3000,1.283476
229E,454,45.4000,1.349946
229E,455,45.5000,1.255490
229E,456,45.6000,1.222663
229E,457,45.7000,1.345468
229E,458,45.8000,1.369792
229E,459,45.9000,1.163508
229E,460,46.0000,1.270206
229E,461,46.1000,1.362005
229E,462,46.2000,1.574276
229E,463,46.3000,1.179816
229E,464,46.4000,1.398113
229E,465,46.5000,1.378592
229E,466,46.6000,1.092020
229E,467,46.7000,1.366229
229E,468,46.8000,1.617572
229E,469,46.9000,1.342316
229E,470,47.0000,1.290837
229E,471,47.1000,1.484252
229E,472,47.2000,1.296066
229E,473,47.3000,1.458481
229E,474,47.4000,1.168099
229E,475,47.5000,1.252766
229E,476,47.6000,1.403348
229E,477,47.7000,1.429827
229E,478,47.8000,1.489353
229E,479,47.9000,1.538425
229E,480,48.0000,1.312168
229E,481,48.1000,1.498637
229E,482,48.2000,1.446029
229E,483,48.3000,1.440965
229E,484,48.4000,1.206179
229E,485,48.5000,1.531541
229E,486,48.6000,1.496127
229E,487,48.7000,1.298647
229E,488,48.8000,1.299961
229E,489,48.9000,1.288842
229E,490,49.0000,1.392187
229E,491,49.1000,1.426685
229E,492,49.2000,1.209799
229E,493,49.3000,1.661591
229E,494,49.4000,1.373975
229E,495,49.5000,1.449946
229E,496,49.6000,1.422385
229E,497,49.7000,1.342452
229E,498,49.8000,1.125582
229E,499,49.9000,1.492210
229E,500,50.0000,1.330198
229E,501,50.1000,1.523221
229E,502,50.2000,1.267442
229E,503,50.3000,1.419596
229E,504,50.4000,1.512207
229E,505,50.5000,1.545603
229E,506,50.6000,1.536589
229E,507,50.7000,1.518834
229E,508,50.8000,1.288541
229E,509,50.9000,1.606624
229E,510,51.0000,1.312445
229E,511,51.1000,1.316932
229E,512,51.2000,1.338731
229E,513,51.3000,1.431769
229E,514,51.4000,1.388928
229E,515,51.5000,1.282962
229E,516,51.6000,1.215902
229E,517,51.7000,1.569408
229E,518,51.8000,1.560619
229E,519,51.9000,1.538440
229E,520,52.0000,1.331875
229E,521,52.1000,1.334557
229E,522,52.2000,1.233087
229E,523,52.3000,1.170689
229E,524,52.4000,1.276038
229E,525,52.5000,1.249581
229E,526,52.6000,1.490148
229E,527,52.7000,1.239204
229E,528,52.8000,1.355317
229E,529,52.9000,1.225733
229E,530,53.0000,1.325138
229E,531,53.1000,1.282518
229E,532,53.2000,1.352980
229E,533,53.3000,1.393021
229E,534,53.4000,1.463827
229E,535,53.5000,1.356728
229E,536,53.6000,1.453914
229E,537,53.7000,1.367845
229E,538,53.8000,1.450966
229E,539,53.9000,1.568436
229E,540,54.0000,1.389371
229E,541,54.1000,1.464667
229E,542,54.2000,1.472498
229E,543,54.3000,1.518879
229E,544,54.4000,1.434629
229E,545,54.5000,1.731660
229E,546,54.6000,1.555268
229E,547,54.7000,1.208066
229E,548,54.8000,1.253384
229E,549,54.9000,1.272016
229E,550,55.0000,1.478117
229E,551,55.1000,1.414018
229E,552,55.2000,1.555869
229E,553,55.3000,1.455401
229E,554,55.4000,1.359746
229E,555,55.5000,1.443681
229E,556,55.6000,1.749599
229E,557,55.7000,1.909637
229E,558,55.8000,1.710954
229E,559,55.9000,1.375516
229E,560,56.0000,1.237089
229E,561,56.1000,1.301695
229E,562,56.2000,1.557873
229E,563,56.3000,1.372051
229E,564,56.4000,1.465770
229E,565,56.5000,1.339735
229E,566,56.6000,1.374439
229E,567,56.7000,1.522383
229E,568,56.8000,1.452253
229E,569,56.9000,1.338510
229E,570,57.0000,1.459121
229E,571,57.1000,1.377931
229E,572,57.2000,1.301415
229E,573,57.3000,1.261859
229E,574,57.4000,1.375052
229E,575,57.5000,1.447682
229E,576,57.6000,1.533146
229E,577,57.7000,1.386877
229E,578,57.8000,1.413922
229E,579,57.9000,1.355586
229E,580,58.0000,1.507818
229E,581,58.1000,1.384938
229E,582,58.2000,1.377369
229E,583,58.3000,1.416368
229E,584,58.4000,1.263374
229E,585,58.5000,1.498880
229E,586,58.6000,1.518699
229E,587,58.7000,1.445667
229E,588,58.8000,1.551192
229E,589,58.9000,1.679979
229E,590,59.0000,1.230036
229E,591,59.1000,1.420703
229E,592,59.2000,1.351076
229E,593,59.3000,1.387583
229E,594,59.4000,1.474338
229E,595,59.5000,1.260180
229E,596,59.6000,1.370988
229E,597,59.7000,1.488068
229E,598,59.8000,1.471261
229E,599,59.9000,1.496005
229E,600,60.0000,1.473859
229E,601,60.1000,1.620316
229E,602,60.2000,1.368012
229E,603,60.3000,1.321610
229E,604,60.4000,1.187704
229E,605,60.5000,1.191896
229E,606,60.6000,1.444375
229E,607,60.7000,1.340635
229E,608,60.8000,1.190539
229E,609,60.9000,1.374953
229E,610,61.0000,1.352121
229E,611,61.1000,1.512312
229E,612,61.2000,1.434788
229E,613,61.3000,1.199762
229E,614,61.4000,1.448421
229E,615,61.5000,1.431991
229E,616,61.6000,1.414502
229E,617,61.7000,1.384987
229E,618,61.8000,1.321645
229E,619,61.9000,1.419644
229E,620,62.0000,1.314283
229E,621,62.1000,1.628154
229E,622,62.2000,1.388518
229E,623,62.3000,1.427707
229E,624,62.4000,1.230462
229E,625,62.5000,1.268843
229E,626,62.6000,1.450024
229E,627,62.7000,1.444879
229E,628,62.8000,1.661934
229E,629,62.9000,1.530619
229E,630,63.0000,1.264167
229E,631,63.1000,1.334984
229E,632,63.2000,1.322816
229E,633,63.3000,1.326426
229E,634,63.4000,1.290802
229E,635,63.5000,1.556820
229E,636,63.6000,1.521366
229E,637,63.7000,1.576849
229E,638,63.8000,1.565136
229E,639,63.9000,1.508995
229E,640,64.0000,1.074825
229E,641,64.1000,1.381513
229E,642,64.2000,1.551706
229E,643,64.3000,1.281470
229E,644,64.4000,1.417091
229E,645,64.5000,1.229406
229E,646,64.6000,1.503052
229E,647,64.7000,1.474847
229E,648,64.8000,1.199780
229E,649,64.9000,1.309475
229E,650,65.0000,1.302621
229E,651,65.1000,1.368345
229E,652,65.2000,1.343520
229E,653,65.3000,1.742712
229E,654,65.4000,1.449647
229E,655,65.5000,1.409469
229E,656,65.6000,1.434629
229E,657,65.7000,1.468673
229E,658,65.8000,1.999690
229E,659,65.9000,1.239810
229E,660,66.0000,1.353316
229E,661,66.1000,1.646334
229E,662,66.2000,1.503719
229E,663,66.3000,1.330318
229E,664,66.4000,1.598367
229E,665,66.5000,1.559173
229E,666,66.6000,1.503764
229E,667,66.7000,1.529130
229E,668,66.8000,1.619739
229E,669,66.9000,1.412407
229E,670,67.0000,1.361571
229E,671,67.1000,1.464029
229E,672,67.2000,1.523236
229E,673,67.3000,1.482149
229E,674,67.4000,1.631605
229E,675,67.5000,1.383259
229E,676,67.6000,1.431610
229E,677,67.7000,1.698892
229E,678,67.8000,1.659438
229E,679,67.9000,1.531035
229E,680,68.0000,1.265500
229E,681,68.1000,1.775082
229E,682,68.2000,1.436628
229E,683,68.3000,1.365012
229E,684,68.4000,1.354107
229E,685,68.5000,1.457497
229E,686,68.6000,1.482625
229E,687,68.7000,1.447556
229E,688,68.8000,1.579014
229E,689,68.9000,1.493034
229E,690,69.0000,1.494802
229E,691,69.1000,1.567288
229E,692,69.2000,1.526805
229E,693,69.3000,1.456090
229E,694,69.4000,1.299541
229E,695,69.5000,1.408887
229E,696,69.6000,1.571351
229E,697,69.7000,1.264924
229E,698,69.8000,1.296962
229E,699,69.9000,1.506669
229E,700,70.0000,1.501961
229E,701,70.1000,1.358070
229E,702,70.2000,1.234841
229E,703,70.3000,1.401936
229E,704,70.4000,1.133727
229E,705,70.5000,1.394410
229E,706,70.6000,1.608197
229E,707,70.7000,1.460556
229E,708,70.8000,1.421904
229E,709,70.9000,1.398373
229E,710,71.0000,1.790997
229E,711,71.1000,1.561552
229E,712,71.2000,1.529904
229E,713,71.3000,1.466780
229E,714,71.4000,1.412649
229E,715,71.5000,1.493659
229E,716,71.6000,1.184286
229E,717,71.7000,1.358925
229E,718,71.8000,1.281701
229E,719,71.9000,1.451123
229E,720,72.0000,1.394818
229E,721,72.1000,1.404370
229E,722,72.2000,1.434041
229E,723,72.3000,1.252075
229E,724,72.4000,1.498333
229E,725,72.5000,1.371221
229E,726,72.6000,1.559392
229E,727,72.7000,1.536055
229E,728,72.8000,1.179584
229E,729,72.9000,1.311421
229E,730,73.0000,1.577066
229E,731,73.1000,1.383984
229E,732,73.2000,1.251657
229E,733,73.3000,1.195597
229E,734,73.4000,1.539269
229E,735,73.5000,1.353552
229E,736,73.6000,1.478009
229E,737,73.7000,1.289142
229E,738,73.8000,1.354914
229E,739,73.9000,1.222216
229E,740,74.0000,1.392776
229E,741,74.1000,1.177788
229E,742,74.2000,1.248560
229E,743,74.3000,1.392220
229E,744,74.4000,1.091395
229E,745,74.5000,1.511634
229E,746,74.6000,1.296031
229E,747,74.7000,1.397494
229E,748,74.8000,1.619570
229E,749,74.9000,1.483439
229E,750,75.0000,1.452284
229E,751,75.1000,1.161980
229E,752,75.2000,1.566241
229E,753,75.3000,1.300784
229E,754,75.4000,1.319868
229E,755,75.5000,1.325963
229E,756,75.6000,1.414469
229E,757,75.7000,1.336416
229E,758,75.8000,1.691691
229E,759,75.9000,1.441644
229E,760,76.0000,1.471647
229E,761,76.1000,1.427260
229E,762,76.2000,1.226977
229E,763,76.3000,1.378410
229E,764,76.4000,1.540437
229E,765,76.5000,1.629370
229E,766,76.6000,1.352104
229E,767,76.7000,1.494817
229E,768,76.8000,1.435898
229E,769,76.9000,1.455542
229E,770,77.0000,1.480473
229E,771,77.1000,1.538884
229E,772,77.2000,1.450699
229E,773,77.3000,1.417300
229E,774,77.4000,1.526492
229E,775,77.5000,1.324794
229E,776,77.6000,1.311872
229E,777,77.7000,1.380128
229E,778,77.8000,1.599193
229E,779,77.9000,1.345824
229E,780,78.0000,1.341111
229E,781,78.1000,1.519478
229E,782,78.2000,1.463485
229E,783,78.3000,1.189524
229E,784,78.4000,1.444469
229E,785,78.5000,1.277554
229E,786,78.6000,1.602124
229E,787,78.7000,1.402066
229E,788,78.8000,1.540053
229E,789,78.9000,1.413970
229E,790,79.0000,1.424593
229E,791,79.1000,1.343436
229E,792,79.2000,1.574985
229E,793,79.3000,1.456309
229E,794,79.4000,1.474816
229E,795,79.5000,1.403105
229E,796,79.6000,1.544306
229E,797,79.7000,1.218895
229E,798,79.8000,1.275484
229E,799,79.9000,1.338646
229E,800,80.0000,1.360131
229E,801,80.1000,1.375400
229E,802,80.2000,1.472514
229E,803,80.3000,1.413471
229E,804,80.4000,1.406428
229E,805,80.5000,1.526894
229E,806,80.6000,1.304229
229E,807,80.7000,1.420911
229E,808,80.8000,1.513546
229E,809,80.9000,1.508799
229E,810,81.0000,1.305294
229E,811,81.1000,1.211361
229E,812,81.2000,1.264996
229E,813,81.3000,1.371138
229E,814,81.4000,1.456356
229E,815,81.5000,1.540511
229E,816,81.6000,1.594187
229E,817,81.7000,1.471059
229E,818,81.8000,1.495305
229E,819,81.9000,1.388452
229E,820,82.0000,1.296101
229E,821,82.1000,1.496599
229E,822,82.2000,1.672997
229E,823,82.3000,1.403234
229E,824,82.4000,1.769505
229E,825,82.5000,1.427643
229E,826,82.6000,1.685312
229E,827,82.7000,1.479011
229E,828,82.8000,1.501157
229E,829,82.9000,1.674099
229E,830,83.0000,1.281345
229E,831,83.1000,1.685366
229E,832,83.2000,1.221210
229E,833,83.3000,1.550766
229E,834,83.4000,1.578120
229E,835,83.5000,1.331396
229E,836,83.6000,1.335239
229E,837,83.7000,1.384296
229E,838,83.8000,1.358406
229E,839,83.9000,1.649692
229E,840,84.0000,1.598025
229E,841,84.1000,1.461398
229E,842,84.2000,1.280581
229E,843,84.3000,1.510353
229E,844,84.4000,1.538292
229E,845,84.5000,1.728238
229E,846,84.6000,1.386713
229E,847,84.7000,1.356661
229E,848,84.8000,1.510820
229E,849,84.9000,1.634840
229E,850,85.0000,1.438845
229E,851,85.1000,1.584184
229E,852,85.2000,1.205537
229E,853,85.3000,1.432818
229E,854,85.4000,1.502855
229E,855,85.5000,1.391173
229E,856,85.6000,1.533918
229E,857,85.7000,1.262311
229E,858,85.8000,1.438925
229E,859,85.9000,1.311404
229E,860,86.0000,1.671962
229E,861,86.1000,1.485725
229E,862,86.2000,1.631479
229E,863,86.3000,1.471756
229E,864,86.4000,1.539787
229E,865,86.5000,1.552264
229E,866,86.6000,1.844631
229E,867,86.7000,1.518279
229E,868,86.8000,1.657034
229E,869,86.9000,1.483347
229E,870,87.0000,1.691301
229E,871,87.1000,1.393348
229E,872,87.2000,1.707437
229E,873,87.3000,1.458215
229E,874,87.4000,1.414872
229E,875,87.5000,1.671362
229E,876,87.6000,1.450118
229E,877,87.7000,1.578380
229E,878,87.8000,1.653540
229E,879,87.9000,1.562354
229E,880,88.0000,1.610051
229E,881,88.1000,1.591398
229E,882,88.2000,1.651762
229E,883,88.3000,1.358607
229E,884,88.4000,1.460774
229E,885,88.5000,1.598367
229E,886,88.6000,1.462722
229E,887,88.7000,1.520797
229E,888,88.8000,1.717411
229E,889,88.9000,1.439004
229E,890,89.0000,1.693831
229E,891,89.1000,1.403267
229E,892,89.2000,1.568595
229E,893,89.3000,1.601271
229E,894,89.4000,1.724002
229E,895,89.5000,1.814269
229E,896,89.6000,1.532893
229E,897,89.7000,1.643621
229E,898,89.8000,1.787917
229E,899,89.9000,1.517544
229E,900,90.0000,1.572988
229E,901,90.1000,1.552806
229E,902,90.2000,1.744240
229E,903,90.3000,1.497223
229E,904,90.4000,1.444075
229E,905,90.5000,1.740476
229E,906,90.6000,1.555181
229E,907,90.7000,1.410923
229E,908,90.8000,1.450542
229E,909,90.9000,1.611125
229E,910,91.0000,1.564175
229E,911,91.1000,1.473148
229E,912,91.2000,1.549106
229E,913,91.3000,1.534675
229E,914,91.4000,1.518279
229E,915,91.5000,1.402569
229E,916,91.6000,1.615783
229E,917,91.7000,1.658861
229E,918,91.8000,1.529219
229E,919,91.9000,1.592457
229E,920,92.0000,1.655219
229E,921,92.1000,1.356711
229E,922,92.2000,1.380952
229E,923,92.3000,1.741418
229E,924,92.4000,1.464993
229E,925,92.5000,1.387008
229E,926,92.6000,1.544468
229E,927,92.7000,1.501066
229E,928,92.8000,1.460478
229E,929,92.9000,1.395749
229E,930,93.0000,1.522264
229E,931,93.1000,1.781703
229E,932,93.2000,1.683892
229E,933,93.3000,1.866332
229E,934,93.4000,1.762064
229E,935,93.5000,1.319316
229E,936,93.6000,1.548077
229E,937,93.7000,1.726392
229E,938,93.8000,1.548547
229E,939,93.9000,1.669945
229E,940,94.0000,1.757560
229E,941,94.1000,1.308257
229E,942,94.2000,1.552616
229E,943,94.3000,1.800319
229E,944,94.4000,1.744932
229E,945,94.5000,1.461289
229E,946,94.6000,1.580081
229E,947,94.7000,1.506458
229E,948,94.8000,1.715978
229E,949,94.9000,1.529785
229E,950,95.0000,1.764156
229E,951,95.1000,1.460665
229E,952,95.2000,1.917599
229E,953,95.3000,1.554902
229E,954,95.4000,1.604823
229E,955,95.5000,1.451421
229E,956,95.6000,1.658353
229E,957,95.7000,1.721411
229E,958,95.8000,1.500429
229E,959,95.9000,1.578856
229E,960,96.0000,1.525089
229E,961,96.1000,1.772296
229E,962,96.2000,1.481134
229E,963,96.3000,1.490072
229E,964,96.4000,1.518954
229E,965,96.5000,1.282802
229E,966,96.6000,1.757482
229E,967,96.7000,1.699455
229E,968,96.8000,1.564496
229E,969,96.9000,1.465335
229E,970,97.0000,1.483730
229E,971,97.1000,1.337608
229E,972,97.2000,1.383292
229E,973,97.3000,1.371769
229E,974,97.4000,1.497299
229E,975,97.5000,1.696048
229E,976,97.6000,1.547488
229E,977,97.7000,1.584227
229E,978,97.8000,1.813967
229E,979,97.9000,2.145494
229E,980,98.0000,1.619289
229E,981,98.1000,1.565791
229E,982,98.2000,1.579389
229E,983,98.3000,1.639361
229E,984,98.4000,1.755369
229E,985,98.5000,1.802190
229E,986,98.6000,1.883060
229E,987,98.7000,1.584327
229E,988,98.8000,1.921538
229E,989,98.9000,2.044671
229E,990,99.0000,1.566692
229E,991,99.1000,1.768359
229E,992,99.2000,1.688983
229E,993,99.3000,1.679681
229E,994,99.4000,1.327319
229E,995,99.5000,1.678162
229E,996,99.6000,1.789000
229E,997,99.7000,1.699240
229E,998,99.8000,1.598096
229E,999,99.9000,1.512252
229E,1000,100.0000,1.298612
HKU1,0,0.0000,0.000000
HKU1,1,0.1000,1.341228
HKU1,2,0.2000,1.080262
HKU1,3,0.3000,1.172038
HKU1,4,0.4000,1.304159
HKU1,5,0.5000,1.337596
HKU1,6,0.6000,1.196665
HKU1,7,0.7000,1.171596
HKU1,8,0.8000,1.262371
HKU1,9,0.9000,1.290008
HKU1,10,1.0000,1.248955
HKU1,11,1.1000,1.322917
HKU1,12,1.2000,1.269523
HKU1,13,1.3000,1.438269
HKU1,14,1.4000,1.189700
HKU1,15,1.5000,1.212668
HKU1,16,1.6000,1.112978
HKU1,17,1.7000,1.186078
HKU1,18,1.8000,1.328930
HKU1,19,1.9000,1.301410
HKU1,20,2.0000,1.126415
HKU1,21,2.1000,1.253041
HKU1,22,2.2000,1.274445
HKU1,23,2.3000,1.170615
HKU1,24,2.4000,1.133093
HKU1,25,2.5000,1.086374
HKU1,26,2.6000,1.060079
HKU1,27,2.7000,1.120441
HKU1,28,2.8000,1.164539
HKU1,29,2.9000,1.174265
HKU1,30,3.0000,1.150373
HKU1,31,3.1000,1.220702
HKU1,32,3.2000,1.227381
HKU1,33,3.3000,1.144800
HKU1,34,3.4000,1.383988
HKU1,35,3.5000,1.161848
HKU1,36,3.6000,1.066729
HKU1,37,3.7000,1.234480
HKU1,38,3.8000,1.121064
HKU1,39,3.9000,1.192309
HKU1,40,4.0000,1.385582
HKU1,41,4.1000,1.337327
HKU1,42,4.2000,1.296382
HKU1,43,4.3000,1.429316
HKU1,44,4.4000,1.249459
HKU1,45,4.5000,1.386995
HKU1,46,4.6000,1.340287
HKU1,47,4.7000,1.353880
HKU1,48,4.8000,1.265044
HKU1,49,4.9000,1.331893
HKU1,50,5.0000,1.220721
HKU1,51,5.1000,1.240759
HKU1,52,5.2000,1.223117
HKU1,53,5.3000,1.161867
HKU1,54,5.4000,1.183188
HKU1,55,5.5000,1.265062
HKU1,56,5.6000,1.086146
HKU1,57,5.7000,1.406859
HKU1,58,5.8000,1.266308
HKU1,59,5.9000,1.283233
HKU1,60,6.0000,1.265667
HKU1,61,6.1000,1.213170
HKU1,62,6.2000,1.332383
HKU1,63,6.3000,1.274092
HKU1,64,6.4000,1.320225
HKU1,65,6.5000,1.296104
HKU1,66,6.6000,1.325265
HKU1,67,6.7000,1.314583
HKU1,68,6.8000,1.246084
HKU1,69,6.9000,1.299748
HKU1,70,7.0000,1.336215
HKU1,71,7.1000,1.408554
HKU1,72,7.2000,1.320549
HKU1,73,7.3000,1.235283
HKU1,74,7.4000,1.277799
HKU1,75,7.5000,1.308556
HKU1,76,7.6000,1.354429
HKU1,77,7.7000,1.357950
HKU1,78,7.8000,1.354728
HKU1,79,7.9000,1.415668
HKU1,80,8.0000,1.185432
HKU1,81,8.1000,1.285513
HKU1,82,8.2000,1.159034
HKU1,83,8.3000,1.259352
HKU1,84,8.4000,1.279930
HKU1,85,8.5000,1.369099
HKU1,86,8.6000,1.340002
HKU1,87,8.7000,1.393362
HKU1,88,8.8000,1.495975
HKU1,89,8.9000,1.306178
HKU1,90,9.0000,1.294122
HKU1,91,9.1000,1.274039
HKU1,92,9.2000,1.375009
HKU1,93,9.3000,1.278257
HKU1,94,9.4000,1.264510
HKU1,95,9.5000,1.331825
HKU1,96,9.6000,1.267783
HKU1,97,9.7000,1.256577
HKU1,98,9.8000,1.191535
HKU1,99,9.9000,1.351433
HKU1,100,10.0000,1.139891
HKU1,101,10.1000,1.308814
HKU1,102,10.2000,1.196928
HKU1,103,10.3000,1.234225
HKU1,104,10.4000,1.396833
HKU1,105,10.5000,1.310894
HKU1,106,10.6000,1.360981
HKU1,107,10.7000,1.289519
HKU1,108,10.8000,1.293251
HKU1,109,10.9000,1.243931
HKU1,110,11.0000,1.338421
HKU1,111,11.1000,1.220333
HKU1,112,11.2000,1.248305
HKU1,113,11.3000,1.367091
HKU1,114,11.4000,1.340220
HKU1,115,11.5000,1.410711
HKU1,116,11.6000,1.443943
HKU1,117,11.7000,1.706414
HKU1,118,11.8000,1.571053
HKU1,119,11.9000,1.442085
HKU1,120,12.0000,1.254281
HKU1,121,12.1000,1.285163
HKU1,122,12.2000,1.307454
HKU1,123,12.3000,1.425008
HKU1,124,12.4000,1.289921
HKU1,125,12.5000,1.456630
HKU1,126,12.6000,1.281231
HKU1,127,12.7000,1.320651
HKU1,128,12.8000,1.278327
HKU1,129,12.9000,1.339615
HKU1,130,13.0000,1.338253
HKU1,131,13.1000,1.363610
HKU1,132,13.2000,1.346775
HKU1,133,13.3000,1.460074
HKU1,134,13.4000,1.279754
HKU1,135,13.5000,1.328846
HKU1,136,13.6000,1.366959
HKU1,137,13.7000,1.330387
HKU1,138,13.8000,1.395914
HKU1,139,13.9000,1.488776
HKU1,140,14.0000,1.427124
HKU1,141,14.1000,1.395220
HKU1,142,14.2000,1.360485
HKU1,143,14.3000,1.273968
HKU1,144,14.4000,1.372418
HKU1,145,14.5000,1.316124
HKU1,146,14.6000,1.401196
HKU1,147,14.7000,1.379914
HKU1,148,14.8000,1.322321
HKU1,149,14.9000,1.318705
HKU1,150,15.0000,1.300978
HKU1,151,15.1000,1.381610
HKU1,152,15.2000,1.235520
HKU1,153,15.3000,1.244927
HKU1,154,15.4000,1.456305
HKU1,155,15.5000,1.296156
HKU1,156,15.6000,1.246192
HKU1,157,15.7000,1.220407
HKU1,158,15.8000,1.243442
HKU1,159,15.9000,1.267143
HKU1,160,16.0000,1.275134
HKU1,161,16.1000,1.201792
HKU1,162,16.2000,1.282496
HKU1,163,16.3000,1.316244
HKU1,164,16.4000,1.362420
HKU1,165,16.5000,1.269629
HKU1,166,16.6000,1.365393
HKU1,167,16.7000,1.289973
HKU1,168,16.8000,1.292363
HKU1,169,16.9000,1.360104
HKU1,170,17.0000,1.501880
HKU1,171,17.1000,1.448334
HKU1,172,17.2000,1.614520
HKU1,173,17.3000,1.601620
HKU1,174,17.4000,1.502689
HKU1,175,17.5000,1.570566
HKU1,176,17.6000,1.518805
HKU1,177,17.7000,1.435495
HKU1,178,17.8000,1.435589
HKU1,179,17.9000,1.610875
HKU1,180,18.0000,1.427408
HKU1,181,18.1000,1.610036
HKU1,182,18.2000,1.664820
HKU1,183,18.3000,1.465847
HKU1,184,18.4000,1.483685
HKU1,185,18.5000,1.529238
HKU1,186,18.6000,1.521812
HKU1,187,18.7000,1.631077
HKU1,188,18.8000,1.592482
HKU1,189,18.9000,1.598496
HKU1,190,19.0000,1.596268
HKU1,191,19.1000,1.658626
HKU1,192,19.2000,1.645991
HKU1,193,19.3000,1.696872
HKU1,194,19.4000,1.608202
HKU1,195,19.5000,1.520569
HKU1,196,19.6000,1.580116
HKU1,197,19.7000,1.471643
HKU1,198,19.8000,1.645539
HKU1,199,19.9000,1.735001
HKU1,200,20.0000,1.618240
HKU1,201,20.1000,1.602155
HKU1,202,20.2000,1.639932
HKU1,203,20.3000,1.589070
HKU1,204,20.4000,1.525685
HKU1,205,20.5000,1.567034
HKU1,206,20.6000,1.636123
HKU1,207,20.7000,1.684335
HKU1,208,20.8000,1.504876
HKU1,209,20.9000,1.620062
HKU1,210,21.0000,1.632568
HKU1,211,21.1000,1.651387
HKU1,212,21.2000,1.694428
HKU1,213,21.3000,1.673496
HKU1,214,21.4000,1.606451
HKU1,215,21.5000,1.590062
HKU1,216,21.6000,1.790742
HKU1,217,21.7000,1.698782
HKU1,218,21.8000,1.697309
HKU1,219,21.9000,1.662153
HKU1,220,22.0000,1.692579
HKU1,221,22.1000,1.553624
HKU1,222,22.2000,1.626472
HKU1,223,22.3000,1.685071
HKU1,224,22.4000,1.601831
HKU1,225,22.5000,1.496336
HKU1,226,22.6000,1.380305
HKU1,227,22.7000,1.481588
HKU1,228,22.8000,1.478545
HKU1,229,22.9000,1.512743
HKU1,230,23.0000,1.613320
HKU1,231,23.1000,1.506536
HKU1,232,23.2000,1.531078
HKU1,233,23.3000,1.491285
HKU1,234,23.4000,1.486308
HKU1,235,23.5000,1.596226
HKU1,236,23.6000,1.554088
HKU1,237,23.7000,1.603223
HKU1,238,23.8000,1.600664
HKU1,239,23.9000,1.575205
HKU1,240,24.0000,1.507568
HKU1,241,24.1000,1.444738
HKU1,242,24.2000,1.554146
HKU1,243,24.3000,1.569992
HKU1,244,24.4000,1.710541
HKU1,245,24.5000,1.520791
HKU1,246,24.6000,1.654970
HKU1,247,24.7000,1.460583
HKU1,248,24.8000,1.546621
HKU1,249,24.9000,1.645484
HKU1,250,25.0000,1.670452
HKU1,251,25.1000,1.526674
HKU1,252,25.2000,1.486657
HKU1,253,25.3000,1.633216
HKU1,254,25.4000,1.665388
HKU1,255,25.5000,1.568198
HKU1,256,25.6000,1.649340
HKU1,257,25.7000,1.691154
HKU1,258,25.8000,1.683051
HKU1,259,25.9000,1.702291
HKU1,260,26.0000,1.709711
HKU1,261,26.1000,1.633561
HKU1,262,26.2000,1.571598
HKU1,263,26.3000,1.525980
HKU1,264,26.4000,1.530828
HKU1,265,26.5000,1.635159
HKU1,266,26.6000,1.614324
HKU1,267,26.7000,1.563091
HKU1,268,26.8000,1.484261
HKU1,269,26.9000,1.531211
HKU1,270,27.0000,1.718081
HKU1,271,27.1000,1.522153
HKU1,272,27.2000,1.588220
HKU1,273,27.3000,1.641579
HKU1,274,27.4000,1.624103
HKU1,275,27.5000,1.692300
HKU1,276,27.6000,1.643485
HKU1,277,27.7000,1.532269
HKU1,278,27.8000,1.483077
HKU1,279,27.9000,1.616931
HKU1,280,28.0000,1.620215
HKU1,281,28.1000,1.618741
HKU1,282,28.2000,1.624699
HKU1,283,28.3000,1.736921
HKU1,284,28.4000,1.689769
HKU1,285,28.5000,1.682516
HKU1,286,28.6000,1.628576
HKU1,287,28.7000,1.623035
HKU1,288,28.8000,1.740302
HKU1,289,28.9000,1.641277
HKU1,290,29.0000,1.464279
HKU1,291,29.1000,1.503558
HKU1,292,29.2000,1.568212
HKU1,293,29.3000,1.584741
HKU1,294,29.4000,1.523912
HKU1,295,29.5000,1.649708
HKU1,296,29.6000,1.776295
HKU1,297,29.7000,1.674721
HKU1,298,29.8000,1.739007
HKU1,299,29.9000,1.725981
HKU1,300,30.0000,1.758186
HKU1,301,30.1000,1.820416
HKU1,302,30.2000,1.773237
HKU1,303,30.3000,1.581156
HKU1,304,30.4000,1.606689
HKU1,305,30.5000,1.568370
HKU1,306,30.6000,1.563537
HKU1,307,30.7000,1.594885
HKU1,308,30.8000,1.602843
HKU1,309,30.9000,1.518538
HKU1,310,31.0000,1.706955
HKU1,311,31.1000,1.614464
HKU1,312,31.2000,1.633919
HKU1,313,31.3000,1.627760
HKU1,314,31.4000,1.605932
HKU1,315,31.5000,1.594814
HKU1,316,31.6000,1.552160
HKU1,317,31.7000,1.509404
HKU1,318,31.8000,1.600481
HKU1,319,31.9000,1.549633
HKU1,320,32.0000,1.631767
HKU1,321,32.1000,1.686193
HKU1,322,32.2000,1.571612
HKU1,323,32.3000,1.555406
HKU1,324,32.4000,1.527086
HKU1,325,32.5000,1.591591
HKU1,326,32.6000,1.575491
HKU1,327,32.7000,1.665740
HKU1,328,32.8000,1.563696
HKU1,329,32.9000,1.617154
HKU1,330,33.0000,1.674411
HKU1,331,33.1000,1.596296
HKU1,332,33.2000,1.572228
HKU1,333,33.3000,1.558820
HKU1,334,33.4000,1.525478
HKU1,335,33.5000,1.651987
HKU1,336,33.6000,1.688702
HKU1,337,33.7000,1.602070
HKU1,338,33.8000,1.676508
HKU1,339,33.9000,1.656412
HKU1,340,34.0000,1.785805
HKU1,341,34.1000,1.780209
HKU1,342,34.2000,1.674452
HKU1,343,34.3000,1.757571
HKU1,344,34.4000,1.910024
HKU1,345,34.5000,1.748217
HKU1,346,34.6000,1.722428
HKU1,347,34.7000,1.662939
HKU1,348,34.8000,1.664793
HKU1,349,34.9000,1.710383
HKU1,350,35.0000,1.765982
HKU1,351,35.1000,1.550490
HKU1,352,35.2000,1.630884
HKU1,353,35.3000,1.695464
HKU1,354,35.4000,1.610441
HKU1,355,35.5000,1.516802
HKU1,356,35.6000,1.605034
HKU1,357,35.7000,1.620382
HKU1,358,35.8000,1.678898
HKU1,359,35.9000,1.534384
HKU1,360,36.0000,1.612817
HKU1,361,36.1000,1.606535
HKU1,362,36.2000,1.644252
HKU1,363,36.3000,1.613892
HKU1,364,36.4000,1.561822
HKU1,365,36.5000,1.551971
HKU1,366,36.6000,1.682168
HKU1,367,36.7000,1.494529
HKU1,368,36.8000,1.476258
HKU1,369,36.9000,1.674976
HKU1,370,37.0000,1.687622
HKU1,371,37.1000,1.676401
HKU1,372,37.2000,1.623742
HKU1,373,37.3000,1.756455
HKU1,374,37.4000,1.728446
HKU1,375,37.5000,1.849494
HKU1,376,37.6000,1.826284
HKU1,377,37.7000,1.692938
HKU1,378,37.8000,1.645799
HKU1,379,37.9000,1.648233
HKU1,380,38.0000,1.557722
HKU1,381,38.1000,1.524001
HKU1,382,38.2000,1.491376
HKU1,383,38.3000,1.542130
HKU1,384,38.4000,1.572787
HKU1,385,38.5000,1.518849
HKU1,386,38.6000,1.578519
HKU1,387,38.7000,1.580387
HKU1,388,38.8000,1.515450
HKU1,389,38.9000,1.541166
HKU1,390,39.0000,1.607095
HKU1,391,39.1000,1.655351
HKU1,392,39.2000,1.588758
HKU1,393,39.3000,1.562269
HKU1,394,39.4000,1.554451
HKU1,395,39.5000,1.455083
HKU1,396,39.6000,1.552841
HKU1,397,39.7000,1.670910
HKU1,398,39.8000,1.596578
HKU1,399,39.9000,1.590614
HKU1,400,40.0000,1.572658
HKU1,401,40.1000,1.550229
HKU1,402,40.2000,1.558415
HKU1,403,40.3000,1.536555
HKU1,404,40.4000,1.584429
HKU1,405,40.5000,1.590005
HKU1,406,40.6000,1.618143
HKU1,407,40.7000,1.572199
HKU1,408,40.8000,1.502345
HKU1,409,40.9000,1.519472
HKU1,410,41.0000,1.554842
HKU1,411,41.1000,1.600580
HKU1,412,41.2000,1.616067
HKU1,413,41.3000,1.790616
HKU1,414,41.4000,1.711751
HKU1,415,41.5000,1.675258
HKU1,416,41.6000,1.542451
HKU1,417,41.7000,1.617182
HKU1,418,41.8000,1.633947
HKU1,419,41.9000,1.624006
HKU1,420,42.0000,1.533592
HKU1,421,42.1000,1.594729
HKU1,422,42.2000,1.624921
HKU1,423,42.3000,1.638846
HKU1,424,42.4000,1.569131
HKU1,425,42.5000,1.676764
HKU1,426,42.6000,1.666983
HKU1,427,42.7000,1.606058
HKU1,428,42.8000,1.704156
HKU1,429,42.9000,1.568155
HKU1,430,43.0000,1.775864
HKU1,431,43.1000,1.856276
HKU1,432,43.2000,1.927794
HKU1,433,43.3000,1.908620
HKU1,434,43.4000,1.942632
HKU1,435,43.5000,1.858459
HKU1,436,43.6000,2.025532
HKU1,437,43.7000,2.013879
HKU1,438,43.8000,1.762868
HKU1,439,43.9000,1.726255
HKU1,440,44.0000,1.977232
HKU1,441,44.1000,1.886616
HKU1,442,44.2000,1.791245
HKU1,443,44.3000,1.837337
HKU1,444,44.4000,1.895655
HKU1,445,44.5000,1.776523
HKU1,446,44.6000,1.621285
HKU1,447,44.7000,1.766850
HKU1,448,44.8000,1.800250
HKU1,449,44.9000,1.724428
HKU1,450,45.0000,1.652109
HKU1,451,45.1000,1.657907
HKU1,452,45.2000,1.602239
HKU1,453,45.3000,1.641826
HKU1,454,45.4000,1.699445
HKU1,455,45.5000,1.540712
HKU1,456,45.6000,1.804324
HKU1,457,45.7000,1.560380
HKU1,458,45.8000,1.701153
HKU1,459,45.9000,1.605721
HKU1,460,46.0000,1.844445
HKU1,461,46.1000,1.667942
HKU1,462,46.2000,1.715878
HKU1,463,46.3000,1.717924
HKU1,464,46.4000,1.506761
HKU1,465,46.5000,1.755801
HKU1,466,46.6000,1.676602
HKU1,467,46.7000,1.650991
HKU1,468,46.8000,1.503079
HKU1,469,46.9000,1.576120
HKU1,470,47.0000,1.646155
HKU1,471,47.1000,1.657064
HKU1,472,47.2000,1.640124
HKU1,473,47.3000,1.553871
HKU1,474,47.4000,1.542976
HKU1,475,47.5000,1.707087
HKU1,476,47.6000,1.711501
HKU1,477,47.7000,1.758967
HKU1,478,47.8000,1.532593
HKU1,479,47.9000,1.537727
HKU1,480,48.0000,1.419735
HKU1,481,48.1000,1.633630
HKU1,482,48.2000,1.634126
HKU1,483,48.3000,1.605286
HKU1,484,48.4000,1.627953
HKU1,485,48.5000,1.570236
HKU1,486,48.6000,1.705200
HKU1,487,48.7000,1.647536
HKU1,488,48.8000,1.631822
HKU1,489,48.9000,1.724206
HKU1,490,49.0000,1.715090
HKU1,491,49.1000,1.512102
HKU1,492,49.2000,1.513799
HKU1,493,49.3000,1.654425
HKU1,494,49.4000,1.698517
HKU1,495,49.5000,1.590897
HKU1,496,49.6000,1.572644
HKU1,497,49.7000,1.751949
HKU1,498,49.8000,1.597030
HKU1,499,49.9000,1.572615
HKU1,500,50.0000,1.596155
HKU1,501,50.1000,1.610791
HKU1,502,50.2000,1.563437
HKU1,503,50.3000,1.668023
HKU1,504,50.4000,1.749440
HKU1,505,50.5000,1.658735
HKU1,506,50.6000,1.590388
HKU1,507,50.7000,1.626998
HKU1,508,50.8000,1.665429
HKU1,509,50.9000,1.610259
HKU1,510,51.0000,1.683399
HKU1,511,51.1000,1.686567
HKU1,512,51.2000,1.627524
HKU1,513,51.3000,1.671099
HKU1,514,51.4000,1.593118
HKU1,515,51.5000,1.570609
HKU1,516,51.6000,1.618769
HKU1,517,51.7000,1.593952
HKU1,518,51.8000,1.578390
HKU1,519,51.9000,1.581996
HKU1,520,52.0000,1.561217
HKU1,521,52.1000,1.719300
HKU1,522,52.2000,1.583931
HKU1,523,52.3000,1.715051
HKU1,524,52.4000,1.667443
HKU1,525,52.5000,1.655432
HKU1,526,52.6000,1.626583
HKU1,527,52.7000,1.561649
HKU1,528,52.8000,1.527676
HKU1,529,52.9000,1.602703
HKU1,530,53.0000,1.761270
HKU1,531,53.1000,1.780259
HKU1,532,53.2000,1.707430
HKU1,533,53.3000,1.667145
HKU1,534,53.4000,1.585580
HKU1,535,53.5000,1.541765
HKU1,536,53.6000,1.497434
HKU1,537,53.7000,1.664455
HKU1,538,53.8000,1.587241
HKU1,539,53.9000,1.603743
HKU1,540,54.0000,1.593896
HKU1,541,54.1000,1.651946
HKU1,542,54.2000,1.726725
HKU1,543,54.3000,1.546403
HKU1,544,54.4000,1.631726
HKU1,545,54.5000,1.593698
HKU1,546,54.6000,1.775966
HKU1,547,54.7000,1.755301
HKU1,548,54.8000,1.669657
HKU1,549,54.9000,1.679689
HKU1,550,55.0000,1.719615
HKU1,551,55.1000,1.735520
HKU1,552,55.2000,1.597044
HKU1,553,55.3000,1.713448
HKU1,554,55.4000,1.674869
HKU1,555,55.5000,1.744219
HKU1,556,55.6000,1.626126
HKU1,557,55.7000,1.679555
HKU1,558,55.8000,1.693364
HKU1,559,55.9000,1.777778
HKU1,560,56.0000,1.627663
HKU1,561,56.1000,1.592397
HKU1,562,56.2000,1.686393
HKU1,563,56.3000,1.670776
HKU1,564,56.4000,1.727677
HKU1,565,56.5000,1.824556
HKU1,566,56.6000,1.752296
HKU1,567,56.7000,1.773923
HKU1,568,56.8000,1.714552
HKU1,569,56.9000,1.612859
HKU1,570,57.0000,1.733598
HKU1,571,57.1000,1.774760
HKU1,572,57.2000,1.653949
HKU1,573,57.3000,1.701233
HKU1,574,57.4000,1.780879
HKU1,575,57.5000,1.847069
HKU1,576,57.6000,1.869069
HKU1,577,57.7000,1.797270
HKU1,578,57.8000,1.712909
HKU1,579,57.9000,1.739408
HKU1,580,58.0000,1.690795
HKU1,581,58.1000,1.628839
HKU1,582,58.2000,1.602070
HKU1,583,58.3000,1.736467
HKU1,584,58.4000,1.639382
HKU1,585,58.5000,1.689116
HKU1,586,58.6000,1.812605
HKU1,587,58.7000,1.731557
HKU1,588,58.8000,1.704777
HKU1,589,58.9000,1.705926
HKU1,590,59.0000,1.758788
HKU1,591,59.1000,1.715024
HKU1,592,59.2000,1.591152
HKU1,593,59.3000,1.764209
HKU1,594,59.4000,1.742526
HKU1,595,59.5000,1.750444
HKU1,596,59.6000,1.751910
HKU1,597,59.7000,1.693896
HKU1,598,59.8000,1.900117
HKU1,599,59.9000,1.844714
HKU1,600,60.0000,1.610791
HKU1,601,60.1000,1.776409
HKU1,602,60.2000,1.575934
HKU1,603,60.3000,1.631477
HKU1,604,60.4000,1.593528
HKU1,605,60.5000,1.582879
HKU1,606,60.6000,1.752669
HKU1,607,60.7000,1.890432
HKU1,608,60.8000,1.678227
HKU1,609,60.9000,1.791810
HKU1,610,61.0000,1.675205
HKU1,611,61.1000,1.610273
HKU1,612,61.2000,1.674035
HKU1,613,61.3000,1.752926
HKU1,614,61.4000,1.729019
HKU1,615,61.5000,1.765931
HKU1,616,61.6000,1.702080
HKU1,617,61.7000,1.696221
HKU1,618,61.8000,1.669724
HKU1,619,61.9000,1.765306
HKU1,620,62.0000,1.794461
HKU1,621,62.1000,1.664374
HKU1,622,62.2000,1.766620
HKU1,623,62.3000,1.834884
HKU1,624,62.4000,1.896284
HKU1,625,62.5000,1.779196
HKU1,626,62.6000,1.793042
HKU1,627,62.7000,1.828884
HKU1,628,62.8000,1.749080
HKU1,629,62.9000,1.658328
HKU1,630,63.0000,1.700729
HKU1,631,63.1000,1.699590
HKU1,632,63.2000,1.688476
HKU1,633,63.3000,1.740496
HKU1,634,63.4000,1.661923
HKU1,635,63.5000,1.697442
HKU1,636,63.6000,1.689582
HKU1,637,63.7000,1.745484
HKU1,638,63.8000,1.646292
HKU1,639,63.9000,1.655228
HKU1,640,64.0000,1.831013
HKU1,641,64.1000,1.734351
HKU1,642,64.2000,1.664225
HKU1,643,64.3000,1.616081
HKU1,644,64.4000,1.713303
HKU1,645,64.5000,1.771293
HKU1,646,64.6000,1.740341
HKU1,647,64.7000,1.633657
HKU1,648,64.8000,1.587142
HKU1,649,64.9000,1.671409
HKU1,650,65.0000,1.745058
HKU1,651,65.1000,1.560091
HKU1,652,65.2000,1.700173
HKU1,653,65.3000,1.701855
HKU1,654,65.4000,1.782800
HKU1,655,65.5000,1.666740
HKU1,656,65.6000,1.651823
HKU1,657,65.7000,1.847422
HKU1,658,65.8000,1.743909
HKU1,659,65.9000,1.733988
HKU1,660,66.0000,1.685245
HKU1,661,66.1000,1.609882
HKU1,662,66.2000,1.674626
HKU1,663,66.3000,1.700822
HKU1,664,66.4000,1.680989
HKU1,665,66.5000,1.503514
HKU1,666,66.6000,1.610106
HKU1,667,66.7000,1.779019
HKU1,668,66.8000,1.654071
HKU1,669,66.9000,1.689382
HKU1,670,67.0000,1.721094
HKU1,671,67.1000,1.700624
HKU1,672,67.2000,1.648342
HKU1,673,67.3000,1.708156
HKU1,674,67.4000,1.678791
HKU1,675,67.5000,1.635338
HKU1,676,67.6000,1.715274
HKU1,677,67.7000,1.752823
HKU1,678,67.8000,1.739201
HKU1,679,67.9000,1.730842
HKU1,680,68.0000,1.668293
HKU1,681,68.1000,1.895180
HKU1,682,68.2000,1.770949
HKU1,683,68.3000,1.809658
HKU1,684,68.4000,1.686687
HKU1,685,68.5000,1.593938
HKU1,686,68.6000,1.629267
HKU1,687,68.7000,1.642813
HKU1,688,68.8000,1.566286
HKU1,689,68.9000,1.609602
HKU1,690,69.0000,1.578875
HKU1,691,69.1000,1.671355
HKU1,692,69.2000,1.815709
HKU1,693,69.3000,1.722990
HKU1,694,69.4000,1.711738
HKU1,695,69.5000,1.708261
HKU1,696,69.6000,1.780841
HKU1,697,69.7000,1.706639
HKU1,698,69.8000,1.827726
HKU1,699,69.9000,1.572873
HKU1,700,70.0000,1.738295
HKU1,701,70.1000,1.730217
HKU1,702,70.2000,1.581612
HKU1,703,70.3000,1.674290
HKU1,704,70.4000,1.699882
HKU1,705,70.5000,1.740936
HKU1,706,70.6000,1.731609
HKU1,707,70.7000,1.808002
HKU1,708,70.8000,1.713698
HKU1,709,70.9000,1.674048
HKU1,710,71.0000,1.717505
HKU1,711,71.1000,1.741324
HKU1,712,71.2000,1.753517
HKU1,713,71.3000,1.691354
HKU1,714,71.4000,1.623506
HKU1,715,71.5000,1.785830
HKU1,716,71.6000,1.890468
HKU1,717,71.7000,1.773491
HKU1,718,71.8000,1.780512
HKU1,719,71.9000,1.736713
HKU1,720,72.0000,1.727990
HKU1,721,72.1000,1.687275
HKU1,722,72.2000,1.776549
HKU1,723,72.3000,1.718514
HKU1,724,72.4000,1.618491
HKU1,725,72.5000,1.639094
HKU1,726,72.6000,1.768850
HKU1,727,72.7000,1.927525
HKU1,728,72.8000,1.883760
HKU1,729,72.9000,1.703297
HKU1,730,73.0000,1.808089
HKU1,731,73.1000,1.735130
HKU1,732,73.2000,1.851331
HKU1,733,73.3000,1.874724
HKU1,734,73.4000,1.752052
HKU1,735,73.5000,1.787658
HKU1,736,73.6000,1.782472
HKU1,737,73.7000,1.770975
HKU1,738,73.8000,1.768175
HKU1,739,73.9000,1.804773
HKU1,740,74.0000,1.960520
HKU1,741,74.1000,1.798861
HKU1,742,74.2000,1.882803
HKU1,743,74.3000,1.910330
HKU1,744,74.4000,1.942562
HKU1,745,74.5000,1.843309
HKU1,746,74.6000,2.020711
HKU1,747,74.7000,1.884621
HKU1,748,74.8000,2.072108
HKU1,749,74.9000,1.911179
HKU1,750,75.0000,1.893039
HKU1,751,75.1000,1.845165
HKU1,752,75.2000,1.821839
HKU1,753,75.3000,1.827381
HKU1,754,75.4000,1.843444
HKU1,755,75.5000,1.743276
HKU1,756,75.6000,1.841708
HKU1,757,75.7000,1.907463
HKU1,758,75.8000,1.885433
HKU1,759,75.9000,1.848653
HKU1,760,76.0000,1.970992
HKU1,761,76.1000,1.952658
HKU1,762,76.2000,1.921908
HKU1,763,76.3000,1.912027
HKU1,764,76.4000,1.941994
HKU1,765,76.5000,1.915675
HKU1,766,76.6000,1.838072
HKU1,767,76.7000,2.037704
HKU1,768,76.8000,1.913711
HKU1,769,76.9000,1.944845
HKU1,770,77.0000,1.986018
HKU1,771,77.1000,1.913652
HKU1,772,77.2000,1.969449
HKU1,773,77.3000,2.015041
HKU1,774,77.4000,1.983726
HKU1,775,77.5000,1.898729
HKU1,776,77.6000,2.022839
HKU1,777,77.7000,2.157540
HKU1,778,77.8000,2.029952
HKU1,779,77.9000,1.799261
HKU1,780,78.0000,1.885935
HKU1,781,78.1000,1.826074
HKU1,782,78.2000,1.985417
HKU1,783,78.3000,1.878768
HKU1,784,78.4000,1.723095
HKU1,785,78.5000,1.754094
HKU1,786,78.6000,1.788287
HKU1,787,78.7000,1.932904
HKU1,788,78.8000,1.876369
HKU1,789,78.9000,1.991420
HKU1,790,79.0000,1.879871
HKU1,791,79.1000,1.779817
HKU1,792,79.2000,1.953500
HKU1,793,79.3000,1.950615
HKU1,794,79.4000,1.896510
HKU1,795,79.5000,1.874423
HKU1,796,79.6000,1.758442
HKU1,797,79.7000,1.761730
HKU1,798,79.8000,1.813512
HKU1,799,79.9000,1.804361
HKU1,800,80.0000,1.813077
HKU1,801,80.1000,1.986438
HKU1,802,80.2000,1.961071
HKU1,803,80.3000,1.864436
HKU1,804,80.4000,1.849506
HKU1,805,80.5000,1.748784
HKU1,806,80.6000,1.816168
HKU1,807,80.7000,1.754069
HKU1,808,80.8000,1.680239
HKU1,809,80.9000,1.657390
HKU1,810,81.0000,1.618087
HKU1,811,81.1000,1.705649
HKU1,812,81.2000,1.734832
HKU1,813,81.3000,1.623298
HKU1,814,81.4000,1.586900
HKU1,815,81.5000,1.651482
HKU1,816,81.6000,1.791320
HKU1,817,81.7000,1.731037
HKU1,818,81.8000,1.649053
HKU1,819,81.9000,1.720021
HKU1,820,82.0000,1.709540
HKU1,821,82.1000,1.621591
HKU1,822,82.2000,1.746090
HKU1,823,82.3000,1.728771
HKU1,824,82.4000,1.779234
HKU1,825,82.5000,1.706705
HKU1,826,82.6000,1.732545
HKU1,827,82.7000,1.652968
HKU1,828,82.8000,1.520643
HKU1,829,82.9000,1.648370
HKU1,830,83.0000,1.740690
HKU1,831,83.1000,1.758493
HKU1,832,83.2000,1.656942
HKU1,833,83.3000,1.630304
HKU1,834,83.4000,1.747972
HKU1,835,83.5000,1.732584
HKU1,836,83.6000,1.730100
HKU1,837,83.7000,1.724062
HKU1,838,83.8000,1.690728
HKU1,839,83.9000,1.651005
HKU1,840,84.0000,1.629944
HKU1,841,84.1000,1.700849
HKU1,842,84.2000,1.662573
HKU1,843,84.3000,1.706058
HKU1,844,84.4000,1.674304
HKU1,845,84.5000,1.681887
HKU1,846,84.6000,1.714736
HKU1,847,84.7000,1.711922
HKU1,848,84.8000,1.825297
HKU1,849,84.9000,1.784631
HKU1,850,85.0000,1.716521
HKU1,851,85.1000,1.798335
HKU1,852,85.2000,1.926075
HKU1,853,85.3000,1.917603
HKU1,854,85.4000,1.805060
HKU1,855,85.5000,1.899974
HKU1,856,85.6000,1.902202
HKU1,857,85.7000,1.898267
HKU1,858,85.8000,1.913440
HKU1,859,85.9000,1.897697
HKU1,860,86.0000,1.711462
HKU1,861,86.1000,1.832034
HKU1,862,86.2000,1.807940
HKU1,863,86.3000,1.845080
HKU1,864,86.4000,1.970455
HKU1,865,86.5000,1.874315
HKU1,866,86.6000,1.845324
HKU1,867,86.7000,1.925374
HKU1,868,86.8000,1.863155
HKU1,869,86.9000,1.935570
HKU1,870,87.0000,1.789521
HKU1,871,87.1000,2.176363
HKU1,872,87.2000,1.948143
HKU1,873,87.3000,1.833263
HKU1,874,87.4000,1.949911
HKU1,875,87.5000,1.996108
HKU1,876,87.6000,2.001944
HKU1,877,87.7000,1.933975
HKU1,878,87.8000,1.881499
HKU1,879,87.9000,1.886233
HKU1,880,88.0000,1.847483
HKU1,881,88.1000,1.910154
HKU1,882,88.2000,1.887487
HKU1,883,88.3000,1.839358
HKU1,884,88.4000,1.850772
HKU1,885,88.5000,1.781537
HKU1,886,88.6000,1.885015
HKU1,887,88.7000,1.872428
HKU1,888,88.8000,1.801726
HKU1,889,88.9000,1.780867
HKU1,890,89.0000,1.741169
HKU1,891,89.1000,1.744619
HKU1,892,89.2000,1.727064
HKU1,893,89.3000,1.641085
HKU1,894,89.4000,1.770008
HKU1,895,89.5000,1.740522
HKU1,896,89.6000,1.860361
HKU1,897,89.7000,1.662221
HKU1,898,89.8000,1.795000
HKU1,899,89.9000,1.841745
HKU1,900,90.0000,1.840974
HKU1,901,90.1000,1.824026
HKU1,902,90.2000,1.732428
HKU1,903,90.3000,1.638860
HKU1,904,90.4000,1.763634
HKU1,905,90.5000,1.636357
HKU1,906,90.6000,1.806806
HKU1,907,90.7000,1.907026
HKU1,908,90.8000,1.863747
HKU1,909,90.9000,1.977950
HKU1,910,91.0000,1.864726
HKU1,911,91.1000,1.806719
HKU1,912,91.2000,1.985587
HKU1,913,91.3000,1.845312
HKU1,914,91.4000,1.723173
HKU1,915,91.5000,1.692898
HKU1,916,91.6000,1.888918
HKU1,917,91.7000,1.710198
HKU1,918,91.8000,1.740250
HKU1,919,91.9000,1.638695
HKU1,920,92.0000,1.853411
HKU1,921,92.1000,1.614673
HKU1,922,92.2000,1.578262
HKU1,923,92.3000,1.541648
HKU1,924,92.4000,1.615092
HKU1,925,92.5000,1.684255
HKU1,926,92.6000,1.610707
HKU1,927,92.7000,1.811735
HKU1,928,92.8000,1.636233
HKU1,929,92.9000,1.728941
HKU1,930,93.0000,1.675729
HKU1,931,93.1000,1.624948
HKU1,932,93.2000,1.730620
HKU1,933,93.3000,1.790314
HKU1,934,93.4000,1.649872
HKU1,935,93.5000,1.621980
HKU1,936,93.6000,1.747354
HKU1,937,93.7000,1.704447
HKU1,938,93.8000,1.606408
HKU1,939,93.9000,1.666037
HKU1,940,94.0000,1.720859
HKU1,941,94.1000,1.684175
HKU1,942,94.2000,1.848275
HKU1,943,94.3000,1.917238
HKU1,944,94.4000,1.783419
HKU1,945,94.5000,1.695172
HKU1,946,94.6000,1.740767
HKU1,947,94.7000,1.602548
HKU1,948,94.8000,1.589509
HKU1,949,94.9000,1.664699
HKU1,950,95.0000,1.685645
HKU1,951,95.1000,1.707905
HKU1,952,95.2000,1.617460
HKU1,953,95.3000,1.746670
HKU1,954,95.4000,1.661747
HKU1,955,95.5000,1.774963
HKU1,956,95.6000,1.738787
HKU1,957,95.7000,1.765396
HKU1,958,95.8000,1.684429
HKU1,959,95.9000,1.722912
HKU1,960,96.0000,1.533357
HKU1,961,96.1000,1.729957
HKU1,962,96.2000,1.722167
HKU1,963,96.3000,1.687488
HKU1,964,96.4000,1.608314
HKU1,965,96.5000,1.665916
HKU1,966,96.6000,1.603195
HKU1,967,96.7000,1.531564
HKU1,968,96.8000,1.529739
HKU1,969,96.9000,1.624990
HKU1,970,97.0000,1.602028
HKU1,971,97.1000,1.612119
HKU1,972,97.2000,1.602056
HKU1,973,97.3000,1.685392
HKU1,974,97.4000,1.713737
HKU1,975,97.5000,1.755840
HKU1,976,97.6000,1.674465
HKU1,977,97.7000,1.736207
HKU1,978,97.8000,1.757122
HKU1,979,97.9000,1.691434
HKU1,980,98.0000,1.646251
HKU1,981,98.1000,1.634401
HKU1,982,98.2000,1.889740
HKU1,983,98.3000,1.766148
HKU1,984,98.4000,1.695491
HKU1,985,98.5000,1.654629
HKU1,986,98.6000,1.707866
HKU1,987,98.7000,1.729488
HKU1,988,98.8000,1.696141
HKU1,989,98.9000,1.563595
HKU1,990,99.0000,1.626998
HKU1,991,99.1000,1.646401
HKU1,992,99.2000,1.727833
HKU1,993,99.3000,1.599876
HKU1,994,99.4000,1.567292
HKU1,995,99.5000,1.551840
HKU1,996,99.6000,1.601606
HKU1,997,99.7000,1.588716
HKU1,998,99.8000,1.650718
HKU1,999,99.9000,1.594164
HKU1,1000,100.0000,1.561303
