system,frame_index,time_ns,radius_of_gyration_angstrom
MERS,0,0.0000,18.581357
MERS,1,0.1000,19.007088
MERS,2,0.2000,18.879910
MERS,3,0.3000,18.838196
MERS,4,0.4000,18.975474
MERS,5,0.5000,18.985899
MERS,6,0.6000,18.875056
MERS,7,0.7000,18.908105
MERS,8,0.8000,18.865824
MERS,9,0.9000,18.962918
MERS,10,1.0000,18.938856
MERS,11,1.1000,18.979090
MERS,12,1.2000,18.787185
MERS,13,1.3000,18.923296
MERS,14,1.4000,18.988213
MERS,15,1.5000,18.884998
MERS,16,1.6000,18.846566
MERS,17,1.7000,18.830060
MERS,18,1.8000,18.799663
MERS,19,1.9000,18.867620
MERS,20,2.0000,18.700125
MERS,21,2.1000,18.750490
MERS,22,2.2000,18.780347
MERS,23,2.3000,18.823687
MERS,24,2.4000,18.847592
MERS,25,2.5000,18.848777
MERS,26,2.6000,18.871678
MERS,27,2.7000,18.915322
MERS,28,2.8000,18.827220
MERS,29,2.9000,18.853488
MERS,30,3.0000,18.964296
MERS,31,3.1000,18.806634
MERS,32,3.2000,18.764501
MERS,33,3.3000,18.914122
MERS,34,3.4000,18.648875
MERS,35,3.5000,18.751098
MERS,36,3.6000,18.658310
MERS,37,3.7000,18.766745
MERS,38,3.8000,18.708627
MERS,39,3.9000,18.872136
MERS,40,4.0000,18.811324
MERS,41,4.1000,18.795018
MERS,42,4.2000,18.667723
MERS,43,4.3000,18.758178
MERS,44,4.4000,18.838051
MERS,45,4.5000,18.755459
MERS,46,4.6000,18.932902
MERS,47,4.7000,18.831609
MERS,48,4.8000,18.850396
MERS,49,4.9000,18.882892
MERS,50,5.0000,18.887935
MERS,51,5.1000,18.999345
MERS,52,5.2000,18.845341
MERS,53,5.3000,18.801177
MERS,54,5.4000,18.884110
MERS,55,5.5000,18.714812
MERS,56,5.6000,18.756312
MERS,57,5.7000,18.795160
MERS,58,5.8000,18.729757
MERS,59,5.9000,18.752111
MERS,60,6.0000,18.825105
MERS,61,6.1000,18.856358
MERS,62,6.2000,18.813466
MERS,63,6.3000,18.923935
MERS,64,6.4000,18.769404
MERS,65,6.5000,18.737110
MERS,66,6.6000,18.763766
MERS,67,6.7000,18.762205
MERS,68,6.8000,18.880661
MERS,69,6.9000,18.793842
MERS,70,7.0000,18.792687
MERS,71,7.1000,18.844993
MERS,72,7.2000,18.662308
MERS,73,7.3000,18.643988
MERS,74,7.4000,18.730285
MERS,75,7.5000,18.881021
MERS,76,7.6000,18.706036
MERS,77,7.7000,18.884779
MERS,78,7.8000,18.724851
MERS,79,7.9000,18.575654
MERS,80,8.0000,18.531727
MERS,81,8.1000,18.591811
MERS,82,8.2000,18.772706
MERS,83,8.3000,18.537762
MERS,84,8.4000,18.774015
MERS,85,8.5000,18.592979
MERS,86,8.6000,18.948250
MERS,87,8.7000,18.865359
MERS,88,8.8000,18.600345
MERS,89,8.9000,18.796023
MERS,90,9.0000,18.736027
MERS,91,9.1000,18.899300
MERS,92,9.2000,18.895461
MERS,93,9.3000,18.901048
MERS,94,9.4000,18.948552
MERS,95,9.5000,18.940665
MERS,96,9.6000,18.819643
MERS,97,9.7000,18.888365
MERS,98,9.8000,18.848146
MERS,99,9.9000,18.920958
MERS,100,10.0000,18.880135
MERS,101,10.1000,18.704036
MERS,102,10.2000,18.810988
MERS,103,10.3000,18.901042
MERS,104,10.4000,18.782202
MERS,105,10.5000,18.793050
MERS,106,10.6000,18.907589
MERS,107,10.7000,18.887648
MERS,108,10.8000,18.866200
MERS,109,10.9000,18.938390
MERS,110,11.0000,18.944023
MERS,111,11.1000,18.863091
MERS,112,11.2000,18.790370
MERS,113,11.3000,18.868118
MERS,114,11.4000,18.926316
MERS,115,11.5000,18.944179
MERS,116,11.6000,18.892949
MERS,117,11.7000,19.011830
MERS,118,11.8000,18.865369
MERS,119,11.9000,18.923126
MERS,120,12.0000,18.935636
MERS,121,12.1000,18.923316
MERS,122,12.2000,18.708307
MERS,123,12.3000,18.773099
MERS,124,12.4000,18.718894
MERS,125,12.5000,18.621862
MERS,126,12.6000,18.657143
MERS,127,12.7000,18.617078
MERS,128,12.8000,18.708313
MERS,129,12.9000,18.731252
MERS,130,13.0000,18.825696
MERS,131,13.1000,18.728715
MERS,132,13.2000,18.673433
MERS,133,13.3000,18.784939
MERS,134,13.4000,18.798246
MERS,135,13.5000,18.744301
MERS,136,13.6000,18.634388
MERS,137,13.7000,18.817042
MERS,138,13.8000,18.930836
MERS,139,13.9000,18.847108
MERS,140,14.0000,18.659517
MERS,141,14.1000,18.762650
MERS,142,14.2000,18.800891
MERS,143,14.3000,18.768663
MERS,144,14.4000,18.693517
MERS,145,14.5000,18.810277
MERS,146,14.6000,18.780448
MERS,147,14.7000,18.863968
MERS,148,14.8000,18.861162
MERS,149,14.9000,18.877184
MERS,150,15.0000,18.758076
MERS,151,15.1000,18.755929
MERS,152,15.2000,18.622422
MERS,153,15.3000,18.726310
MERS,154,15.4000,18.674420
MERS,155,15.5000,18.788661
MERS,156,15.6000,18.764099
MERS,157,15.7000,18.893529
MERS,158,15.8000,18.762414
MERS,159,15.9000,18.658606
MERS,160,16.0000,18.758887
MERS,161,16.1000,18.798155
MERS,162,16.2000,18.844975
MERS,163,16.3000,18.847349
MERS,164,16.4000,18.766647
MERS,165,16.5000,18.986307
MERS,166,16.6000,18.900977
MERS,167,16.7000,18.940877
MERS,168,16.8000,18.943435
MERS,169,16.9000,18.756333
MERS,170,17.0000,18.779147
MERS,171,17.1000,18.723440
MERS,172,17.2000,18.800655
MERS,173,17.3000,18.970732
MERS,174,17.4000,18.840607
MERS,175,17.5000,18.941014
MERS,176,17.6000,18.933978
MERS,177,17.7000,18.977305
MERS,178,17.8000,18.969340
MERS,179,17.9000,18.945742
MERS,180,18.0000,19.025190
MERS,181,18.1000,19.074375
MERS,182,18.2000,18.910114
MERS,183,18.3000,18.927976
MERS,184,18.4000,18.959375
MERS,185,18.5000,18.987376
MERS,186,18.6000,18.761591
MERS,187,18.7000,18.980566
MERS,188,18.8000,18.887557
MERS,189,18.9000,18.954034
MERS,190,19.0000,18.890708
MERS,191,19.1000,18.996556
MERS,192,19.2000,18.842969
MERS,193,19.3000,18.783485
MERS,194,19.4000,18.873591
MERS,195,19.5000,18.828790
MERS,196,19.6000,18.823610
MERS,197,19.7000,19.018463
MERS,198,19.8000,18.949452
MERS,199,19.9000,18.912641
MERS,200,20.0000,18.947395
MERS,201,20.1000,18.846827
MERS,202,20.2000,18.793724
MERS,203,20.3000,18.775901
MERS,204,20.4000,18.818953
MERS,205,20.5000,18.818813
MERS,206,20.6000,18.886462
MERS,207,20.7000,18.874161
MERS,208,20.8000,18.878472
MERS,209,20.9000,18.876119
MERS,210,21.0000,18.935557
MERS,211,21.1000,18.929769
MERS,212,21.2000,18.930995
MERS,213,21.3000,18.858174
MERS,214,21.4000,18.775176
MERS,215,21.5000,18.673165
MERS,216,21.6000,18.778893
MERS,217,21.7000,19.025438
MERS,218,21.8000,18.769983
MERS,219,21.9000,18.891156
MERS,220,22.0000,18.859995
MERS,221,22.1000,18.927311
MERS,222,22.2000,18.780033
MERS,223,22.3000,18.714202
MERS,224,22.4000,18.887635
MERS,225,22.5000,18.928929
MERS,226,22.6000,18.813743
MERS,227,22.7000,18.820818
MERS,228,22.8000,18.922663
MERS,229,22.9000,18.746507
MERS,230,23.0000,18.645941
MERS,231,23.1000,18.747652
MERS,232,23.2000,18.916190
MERS,233,23.3000,18.773285
MERS,234,23.4000,18.747236
MERS,235,23.5000,18.758485
MERS,236,23.6000,18.828383
MERS,237,23.7000,18.797549
MERS,238,23.8000,18.752361
MERS,239,23.9000,18.708497
MERS,240,24.0000,18.772545
MERS,241,24.1000,18.625773
MERS,242,24.2000,18.662244
MERS,243,24.3000,18.758634
MERS,244,24.4000,18.706413
MERS,245,24.5000,18.755142
MERS,246,24.6000,18.726275
MERS,247,24.7000,18.880642
MERS,248,24.8000,18.793131
MERS,249,24.9000,18.670012
MERS,250,25.0000,18.826920
MERS,251,25.1000,18.851142
MERS,252,25.2000,18.603881
MERS,253,25.3000,18.614657
MERS,254,25.4000,18.751639
MERS,255,25.5000,18.846172
MERS,256,25.6000,18.724296
MERS,257,25.7000,18.882396
MERS,258,25.8000,18.734779
MERS,259,25.9000,18.778892
MERS,260,26.0000,18.772580
MERS,261,26.1000,18.772984
MERS,262,26.2000,18.808550
MERS,263,26.3000,18.765055
MERS,264,26.4000,18.840950
MERS,265,26.5000,18.745849
MERS,266,26.6000,18.760350
MERS,267,26.7000,18.684831
MERS,268,26.8000,18.738722
MERS,269,26.9000,18.667295
MERS,270,27.0000,18.716328
MERS,271,27.1000,18.682834
MERS,272,27.2000,18.850042
MERS,273,27.3000,18.721840
MERS,274,27.4000,18.741174
MERS,275,27.5000,18.817745
MERS,276,27.6000,18.775074
MERS,277,27.7000,18.563548
MERS,278,27.8000,18.724928
MERS,279,27.9000,18.770751
MERS,280,28.0000,18.779199
MERS,281,28.1000,18.722040
MERS,282,28.2000,18.843608
MERS,283,28.3000,18.751647
MERS,284,28.4000,18.698390
MERS,285,28.5000,18.775004
MERS,286,28.6000,18.678316
MERS,287,28.7000,18.597207
MERS,288,28.8000,18.658909
MERS,289,28.9000,18.716989
MERS,290,29.0000,18.649018
MERS,291,29.1000,18.673892
MERS,292,29.2000,18.637700
MERS,293,29.3000,18.681021
MERS,294,29.4000,18.643148
MERS,295,29.5000,18.719384
MERS,296,29.6000,18.790915
MERS,297,29.7000,18.606357
MERS,298,29.8000,18.703683
MERS,299,29.9000,18.606975
MERS,300,30.0000,18.635607
MERS,301,30.1000,18.756544
MERS,302,30.2000,18.758343
MERS,303,30.3000,18.598509
MERS,304,30.4000,18.728496
MERS,305,30.5000,18.798826
MERS,306,30.6000,18.734853
MERS,307,30.7000,18.631242
MERS,308,30.8000,18.691146
MERS,309,30.9000,18.677519
MERS,310,31.0000,18.715168
MERS,311,31.1000,18.696204
MERS,312,31.2000,18.593658
MERS,313,31.3000,18.705187
MERS,314,31.4000,18.663128
MERS,315,31.5000,18.783737
MERS,316,31.6000,18.688678
MERS,317,31.7000,18.572510
MERS,318,31.8000,18.745032
MERS,319,31.9000,18.516512
MERS,320,32.0000,18.626222
MERS,321,32.1000,18.723000
MERS,322,32.2000,18.550996
MERS,323,32.3000,18.576969
MERS,324,32.4000,18.665275
MERS,325,32.5000,18.603424
MERS,326,32.6000,18.598191
MERS,327,32.7000,18.689972
MERS,328,32.8000,18.541797
MERS,329,32.9000,18.666293
MERS,330,33.0000,18.580875
MERS,331,33.1000,18.606739
MERS,332,33.2000,18.600646
MERS,333,33.3000,18.621893
MERS,334,33.4000,18.723704
MERS,335,33.5000,18.690962
MERS,336,33.6000,18.761375
MERS,337,33.7000,18.749766
MERS,338,33.8000,18.601189
MERS,339,33.9000,18.785742
MERS,340,34.0000,18.540682
MERS,341,34.1000,18.590193
MERS,342,34.2000,18.648256
MERS,343,34.3000,18.719604
MERS,344,34.4000,18.662894
MERS,345,34.5000,18.711368
MERS,346,34.6000,18.630532
MERS,347,34.7000,18.735721
MERS,348,34.8000,18.605856
MERS,349,34.9000,18.454541
MERS,350,35.0000,18.483105
MERS,351,35.1000,18.612249
MERS,352,35.2000,18.619215
MERS,353,35.3000,18.638092
MERS,354,35.4000,18.663306
MERS,355,35.5000,18.686473
MERS,356,35.6000,18.721351
MERS,357,35.7000,18.765039
MERS,358,35.8000,18.687240
MERS,359,35.9000,18.676162
MERS,360,36.0000,18.747755
MERS,361,36.1000,18.717451
MERS,362,36.2000,18.718080
MERS,363,36.3000,18.749777
MERS,364,36.4000,18.807312
MERS,365,36.5000,18.624272
MERS,366,36.6000,18.728312
MERS,367,36.7000,18.702872
MERS,368,36.8000,18.694457
MERS,369,36.9000,18.561840
MERS,370,37.0000,18.611704
MERS,371,37.1000,18.778783
MERS,372,37.2000,18.581125
MERS,373,37.3000,18.712337
MERS,374,37.4000,18.814333
MERS,375,37.5000,18.856068
MERS,376,37.6000,18.676179
MERS,377,37.7000,18.654032
MERS,378,37.8000,18.713773
MERS,379,37.9000,18.584499
MERS,380,38.0000,18.722776
MERS,381,38.1000,18.854068
MERS,382,38.2000,18.719536
MERS,383,38.3000,18.657211
MERS,384,38.4000,18.626423
MERS,385,38.5000,18.717812
MERS,386,38.6000,18.666999
MERS,387,38.7000,18.751419
MERS,388,38.8000,18.824938
MERS,389,38.9000,18.970900
MERS,390,39.0000,18.722438
MERS,391,39.1000,18.735311
MERS,392,39.2000,18.800761
MERS,393,39.3000,18.720628
MERS,394,39.4000,18.745778
MERS,395,39.5000,18.760091
MERS,396,39.6000,18.803874
MERS,397,39.7000,18.942609
MERS,398,39.8000,18.847654
MERS,399,39.9000,18.729861
MERS,400,40.0000,18.773002
MERS,401,40.1000,18.759513
MERS,402,40.2000,18.796138
MERS,403,40.3000,18.732838
MERS,404,40.4000,18.690916
MERS,405,40.5000,18.805774
MERS,406,40.6000,18.890698
MERS,407,40.7000,18.727532
MERS,408,40.8000,18.713843
MERS,409,40.9000,18.629857
MERS,410,41.0000,18.654284
MERS,411,41.1000,18.681096
MERS,412,41.2000,18.620335
MERS,413,41.3000,18.718427
MERS,414,41.4000,18.552486
MERS,415,41.5000,18.732328
MERS,416,41.6000,18.739259
MERS,417,41.7000,18.640839
MERS,418,41.8000,18.636795
MERS,419,41.9000,18.718812
MERS,420,42.0000,18.806930
MERS,421,42.1000,18.835267
MERS,422,42.2000,18.660976
MERS,423,42.3000,18.700524
MERS,424,42.4000,18.759232
MERS,425,42.5000,18.862799
MERS,426,42.6000,18.787110
MERS,427,42.7000,18.684335
MERS,428,42.8000,18.740438
MERS,429,42.9000,18.706814
MERS,430,43.0000,18.697519
MERS,431,43.1000,18.822015
MERS,432,43.2000,18.823968
MERS,433,43.3000,18.812678
MERS,434,43.4000,18.820645
MERS,435,43.5000,18.757341
MERS,436,43.6000,18.857858
MERS,437,43.7000,18.729952
MERS,438,43.8000,18.682407
MERS,439,43.9000,18.764057
MERS,440,44.0000,18.775506
MERS,441,44.1000,18.651668
MERS,442,44.2000,18.557340
MERS,443,44.3000,18.742909
MERS,444,44.4000,18.637325
MERS,445,44.5000,18.827107
MERS,446,44.6000,18.694651
MERS,447,44.7000,18.708052
MERS,448,44.8000,18.785389
MERS,449,44.9000,18.733190
MERS,450,45.0000,18.811229
MERS,451,45.1000,18.659174
MERS,452,45.2000,18.595906
MERS,453,45.3000,18.824806
MERS,454,45.4000,18.915159
MERS,455,45.5000,18.691014
MERS,456,45.6000,18.688389
MERS,457,45.7000,18.717000
MERS,458,45.8000,18.703530
MERS,459,45.9000,18.738756
MERS,460,46.0000,18.700509
MERS,461,46.1000,18.669598
MERS,462,46.2000,18.654261
MERS,463,46.3000,18.593893
MERS,464,46.4000,18.669927
MERS,465,46.5000,18.650337
MERS,466,46.6000,18.665118
MERS,467,46.7000,18.730589
MERS,468,46.8000,18.597794
MERS,469,46.9000,18.672448
MERS,470,47.0000,18.671136
MERS,471,47.1000,18.798392
MERS,472,47.2000,18.575815
MERS,473,47.3000,18.483292
MERS,474,47.4000,18.565794
MERS,475,47.5000,18.616774
MERS,476,47.6000,18.533339
MERS,477,47.7000,18.663710
MERS,478,47.8000,18.743001
MERS,479,47.9000,18.713139
MERS,480,48.0000,18.729042
MERS,481,48.1000,18.901973
MERS,482,48.2000,18.691716
MERS,483,48.3000,18.683030
MERS,484,48.4000,18.602267
MERS,485,48.5000,18.828703
MERS,486,48.6000,18.723203
MERS,487,48.7000,18.553388
MERS,488,48.8000,18.712493
MERS,489,48.9000,18.651305
MERS,490,49.0000,18.875831
MERS,491,49.1000,18.684694
MERS,492,49.2000,18.720171
MERS,493,49.3000,18.680882
MERS,494,49.4000,18.721304
MERS,495,49.5000,18.679379
MERS,496,49.6000,18.807382
MERS,497,49.7000,18.767082
MERS,498,49.8000,18.801498
MERS,499,49.9000,18.727046
MERS,500,50.0000,18.824401
MERS,501,50.1000,18.639717
MERS,502,50.2000,18.773537
MERS,503,50.3000,18.757005
MERS,504,50.4000,18.735427
MERS,505,50.5000,18.638840
MERS,506,50.6000,18.745930
MERS,507,50.7000,18.714468
MERS,508,50.8000,18.648378
MERS,509,50.9000,18.689840
MERS,510,51.0000,18.702079
MERS,511,51.1000,18.782258
MERS,512,51.2000,18.645190
MERS,513,51.3000,18.825785
MERS,514,51.4000,18.836212
MERS,515,51.5000,18.653735
MERS,516,51.6000,18.621142
MERS,517,51.7000,18.663047
MERS,518,51.8000,18.778191
MERS,519,51.9000,18.842107
MERS,520,52.0000,18.740159
MERS,521,52.1000,18.805547
MERS,522,52.2000,18.643023
MERS,523,52.3000,18.531630
MERS,524,52.4000,18.813921
MERS,525,52.5000,18.767492
MERS,526,52.6000,18.680709
MERS,527,52.7000,18.652570
MERS,528,52.8000,18.765940
MERS,529,52.9000,18.608649
MERS,530,53.0000,18.669611
MERS,531,53.1000,18.664608
MERS,532,53.2000,18.869153
MERS,533,53.3000,18.704116
MERS,534,53.4000,18.776478
MERS,535,53.5000,18.654136
MERS,536,53.6000,18.886338
MERS,537,53.7000,18.806062
MERS,538,53.8000,18.752242
MERS,539,53.9000,18.767796
MERS,540,54.0000,18.720483
MERS,541,54.1000,18.775152
MERS,542,54.2000,18.696215
MERS,543,54.3000,18.833670
MERS,544,54.4000,18.682961
MERS,545,54.5000,18.783749
MERS,546,54.6000,18.743405
MERS,547,54.7000,18.810169
MERS,548,54.8000,18.867559
MERS,549,54.9000,18.773738
MERS,550,55.0000,18.745829
MERS,551,55.1000,18.766265
MERS,552,55.2000,18.790845
MERS,553,55.3000,18.813107
MERS,554,55.4000,18.684476
MERS,555,55.5000,18.715669
MERS,556,55.6000,18.786389
MERS,557,55.7000,18.737277
MERS,558,55.8000,18.800657
MERS,559,55.9000,18.827842
MERS,560,56.0000,18.868357
MERS,561,56.1000,18.653407
MERS,562,56.2000,18.741747
MERS,563,56.3000,18.741048
MERS,564,56.4000,18.725666
MERS,565,56.5000,18.704068
MERS,566,56.6000,18.606684
MERS,567,56.7000,18.630753
MERS,568,56.8000,18.748341
MERS,569,56.9000,18.714345
MERS,570,57.0000,18.800094
MERS,571,57.1000,18.651872
MERS,572,57.2000,18.637004
MERS,573,57.3000,18.649311
MERS,574,57.4000,18.780582
MERS,575,57.5000,18.812147
MERS,576,57.6000,18.691213
MERS,577,57.7000,18.627956
MERS,578,57.8000,18.692741
MERS,579,57.9000,18.697829
MERS,580,58.0000,18.716579
MERS,581,58.1000,18.643272
MERS,582,58.2000,18.700602
MERS,583,58.3000,18.625376
MERS,584,58.4000,18.779644
MERS,585,58.5000,18.792277
MERS,586,58.6000,18.716014
MERS,587,58.7000,18.680089
MERS,588,58.8000,18.658344
MERS,589,58.9000,18.578136
MERS,590,59.0000,18.678224
MERS,591,59.1000,18.567335
MERS,592,59.2000,18.512100
MERS,593,59.3000,18.637546
MERS,594,59.4000,18.523254
MERS,595,59.5000,18.681561
MERS,596,59.6000,18.690182
MERS,597,59.7000,18.709404
MERS,598,59.8000,18.646174
MERS,599,59.9000,18.598303
MERS,600,60.0000,18.775545
MERS,601,60.1000,18.674666
MERS,602,60.2000,18.790336
MERS,603,60.3000,18.599230
MERS,604,60.4000,18.639369
MERS,605,60.5000,18.642906
MERS,606,60.6000,18.689760
MERS,607,60.7000,18.512316
MERS,608,60.8000,18.659204
MERS,609,60.9000,18.671674
MERS,610,61.0000,18.617923
MERS,611,61.1000,18.657553
MERS,612,61.2000,18.677405
MERS,613,61.3000,18.578150
MERS,614,61.4000,18.654444
MERS,615,61.5000,18.671025
MERS,616,61.6000,18.748314
MERS,617,61.7000,18.672163
MERS,618,61.8000,18.765495
MERS,619,61.9000,18.660388
MERS,620,62.0000,18.622824
MERS,621,62.1000,18.700748
MERS,622,62.2000,18.573194
MERS,623,62.3000,18.671391
MERS,624,62.4000,18.587221
MERS,625,62.5000,18.576528
MERS,626,62.6000,18.608093
MERS,627,62.7000,18.941789
MERS,628,62.8000,18.629779
MERS,629,62.9000,18.854394
MERS,630,63.0000,18.837388
MERS,631,63.1000,18.565343
MERS,632,63.2000,18.634671
MERS,633,63.3000,18.628105
MERS,634,63.4000,18.715974
MERS,635,63.5000,18.546525
MERS,636,63.6000,18.745390
MERS,637,63.7000,18.761628
MERS,638,63.8000,18.704264
MERS,639,63.9000,18.735078
MERS,640,64.0000,18.802996
MERS,641,64.1000,18.670856
MERS,642,64.2000,18.717365
MERS,643,64.3000,18.610074
MERS,644,64.4000,18.569830
MERS,645,64.5000,18.653958
MERS,646,64.6000,18.675629
MERS,647,64.7000,18.604710
MERS,648,64.8000,18.583474
MERS,649,64.9000,18.688122
MERS,650,65.0000,18.651902
MERS,651,65.1000,18.706609
MERS,652,65.2000,18.597688
MERS,653,65.3000,18.701371
MERS,654,65.4000,18.708827
MERS,655,65.5000,18.666580
MERS,656,65.6000,18.794536
MERS,657,65.7000,18.772502
MERS,658,65.8000,18.684669
MERS,659,65.9000,18.713512
MERS,660,66.0000,18.716308
MERS,661,66.1000,18.639484
MERS,662,66.2000,18.848511
MERS,663,66.3000,18.682807
MERS,664,66.4000,18.640849
MERS,665,66.5000,18.807578
MERS,666,66.6000,18.787723
MERS,667,66.7000,18.680353
MERS,668,66.8000,18.683793
MERS,669,66.9000,18.808917
MERS,670,67.0000,18.755377
MERS,671,67.1000,18.539877
MERS,672,67.2000,18.666614
MERS,673,67.3000,18.772528
MERS,674,67.4000,18.740410
MERS,675,67.5000,18.677400
MERS,676,67.6000,18.808522
MERS,677,67.7000,18.665758
MERS,678,67.8000,18.722088
MERS,679,67.9000,18.721521
MERS,680,68.0000,18.717196
MERS,681,68.1000,18.735288
MERS,682,68.2000,18.750761
MERS,683,68.3000,18.720227
MERS,684,68.4000,18.607318
MERS,685,68.5000,18.734469
MERS,686,68.6000,18.621587
MERS,687,68.7000,18.750513
MERS,688,68.8000,18.597076
MERS,689,68.9000,18.609451
MERS,690,69.0000,18.759409
MERS,691,69.1000,18.729289
MERS,692,69.2000,18.620646
MERS,693,69.3000,18.657481
MERS,694,69.4000,18.616507
MERS,695,69.5000,18.497052
MERS,696,69.6000,18.669532
MERS,697,69.7000,18.734201
MERS,698,69.8000,18.690007
MERS,699,69.9000,18.614840
MERS,700,70.0000,18.666981
MERS,701,70.1000,18.818913
MERS,702,70.2000,18.715412
MERS,703,70.3000,18.720332
MERS,704,70.4000,18.714028
MERS,705,70.5000,18.667474
MERS,706,70.6000,18.790399
MERS,707,70.7000,18.726485
MERS,708,70.8000,18.764778
MERS,709,70.9000,18.725186
MERS,710,71.0000,18.735469
MERS,711,71.1000,18.743304
MERS,712,71.2000,18.547323
MERS,713,71.3000,18.738155
MERS,714,71.4000,18.692645
MERS,715,71.5000,18.720737
MERS,716,71.6000,18.770660
MERS,717,71.7000,18.645503
MERS,718,71.8000,18.712784
MERS,719,71.9000,18.694789
MERS,720,72.0000,18.747617
MERS,721,72.1000,18.669698
MERS,722,72.2000,18.648000
MERS,723,72.3000,18.667383
MERS,724,72.4000,18.763448
MERS,725,72.5000,18.652294
MERS,726,72.6000,18.710798
MERS,727,72.7000,18.719118
MERS,728,72.8000,18.596821
MERS,729,72.9000,18.573906
MERS,730,73.0000,18.596305
MERS,731,73.1000,18.739412
MERS,732,73.2000,18.573089
MERS,733,73.3000,18.725169
MERS,734,73.4000,18.751949
MERS,735,73.5000,18.706241
MERS,736,73.6000,18.679709
MERS,737,73.7000,18.702419
MERS,738,73.8000,18.770595
MERS,739,73.9000,18.770140
MERS,740,74.0000,18.504724
MERS,741,74.1000,18.623754
MERS,742,74.2000,18.687477
MERS,743,74.3000,18.723337
MERS,744,74.4000,18.631490
MERS,745,74.5000,18.827538
MERS,746,74.6000,18.889333
MERS,747,74.7000,18.830808
MERS,748,74.8000,18.818761
MERS,749,74.9000,18.833924
MERS,750,75.0000,18.754601
MERS,751,75.1000,19.038449
MERS,752,75.2000,18.843356
MERS,753,75.3000,18.787855
MERS,754,75.4000,18.668053
MERS,755,75.5000,18.762897
MERS,756,75.6000,18.595234
MERS,757,75.7000,18.711982
MERS,758,75.8000,18.763289
MERS,759,75.9000,18.622090
MERS,760,76.0000,18.594860
MERS,761,76.1000,18.697467
MERS,762,76.2000,18.591082
MERS,763,76.3000,18.731774
MERS,764,76.4000,18.684364
MERS,765,76.5000,18.632376
MERS,766,76.6000,18.620401
MERS,767,76.7000,18.742355
MERS,768,76.8000,18.676870
MERS,769,76.9000,18.602225
MERS,770,77.0000,18.592684
MERS,771,77.1000,18.701011
MERS,772,77.2000,18.500844
MERS,773,77.3000,18.602030
MERS,774,77.4000,18.513499
MERS,775,77.5000,18.394637
MERS,776,77.6000,18.612293
MERS,777,77.7000,18.615077
MERS,778,77.8000,18.587569
MERS,779,77.9000,18.780030
MERS,780,78.0000,18.755809
MERS,781,78.1000,18.839508
MERS,782,78.2000,18.658784
MERS,783,78.3000,18.861755
MERS,784,78.4000,18.672075
MERS,785,78.5000,18.755281
MERS,786,78.6000,18.698177
MERS,787,78.7000,18.779255
MERS,788,78.8000,18.713321
MERS,789,78.9000,18.777408
MERS,790,79.0000,18.648909
MERS,791,79.1000,18.668876
MERS,792,79.2000,18.693594
MERS,793,79.3000,18.662025
MERS,794,79.4000,18.637338
MERS,795,79.5000,18.633785
MERS,796,79.6000,18.818770
MERS,797,79.7000,18.736894
MERS,798,79.8000,18.547445
MERS,799,79.9000,18.838342
MERS,800,80.0000,18.734081
MERS,801,80.1000,18.654926
MERS,802,80.2000,18.748290
MERS,803,80.3000,18.785693
MERS,804,80.4000,18.686619
MERS,805,80.5000,18.616868
MERS,806,80.6000,18.560450
MERS,807,80.7000,18.639202
MERS,808,80.8000,18.647322
MERS,809,80.9000,18.724050
MERS,810,81.0000,18.588033
MERS,811,81.1000,18.468914
MERS,812,81.2000,18.645694
MERS,813,81.3000,18.625660
MERS,814,81.4000,18.677033
MERS,815,81.5000,18.786848
MERS,816,81.6000,18.729025
MERS,817,81.7000,18.686441
MERS,818,81.8000,18.626173
MERS,819,81.9000,18.627055
MERS,820,82.0000,18.714462
MERS,821,82.1000,18.608167
MERS,822,82.2000,18.785034
MERS,823,82.3000,18.753035
MERS,824,82.4000,18.606188
MERS,825,82.5000,18.587766
MERS,826,82.6000,18.524255
MERS,827,82.7000,18.592577
MERS,828,82.8000,18.639516
MERS,829,82.9000,18.574457
MERS,830,83.0000,18.502854
MERS,831,83.1000,18.589937
MERS,832,83.2000,18.547878
MERS,833,83.3000,18.599019
MERS,834,83.4000,18.668940
MERS,835,83.5000,18.616063
MERS,836,83.6000,18.508664
MERS,837,83.7000,18.679532
MERS,838,83.8000,18.766329
MERS,839,83.9000,18.643424
MERS,840,84.0000,18.709957
MERS,841,84.1000,18.816415
MERS,842,84.2000,18.608880
MERS,843,84.3000,18.561345
MERS,844,84.4000,18.739414
MERS,845,84.5000,18.650461
MERS,846,84.6000,18.860580
MERS,847,84.7000,18.606740
MERS,848,84.8000,18.771159
MERS,849,84.9000,18.773969
MERS,850,85.0000,18.633699
MERS,851,85.1000,18.700411
MERS,852,85.2000,18.646630
MERS,853,85.3000,18.685845
MERS,854,85.4000,18.595533
MERS,855,85.5000,18.690281
MERS,856,85.6000,18.582751
MERS,857,85.7000,18.595775
MERS,858,85.8000,18.716688
MERS,859,85.9000,18.759515
MERS,860,86.0000,18.659975
MERS,861,86.1000,18.684013
MERS,862,86.2000,18.689422
MERS,863,86.3000,18.689393
MERS,864,86.4000,18.622559
MERS,865,86.5000,18.616613
MERS,866,86.6000,18.797648
MERS,867,86.7000,18.730815
MERS,868,86.8000,18.658513
MERS,869,86.9000,18.697116
MERS,870,87.0000,18.786371
MERS,871,87.1000,18.677652
MERS,872,87.2000,18.697347
MERS,873,87.3000,18.632771
MERS,874,87.4000,18.662788
MERS,875,87.5000,18.632162
MERS,876,87.6000,18.614183
MERS,877,87.7000,18.647404
MERS,878,87.8000,18.612240
MERS,879,87.9000,18.574912
MERS,880,88.0000,18.645858
MERS,881,88.1000,18.702149
MERS,882,88.2000,18.809326
MERS,883,88.3000,18.673382
MERS,884,88.4000,18.700375
MERS,885,88.5000,18.753528
MERS,886,88.6000,18.664498
MERS,887,88.7000,18.701875
MERS,888,88.8000,18.654132
MERS,889,88.9000,18.716418
MERS,890,89.0000,18.727822
MERS,891,89.1000,18.631074
MERS,892,89.2000,18.710945
MERS,893,89.3000,18.686144
MERS,894,89.4000,18.649287
MERS,895,89.5000,18.729854
MERS,896,89.6000,18.777537
MERS,897,89.7000,18.825222
MERS,898,89.8000,18.688868
MERS,899,89.9000,18.632765
MERS,900,90.0000,18.654798
MERS,901,90.1000,18.562181
MERS,902,90.2000,18.629518
MERS,903,90.3000,18.682511
MERS,904,90.4000,18.741412
MERS,905,90.5000,18.561140
MERS,906,90.6000,18.776934
MERS,907,90.7000,18.712853
MERS,908,90.8000,18.769467
MERS,909,90.9000,18.650027
MERS,910,91.0000,18.790703
MERS,911,91.1000,18.811429
MERS,912,91.2000,18.744287
MERS,913,91.3000,18.617951
MERS,914,91.4000,18.610055
MERS,915,91.5000,18.767834
MERS,916,91.6000,18.752265
MERS,917,91.7000,18.689898
MERS,918,91.8000,18.505003
MERS,919,91.9000,18.635003
MERS,920,92.0000,18.539649
MERS,921,92.1000,18.639342
MERS,922,92.2000,18.579229
MERS,923,92.3000,18.731045
MERS,924,92.4000,18.697361
MERS,925,92.5000,18.533518
MERS,926,92.6000,18.561991
MERS,927,92.7000,18.511319
MERS,928,92.8000,18.628922
MERS,929,92.9000,18.703895
MERS,930,93.0000,18.547322
MERS,931,93.1000,18.447049
MERS,932,93.2000,18.665472
MERS,933,93.3000,18.768586
MERS,934,93.4000,18.820743
MERS,935,93.5000,18.712532
MERS,936,93.6000,18.603655
MERS,937,93.7000,18.701548
MERS,938,93.8000,18.666840
MERS,939,93.9000,18.787860
MERS,940,94.0000,18.814026
MERS,941,94.1000,18.464361
MERS,942,94.2000,18.851923
MERS,943,94.3000,18.711482
MERS,944,94.4000,18.635424
MERS,945,94.5000,18.776767
MERS,946,94.6000,18.831837
MERS,947,94.7000,18.699218
MERS,948,94.8000,18.857607
MERS,949,94.9000,18.740331
MERS,950,95.0000,18.824896
MERS,951,95.1000,18.766037
MERS,952,95.2000,18.703700
MERS,953,95.3000,18.719605
MERS,954,95.4000,18.859926
MERS,955,95.5000,18.694755
MERS,956,95.6000,18.702927
MERS,957,95.7000,18.576623
MERS,958,95.8000,18.634528
MERS,959,95.9000,18.630273
MERS,960,96.0000,18.632311
MERS,961,96.1000,18.702110
MERS,962,96.2000,18.741691
MERS,963,96.3000,18.780931
MERS,964,96.4000,18.685925
MERS,965,96.5000,18.701432
MERS,966,96.6000,18.694327
MERS,967,96.7000,18.787603
MERS,968,96.8000,18.709833
MERS,969,96.9000,18.849724
MERS,970,97.0000,18.688546
MERS,971,97.1000,18.678675
MERS,972,97.2000,18.699799
MERS,973,97.3000,18.554401
MERS,974,97.4000,18.722157
MERS,975,97.5000,18.516598
MERS,976,97.6000,18.693190
MERS,977,97.7000,18.810563
MERS,978,97.8000,18.611909
MERS,979,97.9000,18.634461
MERS,980,98.0000,18.545397
MERS,981,98.1000,18.634373
MERS,982,98.2000,18.674093
MERS,983,98.3000,18.764533
MERS,984,98.4000,18.695521
MERS,985,98.5000,18.667172
MERS,986,98.6000,18.808314
MERS,987,98.7000,18.682320
MERS,988,98.8000,18.811984
MERS,989,98.9000,18.777049
MERS,990,99.0000,18.825173
MERS,991,99.1000,18.773596
MERS,992,99.2000,18.777895
MERS,993,99.3000,18.672455
MERS,994,99.4000,18.663136
MERS,995,99.5000,18.576172
MERS,996,99.6000,18.601234
MERS,997,99.7000,18.606955
MERS,998,99.8000,18.567664
MERS,999,99.9000,18.640612
MERS,1000,100.0000,18.419761
SARS1,0,0.0000,17.395822
SARS1,1,0.1000,17.365283
SARS1,2,0.2000,17.372840
SARS1,3,0.3000,17.361065
SARS1,4,0.4000,17.365551
SARS1,5,0.5000,17.424239
SARS1,6,0.6000,17.515374
SARS1,7,0.7000,17.546139
SARS1,8,0.8000,17.544305
SARS1,9,0.9000,17.550254
SARS1,10,1.0000,17.514755
SARS1,11,1.1000,17.492043
SARS1,12,1.2000,17.464884
SARS1,13,1.3000,17.446017
SARS1,14,1.4000,17.445566
SARS1,15,1.5000,17.326969
SARS1,16,1.6000,17.380078
SARS1,17,1.7000,17.362196
SARS1,18,1.8000,17.289729
SARS1,19,1.9000,17.249341
SARS1,20,2.0000,17.303888
SARS1,21,2.1000,17.378991
SARS1,22,2.2000,17.281448
SARS1,23,2.3000,17.145772
SARS1,24,2.4000,17.197671
SARS1,25,2.5000,17.318777
SARS1,26,2.6000,17.253849
SARS1,27,2.7000,17.343176
SARS1,28,2.8000,17.279784
SARS1,29,2.9000,17.323389
SARS1,30,3.0000,17.275619
SARS1,31,3.1000,17.302465
SARS1,32,3.2000,17.310029
SARS1,33,3.3000,17.206336
SARS1,34,3.4000,17.358624
SARS1,35,3.5000,17.294639
SARS1,36,3.6000,17.258344
SARS1,37,3.7000,17.256779
SARS1,38,3.8000,17.228653
SARS1,39,3.9000,17.180422
SARS1,40,4.0000,17.237910
SARS1,41,4.1000,17.147314
SARS1,42,4.2000,17.322880
SARS1,43,4.3000,17.263324
SARS1,44,4.4000,17.246656
SARS1,45,4.5000,17.287724
SARS1,46,4.6000,17.191076
SARS1,47,4.7000,17.226892
SARS1,48,4.8000,17.161474
SARS1,49,4.9000,17.205799
SARS1,50,5.0000,17.310373
SARS1,51,5.1000,17.165895
SARS1,52,5.2000,17.149999
SARS1,53,5.3000,17.364643
SARS1,54,5.4000,17.388868
SARS1,55,5.5000,17.341673
SARS1,56,5.6000,17.286782
SARS1,57,5.7000,17.351308
SARS1,58,5.8000,17.240426
SARS1,59,5.9000,17.274914
SARS1,60,6.0000,17.318054
SARS1,61,6.1000,17.316048
SARS1,62,6.2000,17.239644
SARS1,63,6.3000,17.267722
SARS1,64,6.4000,17.333687
SARS1,65,6.5000,17.216436
SARS1,66,6.6000,17.166671
SARS1,67,6.7000,17.254304
SARS1,68,6.8000,17.135788
SARS1,69,6.9000,17.264790
SARS1,70,7.0000,17.246342
SARS1,71,7.1000,17.165253
SARS1,72,7.2000,17.133841
SARS1,73,7.3000,17.099301
SARS1,74,7.4000,17.349942
SARS1,75,7.5000,17.170471
SARS1,76,7.6000,17.151101
SARS1,77,7.7000,17.052201
SARS1,78,7.8000,17.088268
SARS1,79,7.9000,17.110806
SARS1,80,8.0000,17.138631
SARS1,81,8.1000,17.133972
SARS1,82,8.2000,17.010563
SARS1,83,8.3000,17.135492
SARS1,84,8.4000,16.978216
SARS1,85,8.5000,17.104216
SARS1,86,8.6000,17.112946
SARS1,87,8.7000,17.103097
SARS1,88,8.8000,17.151374
SARS1,89,8.9000,16.994398
SARS1,90,9.0000,16.989365
SARS1,91,9.1000,17.100777
SARS1,92,9.2000,17.080611
SARS1,93,9.3000,16.940995
SARS1,94,9.4000,16.991494
SARS1,95,9.5000,16.972751
SARS1,96,9.6000,17.161722
SARS1,97,9.7000,17.068229
SARS1,98,9.8000,16.974268
SARS1,99,9.9000,16.984549
SARS1,100,10.0000,17.116558
SARS1,101,10.1000,17.099729
SARS1,102,10.2000,17.015978
SARS1,103,10.3000,17.164172
SARS1,104,10.4000,17.042370
SARS1,105,10.5000,17.042065
SARS1,106,10.6000,17.132567
SARS1,107,10.7000,16.988727
SARS1,108,10.8000,17.074729
SARS1,109,10.9000,17.154390
SARS1,110,11.0000,17.037259
SARS1,111,11.1000,17.115047
SARS1,112,11.2000,17.009183
SARS1,113,11.3000,17.168011
SARS1,114,11.4000,17.095885
SARS1,115,11.5000,17.137549
SARS1,116,11.6000,17.130187
SARS1,117,11.7000,17.107065
SARS1,118,11.8000,17.165714
SARS1,119,11.9000,17.079269
SARS1,120,12.0000,16.993517
SARS1,121,12.1000,16.982948
SARS1,122,12.2000,17.021984
SARS1,123,12.3000,17.066469
SARS1,124,12.4000,17.165494
SARS1,125,12.5000,17.113973
SARS1,126,12.6000,17.202847
SARS1,127,12.7000,17.282416
SARS1,128,12.8000,17.141391
SARS1,129,12.9000,17.180154
SARS1,130,13.0000,17.042006
SARS1,131,13.1000,17.060291
SARS1,132,13.2000,17.197682
SARS1,133,13.3000,17.093473
SARS1,134,13.4000,16.961849
SARS1,135,13.5000,16.910053
SARS1,136,13.6000,16.999306
SARS1,137,13.7000,17.043785
SARS1,138,13.8000,16.926965
SARS1,139,13.9000,17.083883
SARS1,140,14.0000,17.024216
SARS1,141,14.1000,16.900485
SARS1,142,14.2000,17.064648
SARS1,143,14.3000,16.954796
SARS1,144,14.4000,16.949036
SARS1,145,14.5000,17.115452
SARS1,146,14.6000,17.066015
SARS1,147,14.7000,17.012304
SARS1,148,14.8000,16.990133
SARS1,149,14.9000,17.061107
SARS1,150,15.0000,16.946166
SARS1,151,15.1000,16.986254
SARS1,152,15.2000,17.053688
SARS1,153,15.3000,17.016367
SARS1,154,15.4000,16.942799
SARS1,155,15.5000,17.002482
SARS1,156,15.6000,16.882287
SARS1,157,15.7000,16.933033
SARS1,158,15.8000,16.964061
SARS1,159,15.9000,16.964126
SARS1,160,16.0000,16.911563
SARS1,161,16.1000,17.033237
SARS1,162,16.2000,17.060580
SARS1,163,16.3000,16.878550
SARS1,164,16.4000,17.057297
SARS1,165,16.5000,16.974670
SARS1,166,16.6000,17.053990
SARS1,167,16.7000,17.018922
SARS1,168,16.8000,17.010830
SARS1,169,16.9000,16.995989
SARS1,170,17.0000,17.027531
SARS1,171,17.1000,17.038954
SARS1,172,17.2000,16.981349
SARS1,173,17.3000,16.999657
SARS1,174,17.4000,16.893248
SARS1,175,17.5000,16.770350
SARS1,176,17.6000,16.833237
SARS1,177,17.7000,16.832287
SARS1,178,17.8000,16.781954
SARS1,179,17.9000,16.798691
SARS1,180,18.0000,16.908360
SARS1,181,18.1000,17.031392
SARS1,182,18.2000,16.827487
SARS1,183,18.3000,16.877929
SARS1,184,18.4000,16.827516
SARS1,185,18.5000,16.905269
SARS1,186,18.6000,16.821410
SARS1,187,18.7000,16.835275
SARS1,188,18.8000,16.866464
SARS1,189,18.9000,16.937241
SARS1,190,19.0000,16.825908
SARS1,191,19.1000,16.977765
SARS1,192,19.2000,16.776401
SARS1,193,19.3000,16.908759
SARS1,194,19.4000,17.075487
SARS1,195,19.5000,17.020959
SARS1,196,19.6000,17.116526
SARS1,197,19.7000,17.100232
SARS1,198,19.8000,16.916340
SARS1,199,19.9000,17.093000
SARS1,200,20.0000,17.098009
SARS1,201,20.1000,16.982480
SARS1,202,20.2000,17.076529
SARS1,203,20.3000,16.985140
SARS1,204,20.4000,16.986600
SARS1,205,20.5000,16.873003
SARS1,206,20.6000,16.887030
SARS1,207,20.7000,17.040771
SARS1,208,20.8000,17.115373
SARS1,209,20.9000,17.064936
SARS1,210,21.0000,17.110115
SARS1,211,21.1000,17.132013
SARS1,212,21.2000,16.927918
SARS1,213,21.3000,17.236177
SARS1,214,21.4000,16.999044
SARS1,215,21.5000,17.065366
SARS1,216,21.6000,17.103411
SARS1,217,21.7000,16.941650
SARS1,218,21.8000,17.136475
SARS1,219,21.9000,17.220328
SARS1,220,22.0000,17.191241
SARS1,221,22.1000,17.143961
SARS1,222,22.2000,17.163558
SARS1,223,22.3000,17.189525
SARS1,224,22.4000,17.335412
SARS1,225,22.5000,17.120476
SARS1,226,22.6000,17.282714
SARS1,227,22.7000,17.066584
SARS1,228,22.8000,17.076103
SARS1,229,22.9000,17.173821
SARS1,230,23.0000,17.135942
SARS1,231,23.1000,17.290553
SARS1,232,23.2000,17.168341
SARS1,233,23.3000,17.269156
SARS1,234,23.4000,17.173087
SARS1,235,23.5000,16.996729
SARS1,236,23.6000,16.975773
SARS1,237,23.7000,16.950621
SARS1,238,23.8000,17.193769
SARS1,239,23.9000,16.958284
SARS1,240,24.0000,17.087245
SARS1,241,24.1000,17.056529
SARS1,242,24.2000,17.095842
SARS1,243,24.3000,16.989283
SARS1,244,24.4000,17.001761
SARS1,245,24.5000,17.120875
SARS1,246,24.6000,17.091936
SARS1,247,24.7000,17.014178
SARS1,248,24.8000,16.778491
SARS1,249,24.9000,16.774618
SARS1,250,25.0000,16.866448
SARS1,251,25.1000,16.852801
SARS1,252,25.2000,16.852775
SARS1,253,25.3000,16.970558
SARS1,254,25.4000,16.951875
SARS1,255,25.5000,17.010291
SARS1,256,25.6000,16.845938
SARS1,257,25.7000,16.879641
SARS1,258,25.8000,16.982248
SARS1,259,25.9000,16.970069
SARS1,260,26.0000,16.945916
SARS1,261,26.1000,16.946989
SARS1,262,26.2000,16.951700
SARS1,263,26.3000,16.938496
SARS1,264,26.4000,16.898342
SARS1,265,26.5000,16.897018
SARS1,266,26.6000,16.939666
SARS1,267,26.7000,16.917714
SARS1,268,26.8000,16.966654
SARS1,269,26.9000,16.926023
SARS1,270,27.0000,16.931934
SARS1,271,27.1000,16.997342
SARS1,272,27.2000,16.993984
SARS1,273,27.3000,17.005223
SARS1,274,27.4000,17.062718
SARS1,275,27.5000,16.917013
SARS1,276,27.6000,16.910570
SARS1,277,27.7000,16.871351
SARS1,278,27.8000,16.783985
SARS1,279,27.9000,16.885010
SARS1,280,28.0000,16.890760
SARS1,281,28.1000,16.896576
SARS1,282,28.2000,16.970877
SARS1,283,28.3000,16.771131
SARS1,284,28.4000,16.958651
SARS1,285,28.5000,16.869014
SARS1,286,28.6000,16.915907
SARS1,287,28.7000,16.988663
SARS1,288,28.8000,17.120222
SARS1,289,28.9000,16.917073
SARS1,290,29.0000,16.842758
SARS1,291,29.1000,16.934225
SARS1,292,29.2000,16.927363
SARS1,293,29.3000,16.879616
SARS1,294,29.4000,16.951822
SARS1,295,29.5000,16.781552
SARS1,296,29.6000,16.699626
SARS1,297,29.7000,16.816450
SARS1,298,29.8000,17.015637
SARS1,299,29.9000,16.953335
SARS1,300,30.0000,16.959151
SARS1,301,30.1000,16.934534
SARS1,302,30.2000,17.038466
SARS1,303,30.3000,16.924871
SARS1,304,30.4000,16.834974
SARS1,305,30.5000,16.978501
SARS1,306,30.6000,16.924217
SARS1,307,30.7000,17.083057
SARS1,308,30.8000,17.017863
SARS1,309,30.9000,16.951847
SARS1,310,31.0000,16.943038
SARS1,311,31.1000,16.987276
SARS1,312,31.2000,16.910056
SARS1,313,31.3000,16.878526
SARS1,314,31.4000,16.852893
SARS1,315,31.5000,16.838858
SARS1,316,31.6000,16.892808
SARS1,317,31.7000,16.923551
SARS1,318,31.8000,16.924093
SARS1,319,31.9000,16.906230
SARS1,320,32.0000,16.931274
SARS1,321,32.1000,16.987932
SARS1,322,32.2000,16.921542
SARS1,323,32.3000,16.871833
SARS1,324,32.4000,16.931862
SARS1,325,32.5000,16.907723
SARS1,326,32.6000,16.965049
SARS1,327,32.7000,16.926872
SARS1,328,32.8000,16.854816
SARS1,329,32.9000,17.041295
SARS1,330,33.0000,16.969742
SARS1,331,33.1000,16.906406
SARS1,332,33.2000,16.939797
SARS1,333,33.3000,16.906625
SARS1,334,33.4000,16.869784
SARS1,335,33.5000,17.008557
SARS1,336,33.6000,16.977016
SARS1,337,33.7000,16.869254
SARS1,338,33.8000,17.017272
SARS1,339,33.9000,16.984350
SARS1,340,34.0000,17.171000
SARS1,341,34.1000,17.073669
SARS1,342,34.2000,17.017919
SARS1,343,34.3000,17.158025
SARS1,344,34.4000,17.145127
SARS1,345,34.5000,17.100212
SARS1,346,34.6000,17.278584
SARS1,347,34.7000,16.902031
SARS1,348,34.8000,16.977666
SARS1,349,34.9000,17.063004
SARS1,350,35.0000,17.227816
SARS1,351,35.1000,17.014961
SARS1,352,35.2000,17.215626
SARS1,353,35.3000,17.084046
SARS1,354,35.4000,17.110686
SARS1,355,35.5000,17.021282
SARS1,356,35.6000,17.065321
SARS1,357,35.7000,17.109847
SARS1,358,35.8000,17.002567
SARS1,359,35.9000,17.035056
SARS1,360,36.0000,16.983681
SARS1,361,36.1000,16.928190
SARS1,362,36.2000,17.018878
SARS1,363,36.3000,16.815526
SARS1,364,36.4000,16.843140
SARS1,365,36.5000,16.880985
SARS1,366,36.6000,16.779891
SARS1,367,36.7000,16.858734
SARS1,368,36.8000,16.808318
SARS1,369,36.9000,16.743503
SARS1,370,37.0000,16.865098
SARS1,371,37.1000,17.079102
SARS1,372,37.2000,16.999362
SARS1,373,37.3000,16.948025
SARS1,374,37.4000,17.088402
SARS1,375,37.5000,16.942597
SARS1,376,37.6000,16.986388
SARS1,377,37.7000,17.042913
SARS1,378,37.8000,17.076722
SARS1,379,37.9000,17.123430
SARS1,380,38.0000,16.872191
SARS1,381,38.1000,16.980186
SARS1,382,38.2000,16.921629
SARS1,383,38.3000,16.884791
SARS1,384,38.4000,16.913710
SARS1,385,38.5000,16.998820
SARS1,386,38.6000,16.903815
SARS1,387,38.7000,16.829117
SARS1,388,38.8000,16.790017
SARS1,389,38.9000,16.912930
SARS1,390,39.0000,16.915747
SARS1,391,39.1000,17.235838
SARS1,392,39.2000,17.074468
SARS1,393,39.3000,16.839887
SARS1,394,39.4000,17.022784
SARS1,395,39.5000,17.140731
SARS1,396,39.6000,17.093636
SARS1,397,39.7000,17.161411
SARS1,398,39.8000,17.210689
SARS1,399,39.9000,17.339714
SARS1,400,40.0000,17.211255
SARS1,401,40.1000,17.130468
SARS1,402,40.2000,17.092144
SARS1,403,40.3000,17.042791
SARS1,404,40.4000,17.136182
SARS1,405,40.5000,16.907373
SARS1,406,40.6000,16.908852
SARS1,407,40.7000,16.934592
SARS1,408,40.8000,16.889530
SARS1,409,40.9000,16.979434
SARS1,410,41.0000,16.837152
SARS1,411,41.1000,16.799823
SARS1,412,41.2000,16.781456
SARS1,413,41.3000,16.900629
SARS1,414,41.4000,16.860604
SARS1,415,41.5000,16.944989
SARS1,416,41.6000,16.860841
SARS1,417,41.7000,16.803385
SARS1,418,41.8000,16.937575
SARS1,419,41.9000,16.869954
SARS1,420,42.0000,16.940903
SARS1,421,42.1000,17.128052
SARS1,422,42.2000,17.104327
SARS1,423,42.3000,16.946689
SARS1,424,42.4000,17.016563
SARS1,425,42.5000,17.055374
SARS1,426,42.6000,17.107056
SARS1,427,42.7000,17.081387
SARS1,428,42.8000,16.951275
SARS1,429,42.9000,17.029190
SARS1,430,43.0000,17.129946
SARS1,431,43.1000,17.277484
SARS1,432,43.2000,17.198027
SARS1,433,43.3000,17.093671
SARS1,434,43.4000,16.910959
SARS1,435,43.5000,17.038559
SARS1,436,43.6000,16.978294
SARS1,437,43.7000,16.930241
SARS1,438,43.8000,16.842216
SARS1,439,43.9000,17.012408
SARS1,440,44.0000,16.863730
SARS1,441,44.1000,16.903602
SARS1,442,44.2000,16.871570
SARS1,443,44.3000,16.944500
SARS1,444,44.4000,16.680299
SARS1,445,44.5000,16.777266
SARS1,446,44.6000,16.906533
SARS1,447,44.7000,16.922833
SARS1,448,44.8000,16.916931
SARS1,449,44.9000,16.910457
SARS1,450,45.0000,16.952418
SARS1,451,45.1000,17.135317
SARS1,452,45.2000,16.929887
SARS1,453,45.3000,16.987568
SARS1,454,45.4000,16.933043
SARS1,455,45.5000,17.042009
SARS1,456,45.6000,17.076832
SARS1,457,45.7000,16.989593
SARS1,458,45.8000,17.162517
SARS1,459,45.9000,17.202310
SARS1,460,46.0000,17.087818
SARS1,461,46.1000,16.936806
SARS1,462,46.2000,16.911141
SARS1,463,46.3000,16.971613
SARS1,464,46.4000,16.961749
SARS1,465,46.5000,16.970379
SARS1,466,46.6000,17.081747
SARS1,467,46.7000,17.097800
SARS1,468,46.8000,16.969464
SARS1,469,46.9000,17.053136
SARS1,470,47.0000,17.102822
SARS1,471,47.1000,16.995528
SARS1,472,47.2000,16.981176
SARS1,473,47.3000,16.961508
SARS1,474,47.4000,16.916470
SARS1,475,47.5000,16.938124
SARS1,476,47.6000,17.011286
SARS1,477,47.7000,16.955567
SARS1,478,47.8000,16.902641
SARS1,479,47.9000,16.897198
SARS1,480,48.0000,16.925195
SARS1,481,48.1000,16.972911
SARS1,482,48.2000,16.991208
SARS1,483,48.3000,16.986850
SARS1,484,48.4000,16.948254
SARS1,485,48.5000,16.998457
SARS1,486,48.6000,17.000932
SARS1,487,48.7000,16.856287
SARS1,488,48.8000,16.854178
SARS1,489,48.9000,16.854857
SARS1,490,49.0000,16.909162
SARS1,491,49.1000,17.032024
SARS1,492,49.2000,16.926998
SARS1,493,49.3000,16.821830
SARS1,494,49.4000,16.964394
SARS1,495,49.5000,16.867721
SARS1,496,49.6000,16.948180
SARS1,497,49.7000,16.949092
SARS1,498,49.8000,17.040682
SARS1,499,49.9000,16.972958
SARS1,500,50.0000,16.994225
SARS1,501,50.1000,16.977954
SARS1,502,50.2000,17.080287
SARS1,503,50.3000,17.045307
SARS1,504,50.4000,17.038383
SARS1,505,50.5000,17.001393
SARS1,506,50.6000,16.992097
SARS1,507,50.7000,16.998344
SARS1,508,50.8000,16.887405
SARS1,509,50.9000,17.027357
SARS1,510,51.0000,16.933828
SARS1,511,51.1000,17.024863
SARS1,512,51.2000,17.040672
SARS1,513,51.3000,17.093956
SARS1,514,51.4000,17.098859
SARS1,515,51.5000,17.027946
SARS1,516,51.6000,17.022049
SARS1,517,51.7000,16.938957
SARS1,518,51.8000,17.044921
SARS1,519,51.9000,17.003851
SARS1,520,52.0000,17.146809
SARS1,521,52.1000,16.909358
SARS1,522,52.2000,16.886978
SARS1,523,52.3000,16.988825
SARS1,524,52.4000,17.100381
SARS1,525,52.5000,16.968449
SARS1,526,52.6000,16.986892
SARS1,527,52.7000,17.017219
SARS1,528,52.8000,16.951366
SARS1,529,52.9000,17.029778
SARS1,530,53.0000,16.946286
SARS1,531,53.1000,16.954575
SARS1,532,53.2000,16.996574
SARS1,533,53.3000,16.948000
SARS1,534,53.4000,17.073393
SARS1,535,53.5000,17.053905
SARS1,536,53.6000,17.030461
SARS1,537,53.7000,17.048707
SARS1,538,53.8000,17.023979
SARS1,539,53.9000,17.049462
SARS1,540,54.0000,17.071281
SARS1,541,54.1000,16.964543
SARS1,542,54.2000,17.017935
SARS1,543,54.3000,16.897861
SARS1,544,54.4000,16.851568
SARS1,545,54.5000,16.931443
SARS1,546,54.6000,16.969246
SARS1,547,54.7000,17.056073
SARS1,548,54.8000,16.977551
SARS1,549,54.9000,16.933249
SARS1,550,55.0000,17.003453
SARS1,551,55.1000,17.094869
SARS1,552,55.2000,17.121654
SARS1,553,55.3000,17.053014
SARS1,554,55.4000,17.084529
SARS1,555,55.5000,17.055453
SARS1,556,55.6000,17.024373
SARS1,557,55.7000,17.048589
SARS1,558,55.8000,17.054829
SARS1,559,55.9000,17.085814
SARS1,560,56.0000,17.006371
SARS1,561,56.1000,17.074682
SARS1,562,56.2000,17.233588
SARS1,563,56.3000,17.206731
SARS1,564,56.4000,17.158850
SARS1,565,56.5000,17.030911
SARS1,566,56.6000,16.973197
SARS1,567,56.7000,16.888324
SARS1,568,56.8000,17.098246
SARS1,569,56.9000,17.114431
SARS1,570,57.0000,17.115265
SARS1,571,57.1000,17.093654
SARS1,572,57.2000,16.911157
SARS1,573,57.3000,17.061101
SARS1,574,57.4000,16.992093
SARS1,575,57.5000,17.113784
SARS1,576,57.6000,17.032991
SARS1,577,57.7000,17.051757
SARS1,578,57.8000,17.012300
SARS1,579,57.9000,16.970131
SARS1,580,58.0000,16.947513
SARS1,581,58.1000,17.035383
SARS1,582,58.2000,17.020048
SARS1,583,58.3000,17.000162
SARS1,584,58.4000,16.972949
SARS1,585,58.5000,17.168777
SARS1,586,58.6000,17.005307
SARS1,587,58.7000,17.110961
SARS1,588,58.8000,17.096801
SARS1,589,58.9000,17.120722
SARS1,590,59.0000,17.068628
SARS1,591,59.1000,17.122342
SARS1,592,59.2000,17.032242
SARS1,593,59.3000,17.206301
SARS1,594,59.4000,17.244613
SARS1,595,59.5000,17.188310
SARS1,596,59.6000,17.133753
SARS1,597,59.7000,17.111633
SARS1,598,59.8000,17.010837
SARS1,599,59.9000,17.070619
SARS1,600,60.0000,17.174858
SARS1,601,60.1000,17.211763
SARS1,602,60.2000,17.053177
SARS1,603,60.3000,17.079096
SARS1,604,60.4000,17.105007
SARS1,605,60.5000,17.185545
SARS1,606,60.6000,17.086990
SARS1,607,60.7000,17.115775
SARS1,608,60.8000,17.033802
SARS1,609,60.9000,17.130879
SARS1,610,61.0000,17.098837
SARS1,611,61.1000,17.048699
SARS1,612,61.2000,17.156698
SARS1,613,61.3000,17.154730
SARS1,614,61.4000,16.956726
SARS1,615,61.5000,16.979751
SARS1,616,61.6000,16.979461
SARS1,617,61.7000,17.064127
SARS1,618,61.8000,16.990646
SARS1,619,61.9000,17.079397
SARS1,620,62.0000,17.056423
SARS1,621,62.1000,16.999174
SARS1,622,62.2000,16.848923
SARS1,623,62.3000,17.000079
SARS1,624,62.4000,17.025399
SARS1,625,62.5000,17.228642
SARS1,626,62.6000,17.232055
SARS1,627,62.7000,17.082222
SARS1,628,62.8000,17.036342
SARS1,629,62.9000,17.060106
SARS1,630,63.0000,17.085324
SARS1,631,63.1000,16.929174
SARS1,632,63.2000,17.003188
SARS1,633,63.3000,16.907596
SARS1,634,63.4000,17.067120
SARS1,635,63.5000,16.990297
SARS1,636,63.6000,16.892298
SARS1,637,63.7000,16.933544
SARS1,638,63.8000,17.024159
SARS1,639,63.9000,17.007766
SARS1,640,64.0000,16.938702
SARS1,641,64.1000,16.980095
SARS1,642,64.2000,17.082759
SARS1,643,64.3000,16.946902
SARS1,644,64.4000,16.933851
SARS1,645,64.5000,16.982750
SARS1,646,64.6000,17.056471
SARS1,647,64.7000,17.040911
SARS1,648,64.8000,17.015738
SARS1,649,64.9000,17.015141
SARS1,650,65.0000,17.002974
SARS1,651,65.1000,16.866323
SARS1,652,65.2000,16.884940
SARS1,653,65.3000,16.847020
SARS1,654,65.4000,16.980413
SARS1,655,65.5000,16.975344
SARS1,656,65.6000,16.859113
SARS1,657,65.7000,16.874558
SARS1,658,65.8000,16.894098
SARS1,659,65.9000,16.843922
SARS1,660,66.0000,17.002715
SARS1,661,66.1000,16.985709
SARS1,662,66.2000,16.951924
SARS1,663,66.3000,17.022774
SARS1,664,66.4000,17.005862
SARS1,665,66.5000,16.982443
SARS1,666,66.6000,17.003148
SARS1,667,66.7000,16.949842
SARS1,668,66.8000,17.000344
SARS1,669,66.9000,16.982069
SARS1,670,67.0000,17.069924
SARS1,671,67.1000,17.106106
SARS1,672,67.2000,16.946065
SARS1,673,67.3000,16.931766
SARS1,674,67.4000,16.963121
SARS1,675,67.5000,17.020769
SARS1,676,67.6000,17.009269
SARS1,677,67.7000,17.008145
SARS1,678,67.8000,16.878113
SARS1,679,67.9000,16.998805
SARS1,680,68.0000,16.965231
SARS1,681,68.1000,16.800274
SARS1,682,68.2000,16.777383
SARS1,683,68.3000,16.894399
SARS1,684,68.4000,16.883474
SARS1,685,68.5000,16.888492
SARS1,686,68.6000,16.836686
SARS1,687,68.7000,16.901775
SARS1,688,68.8000,16.879769
SARS1,689,68.9000,17.038961
SARS1,690,69.0000,17.012957
SARS1,691,69.1000,16.969238
SARS1,692,69.2000,17.084945
SARS1,693,69.3000,17.202483
SARS1,694,69.4000,16.931423
SARS1,695,69.5000,17.024809
SARS1,696,69.6000,17.070208
SARS1,697,69.7000,17.056312
SARS1,698,69.8000,17.035468
SARS1,699,69.9000,17.100001
SARS1,700,70.0000,17.023110
SARS1,701,70.1000,17.057309
SARS1,702,70.2000,16.920852
SARS1,703,70.3000,16.783518
SARS1,704,70.4000,16.922484
SARS1,705,70.5000,16.813502
SARS1,706,70.6000,16.869699
SARS1,707,70.7000,16.898781
SARS1,708,70.8000,16.808563
SARS1,709,70.9000,16.858172
SARS1,710,71.0000,16.785736
SARS1,711,71.1000,16.860952
SARS1,712,71.2000,16.898782
SARS1,713,71.3000,16.945296
SARS1,714,71.4000,17.068889
SARS1,715,71.5000,16.907289
SARS1,716,71.6000,16.885984
SARS1,717,71.7000,16.915491
SARS1,718,71.8000,16.899052
SARS1,719,71.9000,16.841615
SARS1,720,72.0000,16.856433
SARS1,721,72.1000,16.815034
SARS1,722,72.2000,16.843656
SARS1,723,72.3000,16.877700
SARS1,724,72.4000,16.865202
SARS1,725,72.5000,16.827328
SARS1,726,72.6000,16.903024
SARS1,727,72.7000,16.880542
SARS1,728,72.8000,16.883472
SARS1,729,72.9000,16.832548
SARS1,730,73.0000,16.803191
SARS1,731,73.1000,16.784092
SARS1,732,73.2000,16.910281
SARS1,733,73.3000,16.880694
SARS1,734,73.4000,16.844498
SARS1,735,73.5000,16.817409
SARS1,736,73.6000,16.798771
SARS1,737,73.7000,16.684984
SARS1,738,73.8000,16.676781
SARS1,739,73.9000,16.617000
SARS1,740,74.0000,16.757769
SARS1,741,74.1000,16.678962
SARS1,742,74.2000,16.851389
SARS1,743,74.3000,16.789974
SARS1,744,74.4000,16.637562
SARS1,745,74.5000,16.769893
SARS1,746,74.6000,16.887177
SARS1,747,74.7000,16.775732
SARS1,748,74.8000,16.792025
SARS1,749,74.9000,16.833703
SARS1,750,75.0000,16.907517
SARS1,751,75.1000,16.786845
SARS1,752,75.2000,16.791661
SARS1,753,75.3000,16.819546
SARS1,754,75.4000,16.871795
SARS1,755,75.5000,16.839429
SARS1,756,75.6000,16.828545
SARS1,757,75.7000,16.948811
SARS1,758,75.8000,16.894787
SARS1,759,75.9000,16.957378
SARS1,760,76.0000,16.995891
SARS1,761,76.1000,16.933443
SARS1,762,76.2000,16.900247
SARS1,763,76.3000,16.881363
SARS1,764,76.4000,16.961061
SARS1,765,76.5000,16.856607
SARS1,766,76.6000,16.869048
SARS1,767,76.7000,17.015086
SARS1,768,76.8000,16.886293
SARS1,769,76.9000,16.879402
SARS1,770,77.0000,16.840734
SARS1,771,77.1000,16.841850
SARS1,772,77.2000,16.933494
SARS1,773,77.3000,16.911979
SARS1,774,77.4000,16.777487
SARS1,775,77.5000,17.000366
SARS1,776,77.6000,16.846512
SARS1,777,77.7000,17.008212
SARS1,778,77.8000,16.897005
SARS1,779,77.9000,16.870329
SARS1,780,78.0000,16.932827
SARS1,781,78.1000,16.836792
SARS1,782,78.2000,16.959516
SARS1,783,78.3000,16.968892
SARS1,784,78.4000,16.886385
SARS1,785,78.5000,16.816889
SARS1,786,78.6000,16.932624
SARS1,787,78.7000,16.933323
SARS1,788,78.8000,16.897083
SARS1,789,78.9000,16.822560
SARS1,790,79.0000,16.834741
SARS1,791,79.1000,16.802315
SARS1,792,79.2000,16.978760
SARS1,793,79.3000,16.884756
SARS1,794,79.4000,16.926616
SARS1,795,79.5000,16.903429
SARS1,796,79.6000,16.815572
SARS1,797,79.7000,16.927274
SARS1,798,79.8000,16.972882
SARS1,799,79.9000,16.822940
SARS1,800,80.0000,16.856863
SARS1,801,80.1000,16.761856
SARS1,802,80.2000,16.903862
SARS1,803,80.3000,16.822344
SARS1,804,80.4000,16.772773
SARS1,805,80.5000,16.831470
SARS1,806,80.6000,16.761325
SARS1,807,80.7000,16.880355
SARS1,808,80.8000,16.901816
SARS1,809,80.9000,16.881664
SARS1,810,81.0000,16.844087
SARS1,811,81.1000,16.711229
SARS1,812,81.2000,16.765323
SARS1,813,81.3000,16.775474
SARS1,814,81.4000,16.722481
SARS1,815,81.5000,16.860046
SARS1,816,81.6000,16.833215
SARS1,817,81.7000,16.762042
SARS1,818,81.8000,16.782329
SARS1,819,81.9000,16.842078
SARS1,820,82.0000,16.774784
SARS1,821,82.1000,16.875774
SARS1,822,82.2000,16.716730
SARS1,823,82.3000,16.672963
SARS1,824,82.4000,16.878747
SARS1,825,82.5000,16.904474
SARS1,826,82.6000,16.952526
SARS1,827,82.7000,16.880374
SARS1,828,82.8000,16.984145
SARS1,829,82.9000,16.771303
SARS1,830,83.0000,16.838243
SARS1,831,83.1000,16.771712
SARS1,832,83.2000,16.854628
SARS1,833,83.3000,16.805740
SARS1,834,83.4000,16.883836
SARS1,835,83.5000,16.890594
SARS1,836,83.6000,16.964263
SARS1,837,83.7000,16.876110
SARS1,838,83.8000,17.030779
SARS1,839,83.9000,16.847212
SARS1,840,84.0000,16.762154
SARS1,841,84.1000,16.821047
SARS1,842,84.2000,16.773768
SARS1,843,84.3000,16.882164
SARS1,844,84.4000,16.814028
SARS1,845,84.5000,16.685477
SARS1,846,84.6000,16.849918
SARS1,847,84.7000,16.886989
SARS1,848,84.8000,16.785734
SARS1,849,84.9000,16.741677
SARS1,850,85.0000,16.749925
SARS1,851,85.1000,16.897989
SARS1,852,85.2000,16.861404
SARS1,853,85.3000,16.978861
SARS1,854,85.4000,16.913692
SARS1,855,85.5000,16.921205
SARS1,856,85.6000,16.967553
SARS1,857,85.7000,16.782967
SARS1,858,85.8000,16.879933
SARS1,859,85.9000,16.825868
SARS1,860,86.0000,16.740196
SARS1,861,86.1000,16.902232
SARS1,862,86.2000,16.823030
SARS1,863,86.3000,16.992987
SARS1,864,86.4000,16.853341
SARS1,865,86.5000,16.890135
SARS1,866,86.6000,16.894137
SARS1,867,86.7000,16.858523
SARS1,868,86.8000,16.942348
SARS1,869,86.9000,16.873251
SARS1,870,87.0000,16.917122
SARS1,871,87.1000,16.853650
SARS1,872,87.2000,16.904783
SARS1,873,87.3000,16.881770
SARS1,874,87.4000,16.885201
SARS1,875,87.5000,16.860048
SARS1,876,87.6000,16.813584
SARS1,877,87.7000,16.815476
SARS1,878,87.8000,16.810269
SARS1,879,87.9000,16.836235
SARS1,880,88.0000,16.761544
SARS1,881,88.1000,16.882714
SARS1,882,88.2000,16.999526
SARS1,883,88.3000,16.834638
SARS1,884,88.4000,16.781860
SARS1,885,88.5000,16.871271
SARS1,886,88.6000,16.801278
SARS1,887,88.7000,16.903157
SARS1,888,88.8000,16.946655
SARS1,889,88.9000,16.862451
SARS1,890,89.0000,16.772016
SARS1,891,89.1000,16.961620
SARS1,892,89.2000,16.906873
SARS1,893,89.3000,16.873591
SARS1,894,89.4000,16.893584
SARS1,895,89.5000,16.958013
SARS1,896,89.6000,16.812763
SARS1,897,89.7000,16.762502
SARS1,898,89.8000,16.873184
SARS1,899,89.9000,16.892605
SARS1,900,90.0000,16.787414
SARS1,901,90.1000,16.921754
SARS1,902,90.2000,16.888240
SARS1,903,90.3000,16.974201
SARS1,904,90.4000,16.934141
SARS1,905,90.5000,16.912987
SARS1,906,90.6000,17.053719
SARS1,907,90.7000,16.966668
SARS1,908,90.8000,16.928940
SARS1,909,90.9000,16.926261
SARS1,910,91.0000,16.934221
SARS1,911,91.1000,16.813264
SARS1,912,91.2000,16.848119
SARS1,913,91.3000,16.943391
SARS1,914,91.4000,16.935954
SARS1,915,91.5000,16.817062
SARS1,916,91.6000,16.936327
SARS1,917,91.7000,16.920098
SARS1,918,91.8000,16.840509
SARS1,919,91.9000,16.890694
SARS1,920,92.0000,16.834403
SARS1,921,92.1000,16.756654
SARS1,922,92.2000,16.731352
SARS1,923,92.3000,16.869881
SARS1,924,92.4000,16.865302
SARS1,925,92.5000,16.771426
SARS1,926,92.6000,16.873867
SARS1,927,92.7000,16.832767
SARS1,928,92.8000,16.879338
SARS1,929,92.9000,16.944104
SARS1,930,93.0000,16.843515
SARS1,931,93.1000,16.966048
SARS1,932,93.2000,16.836588
SARS1,933,93.3000,17.015337
SARS1,934,93.4000,16.848962
SARS1,935,93.5000,16.894476
SARS1,936,93.6000,16.925649
SARS1,937,93.7000,16.852470
SARS1,938,93.8000,17.014502
SARS1,939,93.9000,16.938484
SARS1,940,94.0000,16.838343
SARS1,941,94.1000,16.887749
SARS1,942,94.2000,16.909923
SARS1,943,94.3000,16.798163
SARS1,944,94.4000,16.832832
SARS1,945,94.5000,16.929971
SARS1,946,94.6000,16.917809
SARS1,947,94.7000,16.951732
SARS1,948,94.8000,17.001231
SARS1,949,94.9000,16.958371
SARS1,950,95.0000,16.878790
SARS1,951,95.1000,17.081430
SARS1,952,95.2000,16.978374
SARS1,953,95.3000,17.011706
SARS1,954,95.4000,17.001989
SARS1,955,95.5000,16.921116
SARS1,956,95.6000,16.926419
SARS1,957,95.7000,16.978677
SARS1,958,95.8000,17.014382
SARS1,959,95.9000,16.960726
SARS1,960,96.0000,16.914076
SARS1,961,96.1000,16.914028
SARS1,962,96.2000,16.832522
SARS1,963,96.3000,16.944410
SARS1,964,96.4000,16.922191
SARS1,965,96.5000,16.990645
SARS1,966,96.6000,16.966176
SARS1,967,96.7000,16.998159
SARS1,968,96.8000,17.087207
SARS1,969,96.9000,17.074506
SARS1,970,97.0000,17.041070
SARS1,971,97.1000,17.028263
SARS1,972,97.2000,17.010835
SARS1,973,97.3000,17.030882
SARS1,974,97.4000,16.890096
SARS1,975,97.5000,16.913824
SARS1,976,97.6000,16.916866
SARS1,977,97.7000,16.915956
SARS1,978,97.8000,16.979035
SARS1,979,97.9000,16.971722
SARS1,980,98.0000,16.837556
SARS1,981,98.1000,16.935834
SARS1,982,98.2000,17.038523
SARS1,983,98.3000,17.037327
SARS1,984,98.4000,17.046366
SARS1,985,98.5000,16.988874
SARS1,986,98.6000,17.044394
SARS1,987,98.7000,16.937988
SARS1,988,98.8000,17.057006
SARS1,989,98.9000,16.967250
SARS1,990,99.0000,16.986253
SARS1,991,99.1000,16.939920
SARS1,992,99.2000,16.962673
SARS1,993,99.3000,16.941031
SARS1,994,99.4000,17.015850
SARS1,995,99.5000,16.961716
SARS1,996,99.6000,16.851738
SARS1,997,99.7000,16.891319
SARS1,998,99.8000,16.872173
SARS1,999,99.9000,16.868753
SARS1,1000,100.0000,16.944226
NL63,0,0.0000,15.022986
NL63,1,0.1000,15.180756
NL63,2,0.2000,15.274477
NL63,3,0.3000,15.393416
NL63,4,0.4000,15.320384
NL63,5,0.5000,15.448445
NL63,6,0.6000,15.224636
NL63,7,0.7000,15.420930
NL63,8,0.8000,15.166006
NL63,9,0.9000,15.206737
NL63,10,1.0000,15.264484
NL63,11,1.1000,15.385631
NL63,12,1.2000,15.264053
NL63,13,1.3000,15.266388
NL63,14,1.4000,15.313407
NL63,15,1.5000,15.291896
NL63,16,1.6000,15.267267
NL63,17,1.7000,15.451866
NL63,18,1.8000,15.135904
NL63,19,1.9000,15.122002
NL63,20,2.0000,15.197728
NL63,21,2.1000,15.171602
NL63,22,2.2000,15.196451
NL63,23,2.3000,15.255504
NL63,24,2.4000,15.261274
NL63,25,2.5000,15.220896
NL63,26,2.6000,15.107422
NL63,27,2.7000,15.163101
NL63,28,2.8000,15.285864
NL63,29,2.9000,15.387869
NL63,30,3.0000,15.139518
NL63,31,3.1000,15.249569
NL63,32,3.2000,15.131428
NL63,33,3.3000,15.191132
NL63,34,3.4000,15.305415
NL63,35,3.5000,15.296612
NL63,36,3.6000,15.412656
NL63,37,3.7000,15.244921
NL63,38,3.8000,15.270879
NL63,39,3.9000,15.216569
NL63,40,4.0000,15.386753
NL63,41,4.1000,15.294634
NL63,42,4.2000,15.276420
NL63,43,4.3000,15.370088
NL63,44,4.4000,15.333894
NL63,45,4.5000,15.210221
NL63,46,4.6000,15.167988
NL63,47,4.7000,15.247484
NL63,48,4.8000,15.387567
NL63,49,4.9000,15.334472
NL63,50,5.0000,15.194022
NL63,51,5.1000,15.354086
NL63,52,5.2000,15.120823
NL63,53,5.3000,15.182089
NL63,54,5.4000,15.318796
NL63,55,5.5000,15.277845
NL63,56,5.6000,15.246180
NL63,57,5.7000,15.292268
NL63,58,5.8000,15.317841
NL63,59,5.9000,15.424223
NL63,60,6.0000,15.332008
NL63,61,6.1000,15.375646
NL63,62,6.2000,15.395910
NL63,63,6.3000,15.585046
NL63,64,6.4000,15.312606
NL63,65,6.5000,15.382552
NL63,66,6.6000,15.302300
NL63,67,6.7000,15.226593
NL63,68,6.8000,15.179778
NL63,69,6.9000,15.322023
NL63,70,7.0000,15.355306
NL63,71,7.1000,15.290208
NL63,72,7.2000,15.309185
NL63,73,7.3000,15.255758
NL63,74,7.4000,15.211095
NL63,75,7.5000,15.228429
NL63,76,7.6000,15.186864
NL63,77,7.7000,15.069524
NL63,78,7.8000,15.037551
NL63,79,7.9000,15.227310
NL63,80,8.0000,15.284366
NL63,81,8.1000,15.155609
NL63,82,8.2000,15.306816
NL63,83,8.3000,15.147276
NL63,84,8.4000,15.201059
NL63,85,8.5000,15.091097
NL63,86,8.6000,15.219414
NL63,87,8.7000,15.086050
NL63,88,8.8000,15.164910
NL63,89,8.9000,15.170624
NL63,90,9.0000,15.215208
NL63,91,9.1000,15.261399
NL63,92,9.2000,15.211006
NL63,93,9.3000,15.307879
NL63,94,9.4000,15.324986
NL63,95,9.5000,15.362792
NL63,96,9.6000,15.357425
NL63,97,9.7000,15.193640
NL63,98,9.8000,15.304541
NL63,99,9.9000,15.369772
NL63,100,10.0000,15.218022
NL63,101,10.1000,15.460053
NL63,102,10.2000,15.211798
NL63,103,10.3000,15.379344
NL63,104,10.4000,15.204485
NL63,105,10.5000,15.166962
NL63,106,10.6000,15.586421
NL63,107,10.7000,15.410028
NL63,108,10.8000,15.466047
NL63,109,10.9000,15.309469
NL63,110,11.0000,15.242109
NL63,111,11.1000,15.356146
NL63,112,11.2000,15.376951
NL63,113,11.3000,15.251788
NL63,114,11.4000,15.434067
NL63,115,11.5000,15.421749
NL63,116,11.6000,15.602162
NL63,117,11.7000,15.544555
NL63,118,11.8000,15.506679
NL63,119,11.9000,15.528235
NL63,120,12.0000,15.424779
NL63,121,12.1000,15.350510
NL63,122,12.2000,15.433422
NL63,123,12.3000,15.470705
NL63,124,12.4000,15.524424
NL63,125,12.5000,15.428129
NL63,126,12.6000,15.409109
NL63,127,12.7000,15.395178
NL63,128,12.8000,15.407124
NL63,129,12.9000,15.510116
NL63,130,13.0000,15.472860
NL63,131,13.1000,15.349446
NL63,132,13.2000,15.492555
NL63,133,13.3000,15.426955
NL63,134,13.4000,15.341589
NL63,135,13.5000,15.387116
NL63,136,13.6000,15.163411
NL63,137,13.7000,15.196956
NL63,138,13.8000,15.283362
NL63,139,13.9000,15.321190
NL63,140,14.0000,15.258632
NL63,141,14.1000,15.249768
NL63,142,14.2000,15.418967
NL63,143,14.3000,15.272292
NL63,144,14.4000,15.419789
NL63,145,14.5000,15.358687
NL63,146,14.6000,15.377834
NL63,147,14.7000,15.369591
NL63,148,14.8000,15.384732
NL63,149,14.9000,15.345022
NL63,150,15.0000,15.376726
NL63,151,15.1000,15.373390
NL63,152,15.2000,15.296334
NL63,153,15.3000,15.467236
NL63,154,15.4000,15.376410
NL63,155,15.5000,15.271338
NL63,156,15.6000,15.424645
NL63,157,15.7000,15.359814
NL63,158,15.8000,15.336683
NL63,159,15.9000,15.299510
NL63,160,16.0000,15.325011
NL63,161,16.1000,15.167033
NL63,162,16.2000,15.264449
NL63,163,16.3000,15.216834
NL63,164,16.4000,15.307980
NL63,165,16.5000,15.331442
NL63,166,16.6000,15.271437
NL63,167,16.7000,15.289709
NL63,168,16.8000,15.245890
NL63,169,16.9000,15.306329
NL63,170,17.0000,15.268906
NL63,171,17.1000,15.361712
NL63,172,17.2000,15.270830
NL63,173,17.3000,15.291830
NL63,174,17.4000,15.216475
NL63,175,17.5000,15.140190
NL63,176,17.6000,15.182848
NL63,177,17.7000,15.140825
NL63,178,17.8000,15.146648
NL63,179,17.9000,15.165055
NL63,180,18.0000,15.355691
NL63,181,18.1000,15.264867
NL63,182,18.2000,15.245265
NL63,183,18.3000,15.309746
NL63,184,18.4000,15.313328
NL63,185,18.5000,15.225372
NL63,186,18.6000,15.337452
NL63,187,18.7000,15.237217
NL63,188,18.8000,15.272787
NL63,189,18.9000,15.204628
NL63,190,19.0000,15.284738
NL63,191,19.1000,15.352013
NL63,192,19.2000,15.348063
NL63,193,19.3000,15.205282
NL63,194,19.4000,15.252906
NL63,195,19.5000,15.257324
NL63,196,19.6000,15.237086
NL63,197,19.7000,15.386402
NL63,198,19.8000,15.193081
NL63,199,19.9000,15.321852
NL63,200,20.0000,15.235957
NL63,201,20.1000,15.309201
NL63,202,20.2000,15.235026
NL63,203,20.3000,15.353348
NL63,204,20.4000,15.383849
NL63,205,20.5000,15.165931
NL63,206,20.6000,15.212444
NL63,207,20.7000,15.279644
NL63,208,20.8000,15.386800
NL63,209,20.9000,15.284982
NL63,210,21.0000,15.268792
NL63,211,21.1000,15.171508
NL63,212,21.2000,15.300050
NL63,213,21.3000,15.469612
NL63,214,21.4000,15.435129
NL63,215,21.5000,15.540787
NL63,216,21.6000,15.452705
NL63,217,21.7000,15.353979
NL63,218,21.8000,15.390190
NL63,219,21.9000,15.261995
NL63,220,22.0000,15.542031
NL63,221,22.1000,15.542679
NL63,222,22.2000,15.605566
NL63,223,22.3000,15.363621
NL63,224,22.4000,15.441819
NL63,225,22.5000,15.550453
NL63,226,22.6000,15.456736
NL63,227,22.7000,15.252183
NL63,228,22.8000,15.288843
NL63,229,22.9000,15.284693
NL63,230,23.0000,15.313414
NL63,231,23.1000,15.386120
NL63,232,23.2000,15.301290
NL63,233,23.3000,15.416346
NL63,234,23.4000,15.480470
NL63,235,23.5000,15.415279
NL63,236,23.6000,15.457319
NL63,237,23.7000,15.456022
NL63,238,23.8000,15.463637
NL63,239,23.9000,15.516577
NL63,240,24.0000,15.311200
NL63,241,24.1000,15.505586
NL63,242,24.2000,15.461799
NL63,243,24.3000,15.369499
NL63,244,24.4000,15.426795
NL63,245,24.5000,15.468739
NL63,246,24.6000,15.371253
NL63,247,24.7000,15.384041
NL63,248,24.8000,15.539754
NL63,249,24.9000,15.420084
NL63,250,25.0000,15.399017
NL63,251,25.1000,15.541440
NL63,252,25.2000,15.643200
NL63,253,25.3000,15.285620
NL63,254,25.4000,15.401937
NL63,255,25.5000,15.336110
NL63,256,25.6000,15.228038
NL63,257,25.7000,15.696551
NL63,258,25.8000,15.686238
NL63,259,25.9000,15.539216
NL63,260,26.0000,15.554903
NL63,261,26.1000,15.434745
NL63,262,26.2000,15.459764
NL63,263,26.3000,15.640409
NL63,264,26.4000,15.531578
NL63,265,26.5000,15.433528
NL63,266,26.6000,15.515065
NL63,267,26.7000,15.474748
NL63,268,26.8000,15.494151
NL63,269,26.9000,15.418942
NL63,270,27.0000,15.546191
NL63,271,27.1000,15.540600
NL63,272,27.2000,15.462081
NL63,273,27.3000,15.331674
NL63,274,27.4000,15.323551
NL63,275,27.5000,15.492131
NL63,276,27.6000,15.266378
NL63,277,27.7000,15.298899
NL63,278,27.8000,15.311628
NL63,279,27.9000,15.407077
NL63,280,28.0000,15.343875
NL63,281,28.1000,15.256159
NL63,282,28.2000,15.432832
NL63,283,28.3000,15.290388
NL63,284,28.4000,15.400989
NL63,285,28.5000,15.431383
NL63,286,28.6000,15.509469
NL63,287,28.7000,15.654819
NL63,288,28.8000,15.459625
NL63,289,28.9000,15.554102
NL63,290,29.0000,15.525259
NL63,291,29.1000,15.514544
NL63,292,29.2000,15.538539
NL63,293,29.3000,15.408307
NL63,294,29.4000,15.452009
NL63,295,29.5000,15.334601
NL63,296,29.6000,15.370645
NL63,297,29.7000,15.275060
NL63,298,29.8000,15.359129
NL63,299,29.9000,15.096707
NL63,300,30.0000,15.108198
NL63,301,30.1000,15.191501
NL63,302,30.2000,15.368057
NL63,303,30.3000,15.565182
NL63,304,30.4000,15.467061
NL63,305,30.5000,15.475983
NL63,306,30.6000,15.287584
NL63,307,30.7000,15.688612
NL63,308,30.8000,15.421907
NL63,309,30.9000,15.600325
NL63,310,31.0000,15.542367
NL63,311,31.1000,15.616027
NL63,312,31.2000,15.492594
NL63,313,31.3000,15.562017
NL63,314,31.4000,15.332179
NL63,315,31.5000,15.238660
NL63,316,31.6000,15.339484
NL63,317,31.7000,15.474890
NL63,318,31.8000,15.430843
NL63,319,31.9000,15.337776
NL63,320,32.0000,15.414900
NL63,321,32.1000,15.325272
NL63,322,32.2000,15.278652
NL63,323,32.3000,15.400455
NL63,324,32.4000,15.363523
NL63,325,32.5000,15.402886
NL63,326,32.6000,15.470960
NL63,327,32.7000,15.497458
NL63,328,32.8000,15.502174
NL63,329,32.9000,15.429515
NL63,330,33.0000,15.411627
NL63,331,33.1000,15.433934
NL63,332,33.2000,15.320854
NL63,333,33.3000,15.218027
NL63,334,33.4000,15.086110
NL63,335,33.5000,15.468285
NL63,336,33.6000,15.480817
NL63,337,33.7000,15.645779
NL63,338,33.8000,15.619635
NL63,339,33.9000,15.373364
NL63,340,34.0000,15.283958
NL63,341,34.1000,15.630824
NL63,342,34.2000,15.452486
NL63,343,34.3000,15.617778
NL63,344,34.4000,15.413828
NL63,345,34.5000,15.719003
NL63,346,34.6000,15.522571
NL63,347,34.7000,15.648485
NL63,348,34.8000,15.522891
NL63,349,34.9000,15.499623
NL63,350,35.0000,15.439412
NL63,351,35.1000,15.629542
NL63,352,35.2000,15.448253
NL63,353,35.3000,15.468760
NL63,354,35.4000,15.401351
NL63,355,35.5000,15.388535
NL63,356,35.6000,15.562036
NL63,357,35.7000,15.423408
NL63,358,35.8000,15.393085
NL63,359,35.9000,15.302830
NL63,360,36.0000,15.521028
NL63,361,36.1000,15.282248
NL63,362,36.2000,15.308857
NL63,363,36.3000,15.317364
NL63,364,36.4000,15.326867
NL63,365,36.5000,15.278916
NL63,366,36.6000,15.182493
NL63,367,36.7000,15.323813
NL63,368,36.8000,15.399774
NL63,369,36.9000,15.364316
NL63,370,37.0000,15.206978
NL63,371,37.1000,15.176828
NL63,372,37.2000,15.223209
NL63,373,37.3000,15.345308
NL63,374,37.4000,15.264049
NL63,375,37.5000,15.462972
NL63,376,37.6000,15.453313
NL63,377,37.7000,15.592474
NL63,378,37.8000,15.461251
NL63,379,37.9000,15.440986
NL63,380,38.0000,15.517786
NL63,381,38.1000,15.418537
NL63,382,38.2000,15.336413
NL63,383,38.3000,15.498885
NL63,384,38.4000,15.348715
NL63,385,38.5000,15.501479
NL63,386,38.6000,15.379731
NL63,387,38.7000,15.317386
NL63,388,38.8000,15.318754
NL63,389,38.9000,15.380882
NL63,390,39.0000,15.478358
NL63,391,39.1000,15.333128
NL63,392,39.2000,15.470853
NL63,393,39.3000,15.503746
NL63,394,39.4000,15.381345
NL63,395,39.5000,15.416840
NL63,396,39.6000,15.440690
NL63,397,39.7000,15.488523
NL63,398,39.8000,15.473897
NL63,399,39.9000,15.399105
NL63,400,40.0000,15.480433
NL63,401,40.1000,15.445544
NL63,402,40.2000,15.428120
NL63,403,40.3000,15.497931
NL63,404,40.4000,15.322813
NL63,405,40.5000,15.349747
NL63,406,40.6000,15.448633
NL63,407,40.7000,15.391621
NL63,408,40.8000,15.489869
NL63,409,40.9000,15.285226
NL63,410,41.0000,15.378422
NL63,411,41.1000,15.306163
NL63,412,41.2000,15.362437
NL63,413,41.3000,15.355795
NL63,414,41.4000,15.261835
NL63,415,41.5000,15.294949
NL63,416,41.6000,15.171692
NL63,417,41.7000,15.230690
NL63,418,41.8000,15.386477
NL63,419,41.9000,15.287544
NL63,420,42.0000,15.444211
NL63,421,42.1000,15.259796
NL63,422,42.2000,15.350953
NL63,423,42.3000,15.335737
NL63,424,42.4000,15.319557
NL63,425,42.5000,15.336441
NL63,426,42.6000,15.485878
NL63,427,42.7000,15.455994
NL63,428,42.8000,15.401332
NL63,429,42.9000,15.343329
NL63,430,43.0000,15.472995
NL63,431,43.1000,15.488387
NL63,432,43.2000,15.359450
NL63,433,43.3000,15.441126
NL63,434,43.4000,15.428500
NL63,435,43.5000,15.436271
NL63,436,43.6000,15.441922
NL63,437,43.7000,15.345955
NL63,438,43.8000,15.646358
NL63,439,43.9000,15.367473
NL63,440,44.0000,15.525550
NL63,441,44.1000,15.537496
NL63,442,44.2000,15.357859
NL63,443,44.3000,15.397708
NL63,444,44.4000,15.503311
NL63,445,44.5000,15.287558
NL63,446,44.6000,15.358241
NL63,447,44.7000,15.283782
NL63,448,44.8000,15.394150
NL63,449,44.9000,15.444838
NL63,450,45.0000,15.363072
NL63,451,45.1000,15.317516
NL63,452,45.2000,15.228970
NL63,453,45.3000,15.269870
NL63,454,45.4000,15.346763
NL63,455,45.5000,15.271426
NL63,456,45.6000,15.243692
NL63,457,45.7000,15.071818
NL63,458,45.8000,15.061205
NL63,459,45.9000,15.222370
NL63,460,46.0000,15.438306
NL63,461,46.1000,15.167714
NL63,462,46.2000,15.341150
NL63,463,46.3000,15.364910
NL63,464,46.4000,15.403671
NL63,465,46.5000,15.459584
NL63,466,46.6000,15.332514
NL63,467,46.7000,15.244302
NL63,468,46.8000,15.435318
NL63,469,46.9000,15.221204
NL63,470,47.0000,15.336134
NL63,471,47.1000,15.106362
NL63,472,47.2000,15.373017
NL63,473,47.3000,15.372285
NL63,474,47.4000,15.218801
NL63,475,47.5000,15.331229
NL63,476,47.6000,15.252930
NL63,477,47.7000,15.293038
NL63,478,47.8000,15.276991
NL63,479,47.9000,15.404315
NL63,480,48.0000,15.397627
NL63,481,48.1000,15.293770
NL63,482,48.2000,15.359777
NL63,483,48.3000,15.403983
NL63,484,48.4000,15.471213
NL63,485,48.5000,15.449064
NL63,486,48.6000,15.656373
NL63,487,48.7000,15.505712
NL63,488,48.8000,15.533241
NL63,489,48.9000,15.316500
NL63,490,49.0000,15.344756
NL63,491,49.1000,15.470320
NL63,492,49.2000,15.499286
NL63,493,49.3000,15.562170
NL63,494,49.4000,15.447027
NL63,495,49.5000,15.278471
NL63,496,49.6000,15.362561
NL63,497,49.7000,15.346830
NL63,498,49.8000,15.384639
NL63,499,49.9000,15.283501
NL63,500,50.0000,15.397782
NL63,501,50.1000,15.360306
NL63,502,50.2000,15.369472
NL63,503,50.3000,15.327804
NL63,504,50.4000,15.437837
NL63,505,50.5000,15.378718
NL63,506,50.6000,15.407879
NL63,507,50.7000,15.485974
NL63,508,50.8000,15.423440
NL63,509,50.9000,15.531991
NL63,510,51.0000,15.345024
NL63,511,51.1000,15.504995
NL63,512,51.2000,15.511237
NL63,513,51.3000,15.550219
NL63,514,51.4000,15.399258
NL63,515,51.5000,15.472020
NL63,516,51.6000,15.490163
NL63,517,51.7000,15.495384
NL63,518,51.8000,15.386471
NL63,519,51.9000,15.443704
NL63,520,52.0000,15.471828
NL63,521,52.1000,15.464734
NL63,522,52.2000,15.473178
NL63,523,52.3000,15.540670
NL63,524,52.4000,15.517394
NL63,525,52.5000,15.562762
NL63,526,52.6000,15.371612
NL63,527,52.7000,15.329963
NL63,528,52.8000,15.401695
NL63,529,52.9000,15.308018
NL63,530,53.0000,15.539863
NL63,531,53.1000,15.554860
NL63,532,53.2000,15.466487
NL63,533,53.3000,15.512809
NL63,534,53.4000,15.400631
NL63,535,53.5000,15.455252
NL63,536,53.6000,15.467179
NL63,537,53.7000,15.360205
NL63,538,53.8000,15.285898
NL63,539,53.9000,15.155377
NL63,540,54.0000,15.425009
NL63,541,54.1000,15.334381
NL63,542,54.2000,15.459756
NL63,543,54.3000,15.341515
NL63,544,54.4000,15.491358
NL63,545,54.5000,15.484667
NL63,546,54.6000,15.406847
NL63,547,54.7000,15.378436
NL63,548,54.8000,15.404408
NL63,549,54.9000,15.346689
NL63,550,55.0000,15.492336
NL63,551,55.1000,15.435277
NL63,552,55.2000,15.452724
NL63,553,55.3000,15.662233
NL63,554,55.4000,15.455003
NL63,555,55.5000,15.531157
NL63,556,55.6000,15.519413
NL63,557,55.7000,15.460200
NL63,558,55.8000,15.550685
NL63,559,55.9000,15.564430
NL63,560,56.0000,15.504707
NL63,561,56.1000,15.603955
NL63,562,56.2000,15.569388
NL63,563,56.3000,15.629659
NL63,564,56.4000,15.499543
NL63,565,56.5000,15.426929
NL63,566,56.6000,15.441570
NL63,567,56.7000,15.441218
NL63,568,56.8000,15.508829
NL63,569,56.9000,15.271032
NL63,570,57.0000,15.356763
NL63,571,57.1000,15.420489
NL63,572,57.2000,15.425006
NL63,573,57.3000,15.385690
NL63,574,57.4000,15.526026
NL63,575,57.5000,15.394428
NL63,576,57.6000,15.237513
NL63,577,57.7000,15.475463
NL63,578,57.8000,15.486561
NL63,579,57.9000,15.452968
NL63,580,58.0000,15.343999
NL63,581,58.1000,15.367191
NL63,582,58.2000,15.464882
NL63,583,58.3000,15.451864
NL63,584,58.4000,15.410584
NL63,585,58.5000,15.499960
NL63,586,58.6000,15.442313
NL63,587,58.7000,15.234797
NL63,588,58.8000,15.348883
NL63,589,58.9000,15.449731
NL63,590,59.0000,15.232218
NL63,591,59.1000,15.268728
NL63,592,59.2000,15.390543
NL63,593,59.3000,15.384280
NL63,594,59.4000,15.504828
NL63,595,59.5000,15.361049
NL63,596,59.6000,15.368967
NL63,597,59.7000,15.408294
NL63,598,59.8000,15.566672
NL63,599,59.9000,15.399438
NL63,600,60.0000,15.502462
NL63,601,60.1000,15.503662
NL63,602,60.2000,15.580088
NL63,603,60.3000,15.535718
NL63,604,60.4000,15.455471
NL63,605,60.5000,15.524242
NL63,606,60.6000,15.538736
NL63,607,60.7000,15.396585
NL63,608,60.8000,15.531532
NL63,609,60.9000,15.452897
NL63,610,61.0000,15.577412
NL63,611,61.1000,15.474003
NL63,612,61.2000,15.424258
NL63,613,61.3000,15.489984
NL63,614,61.4000,15.580856
NL63,615,61.5000,15.488763
NL63,616,61.6000,15.645193
NL63,617,61.7000,15.563735
NL63,618,61.8000,15.502239
NL63,619,61.9000,15.580505
NL63,620,62.0000,15.378785
NL63,621,62.1000,15.355375
NL63,622,62.2000,15.499989
NL63,623,62.3000,15.515367
NL63,624,62.4000,15.715872
NL63,625,62.5000,15.612474
NL63,626,62.6000,15.530697
NL63,627,62.7000,15.531559
NL63,628,62.8000,15.574570
NL63,629,62.9000,15.552449
NL63,630,63.0000,15.715516
NL63,631,63.1000,15.649807
NL63,632,63.2000,15.716926
NL63,633,63.3000,15.682693
NL63,634,63.4000,15.591260
NL63,635,63.5000,15.561177
NL63,636,63.6000,15.437632
NL63,637,63.7000,15.357397
NL63,638,63.8000,15.370521
NL63,639,63.9000,15.435164
NL63,640,64.0000,15.350589
NL63,641,64.1000,15.437768
NL63,642,64.2000,15.474106
NL63,643,64.3000,15.289302
NL63,644,64.4000,15.529493
NL63,645,64.5000,15.535051
NL63,646,64.6000,15.341744
NL63,647,64.7000,15.506812
NL63,648,64.8000,15.586654
NL63,649,64.9000,15.534697
NL63,650,65.0000,15.472368
NL63,651,65.1000,15.604985
NL63,652,65.2000,15.400382
NL63,653,65.3000,15.555798
NL63,654,65.4000,15.476160
NL63,655,65.5000,15.451369
NL63,656,65.6000,15.455284
NL63,657,65.7000,15.550932
NL63,658,65.8000,15.491218
NL63,659,65.9000,15.372844
NL63,660,66.0000,15.455977
NL63,661,66.1000,15.354322
NL63,662,66.2000,15.379445
NL63,663,66.3000,15.485707
NL63,664,66.4000,15.301894
NL63,665,66.5000,15.470198
NL63,666,66.6000,15.282282
NL63,667,66.7000,15.326709
NL63,668,66.8000,15.264467
NL63,669,66.9000,15.406402
NL63,670,67.0000,15.212669
NL63,671,67.1000,15.183297
NL63,672,67.2000,15.353653
NL63,673,67.3000,15.369899
NL63,674,67.4000,15.270824
NL63,675,67.5000,15.420452
NL63,676,67.6000,15.340444
NL63,677,67.7000,15.456720
NL63,678,67.8000,15.516504
NL63,679,67.9000,15.332471
NL63,680,68.0000,15.520507
NL63,681,68.1000,15.384978
NL63,682,68.2000,15.375787
NL63,683,68.3000,15.348154
NL63,684,68.4000,15.369370
NL63,685,68.5000,15.361190
NL63,686,68.6000,15.492439
NL63,687,68.7000,15.389306
NL63,688,68.8000,15.454740
NL63,689,68.9000,15.385684
NL63,690,69.0000,15.361378
NL63,691,69.1000,15.377715
NL63,692,69.2000,15.418498
NL63,693,69.3000,15.514225
NL63,694,69.4000,15.505208
NL63,695,69.5000,15.361936
NL63,696,69.6000,15.417997
NL63,697,69.7000,15.364323
NL63,698,69.8000,15.518374
NL63,699,69.9000,15.416439
NL63,700,70.0000,15.249902
NL63,701,70.1000,15.392991
NL63,702,70.2000,15.335374
NL63,703,70.3000,15.413769
NL63,704,70.4000,15.316194
NL63,705,70.5000,15.198776
NL63,706,70.6000,15.222977
NL63,707,70.7000,15.204849
NL63,708,70.8000,15.242478
NL63,709,70.9000,15.250369
NL63,710,71.0000,15.316195
NL63,711,71.1000,15.345214
NL63,712,71.2000,15.247258
NL63,713,71.3000,15.351013
NL63,714,71.4000,15.378304
NL63,715,71.5000,15.335874
NL63,716,71.6000,15.350823
NL63,717,71.7000,15.356188
NL63,718,71.8000,15.516999
NL63,719,71.9000,15.444217
NL63,720,72.0000,15.221530
NL63,721,72.1000,15.369765
NL63,722,72.2000,15.221231
NL63,723,72.3000,15.268368
NL63,724,72.4000,15.277666
NL63,725,72.5000,15.362220
NL63,726,72.6000,15.367093
NL63,727,72.7000,15.346874
NL63,728,72.8000,15.385643
NL63,729,72.9000,15.225862
NL63,730,73.0000,15.370388
NL63,731,73.1000,15.316772
NL63,732,73.2000,15.440074
NL63,733,73.3000,15.337988
NL63,734,73.4000,15.262446
NL63,735,73.5000,15.297970
NL63,736,73.6000,15.274801
NL63,737,73.7000,15.111087
NL63,738,73.8000,15.233054
NL63,739,73.9000,15.187708
NL63,740,74.0000,15.326540
NL63,741,74.1000,15.207958
NL63,742,74.2000,15.310078
NL63,743,74.3000,15.292220
NL63,744,74.4000,15.124593
NL63,745,74.5000,15.406803
NL63,746,74.6000,15.190813
NL63,747,74.7000,15.167070
NL63,748,74.8000,15.283546
NL63,749,74.9000,15.157849
NL63,750,75.0000,15.109939
NL63,751,75.1000,15.186216
NL63,752,75.2000,15.166519
NL63,753,75.3000,15.262928
NL63,754,75.4000,15.253096
NL63,755,75.5000,15.165949
NL63,756,75.6000,15.084833
NL63,757,75.7000,15.162785
NL63,758,75.8000,15.308794
NL63,759,75.9000,15.264519
NL63,760,76.0000,15.121451
NL63,761,76.1000,15.109350
NL63,762,76.2000,15.106449
NL63,763,76.3000,15.079306
NL63,764,76.4000,15.131288
NL63,765,76.5000,15.087332
NL63,766,76.6000,15.187272
NL63,767,76.7000,15.196787
NL63,768,76.8000,14.982210
NL63,769,76.9000,15.101205
NL63,770,77.0000,15.170466
NL63,771,77.1000,15.159502
NL63,772,77.2000,15.034497
NL63,773,77.3000,15.092150
NL63,774,77.4000,15.220646
NL63,775,77.5000,15.050525
NL63,776,77.6000,15.061709
NL63,777,77.7000,15.084134
NL63,778,77.8000,15.099836
NL63,779,77.9000,15.051283
NL63,780,78.0000,15.076471
NL63,781,78.1000,15.063810
NL63,782,78.2000,15.055210
NL63,783,78.3000,15.135401
NL63,784,78.4000,15.066970
NL63,785,78.5000,15.247806
NL63,786,78.6000,15.119038
NL63,787,78.7000,15.217805
NL63,788,78.8000,15.186827
NL63,789,78.9000,15.186327
NL63,790,79.0000,15.006015
NL63,791,79.1000,15.137040
NL63,792,79.2000,15.096725
NL63,793,79.3000,15.054403
NL63,794,79.4000,15.309017
NL63,795,79.5000,15.058106
NL63,796,79.6000,15.107112
NL63,797,79.7000,15.110214
NL63,798,79.8000,15.143774
NL63,799,79.9000,15.011707
NL63,800,80.0000,15.084505
NL63,801,80.1000,15.078972
NL63,802,80.2000,15.160755
NL63,803,80.3000,15.075389
NL63,804,80.4000,15.102892
NL63,805,80.5000,15.105925
NL63,806,80.6000,15.072690
NL63,807,80.7000,15.064211
NL63,808,80.8000,15.082418
NL63,809,80.9000,15.146408
NL63,810,81.0000,15.150259
NL63,811,81.1000,15.214132
NL63,812,81.2000,15.075551
NL63,813,81.3000,14.930361
NL63,814,81.4000,14.891935
NL63,815,81.5000,14.987955
NL63,816,81.6000,14.936654
NL63,817,81.7000,15.107730
NL63,818,81.8000,15.122117
NL63,819,81.9000,14.930226
NL63,820,82.0000,14.974914
NL63,821,82.1000,15.070075
NL63,822,82.2000,15.001170
NL63,823,82.3000,14.981197
NL63,824,82.4000,15.105711
NL63,825,82.5000,14.938959
NL63,826,82.6000,15.036726
NL63,827,82.7000,15.101594
NL63,828,82.8000,15.116967
NL63,829,82.9000,15.074742
NL63,830,83.0000,15.078902
NL63,831,83.1000,14.988409
NL63,832,83.2000,15.105636
NL63,833,83.3000,15.183004
NL63,834,83.4000,15.075215
NL63,835,83.5000,15.100614
NL63,836,83.6000,15.074237
NL63,837,83.7000,15.092257
NL63,838,83.8000,15.171667
NL63,839,83.9000,15.128156
NL63,840,84.0000,15.141115
NL63,841,84.1000,15.158081
NL63,842,84.2000,15.107859
NL63,843,84.3000,15.132486
NL63,844,84.4000,15.188567
NL63,845,84.5000,15.088569
NL63,846,84.6000,15.174934
NL63,847,84.7000,15.404572
NL63,848,84.8000,15.078115
NL63,849,84.9000,15.203799
NL63,850,85.0000,15.110266
NL63,851,85.1000,15.030010
NL63,852,85.2000,15.069233
NL63,853,85.3000,15.082777
NL63,854,85.4000,15.043305
NL63,855,85.5000,15.068647
NL63,856,85.6000,15.086166
NL63,857,85.7000,15.295577
NL63,858,85.8000,15.128720
NL63,859,85.9000,15.085684
NL63,860,86.0000,15.047789
NL63,861,86.1000,15.022330
NL63,862,86.2000,15.171776
NL63,863,86.3000,15.220261
NL63,864,86.4000,15.253653
NL63,865,86.5000,15.254400
NL63,866,86.6000,15.140906
NL63,867,86.7000,15.129319
NL63,868,86.8000,15.213759
NL63,869,86.9000,15.225487
NL63,870,87.0000,15.156462
NL63,871,87.1000,15.195048
NL63,872,87.2000,15.183548
NL63,873,87.3000,15.282072
NL63,874,87.4000,15.227001
NL63,875,87.5000,15.268165
NL63,876,87.6000,15.104279
NL63,877,87.7000,15.150903
NL63,878,87.8000,15.059180
NL63,879,87.9000,15.090009
NL63,880,88.0000,15.255105
NL63,881,88.1000,15.109246
NL63,882,88.2000,15.122571
NL63,883,88.3000,15.086586
NL63,884,88.4000,15.041563
NL63,885,88.5000,15.128074
NL63,886,88.6000,15.240439
NL63,887,88.7000,15.204968
NL63,888,88.8000,15.141462
NL63,889,88.9000,15.052892
NL63,890,89.0000,15.148345
NL63,891,89.1000,15.346758
NL63,892,89.2000,15.425591
NL63,893,89.3000,15.348547
NL63,894,89.4000,15.289138
NL63,895,89.5000,15.521407
NL63,896,89.6000,15.335700
NL63,897,89.7000,15.429335
NL63,898,89.8000,15.432246
NL63,899,89.9000,15.356299
NL63,900,90.0000,15.454678
NL63,901,90.1000,15.391560
NL63,902,90.2000,15.345368
NL63,903,90.3000,15.568276
NL63,904,90.4000,15.363846
NL63,905,90.5000,15.378174
NL63,906,90.6000,15.538422
NL63,907,90.7000,15.507015
NL63,908,90.8000,15.362519
NL63,909,90.9000,15.634888
NL63,910,91.0000,15.375222
NL63,911,91.1000,15.429540
NL63,912,91.2000,15.395835
NL63,913,91.3000,15.451296
NL63,914,91.4000,15.417261
NL63,915,91.5000,15.322830
NL63,916,91.6000,15.280580
NL63,917,91.7000,15.360333
NL63,918,91.8000,15.420938
NL63,919,91.9000,15.444930
NL63,920,92.0000,15.479372
NL63,921,92.1000,15.301933
NL63,922,92.2000,15.418584
NL63,923,92.3000,15.446240
NL63,924,92.4000,15.594718
NL63,925,92.5000,15.478819
NL63,926,92.6000,15.458229
NL63,927,92.7000,15.326025
NL63,928,92.8000,15.511645
NL63,929,92.9000,15.595063
NL63,930,93.0000,15.606347
NL63,931,93.1000,15.512647
NL63,932,93.2000,15.757664
NL63,933,93.3000,15.467198
NL63,934,93.4000,15.641712
NL63,935,93.5000,15.657783
NL63,936,93.6000,15.799111
NL63,937,93.7000,15.643894
NL63,938,93.8000,15.661114
NL63,939,93.9000,15.644125
NL63,940,94.0000,15.707763
NL63,941,94.1000,15.646890
NL63,942,94.2000,15.733449
NL63,943,94.3000,15.785038
NL63,944,94.4000,15.877325
NL63,945,94.5000,15.842378
NL63,946,94.6000,15.792831
NL63,947,94.7000,15.836947
NL63,948,94.8000,15.702420
NL63,949,94.9000,15.890561
NL63,950,95.0000,15.824024
NL63,951,95.1000,15.638434
NL63,952,95.2000,15.794725
NL63,953,95.3000,15.747171
NL63,954,95.4000,15.690157
NL63,955,95.5000,15.878251
NL63,956,95.6000,15.916319
NL63,957,95.7000,15.732866
NL63,958,95.8000,15.789320
NL63,959,95.9000,15.836055
NL63,960,96.0000,15.777091
NL63,961,96.1000,15.684067
NL63,962,96.2000,15.803923
NL63,963,96.3000,15.868869
NL63,964,96.4000,15.644001
NL63,965,96.5000,15.815080
NL63,966,96.6000,15.722727
NL63,967,96.7000,15.737504
NL63,968,96.8000,15.784828
NL63,969,96.9000,15.728170
NL63,970,97.0000,15.727676
NL63,971,97.1000,15.749471
NL63,972,97.2000,15.672808
NL63,973,97.3000,15.688000
NL63,974,97.4000,15.618152
NL63,975,97.5000,15.689840
NL63,976,97.6000,15.770721
NL63,977,97.7000,15.741261
NL63,978,97.8000,15.825655
NL63,979,97.9000,15.700999
NL63,980,98.0000,15.657318
NL63,981,98.1000,15.528063
NL63,982,98.2000,15.507024
NL63,983,98.3000,15.714370
NL63,984,98.4000,15.759971
NL63,985,98.5000,15.600210
NL63,986,98.6000,15.661103
NL63,987,98.7000,15.662530
NL63,988,98.8000,15.617346
NL63,989,98.9000,15.662458
NL63,990,99.0000,15.633095
NL63,991,99.1000,15.504336
NL63,992,99.2000,15.744536
NL63,993,99.3000,15.619587
NL63,994,99.4000,15.555643
NL63,995,99.5000,15.628400
NL63,996,99.6000,15.612222
NL63,997,99.7000,15.608718
NL63,998,99.8000,15.574942
NL63,999,99.9000,15.676064
NL63,1000,100.0000,15.535791
229E,0,0.0000,16.193829
229E,1,0.1000,16.398739
229E,2,0.2000,16.424079
229E,3,0.3000,16.366806
229E,4,0.4000,16.250714
229E,5,0.5000,16.360516
229E,6,0.6000,16.311752
229E,7,0.7000,16.313000
229E,8,0.8000,16.257237
229E,9,0.9000,16.344512
229E,10,1.0000,16.290303
229E,11,1.1000,16.237148
229E,12,1.2000,16.334134
229E,13,1.3000,16.193408
229E,14,1.4000,16.179774
229E,15,1.5000,16.248030
229E,16,1.6000,16.274711
229E,17,1.7000,16.175306
229E,18,1.8000,16.184890
229E,19,1.9000,16.218894
229E,20,2.0000,16.099135
229E,21,2.1000,16.132154
229E,22,2.2000,16.268234
229E,23,2.3000,16.233868
229E,24,2.4000,16.069485
229E,25,2.5000,16.070017
229E,26,2.6000,16.217095
229E,27,2.7000,16.180134
229E,28,2.8000,16.246358
229E,29,2.9000,16.246815
229E,30,3.0000,16.354749
229E,31,3.1000,16.076482
229E,32,3.2000,16.062036
229E,33,3.3000,16.249671
229E,34,3.4000,15.955971
229E,35,3.5000,16.015241
229E,36,3.6000,15.980609
229E,37,3.7000,16.025088
229E,38,3.8000,16.187812
229E,39,3.9000,16.201350
229E,40,4.0000,16.118646
229E,41,4.1000,16.065642
229E,42,4.2000,16.127180
229E,43,4.3000,16.188600
229E,44,4.4000,16.159912
229E,45,4.5000,16.247621
229E,46,4.6000,16.135127
229E,47,4.7000,16.111964
229E,48,4.8000,16.080680
229E,49,4.9000,16.182306
229E,50,5.0000,16.124273
229E,51,5.1000,16.103002
229E,52,5.2000,16.099310
229E,53,5.3000,16.264310
229E,54,5.4000,16.083094
229E,55,5.5000,15.984766
229E,56,5.6000,16.061275
229E,57,5.7000,16.029534
229E,58,5.8000,16.057729
229E,59,5.9000,15.999181
229E,60,6.0000,16.050147
229E,61,6.1000,16.233630
229E,62,6.2000,16.061496
229E,63,6.3000,16.182570
229E,64,6.4000,16.064842
229E,65,6.5000,16.136392
229E,66,6.6000,16.188562
229E,67,6.7000,16.055998
229E,68,6.8000,16.087536
229E,69,6.9000,16.157820
229E,70,7.0000,16.300117
229E,71,7.1000,16.259967
229E,72,7.2000,16.013352
229E,73,7.3000,16.044390
229E,74,7.4000,16.081047
229E,75,7.5000,16.123202
229E,76,7.6000,16.093663
229E,77,7.7000,16.122731
229E,78,7.8000,16.088568
229E,79,7.9000,16.172816
229E,80,8.0000,16.194007
229E,81,8.1000,16.230930
229E,82,8.2000,16.154996
229E,83,8.3000,16.262838
229E,84,8.4000,16.113532
229E,85,8.5000,16.039734
229E,86,8.6000,16.142726
229E,87,8.7000,16.244320
229E,88,8.8000,16.231957
229E,89,8.9000,16.190584
229E,90,9.0000,16.157331
229E,91,9.1000,16.289539
229E,92,9.2000,16.080024
229E,93,9.3000,16.159763
229E,94,9.4000,16.285082
229E,95,9.5000,16.130716
229E,96,9.6000,16.195784
229E,97,9.7000,16.229032
229E,98,9.8000,16.194805
229E,99,9.9000,16.121760
229E,100,10.0000,16.121402
229E,101,10.1000,16.156333
229E,102,10.2000,16.257916
229E,103,10.3000,16.273380
229E,104,10.4000,16.216033
229E,105,10.5000,16.343542
229E,106,10.6000,16.280940
229E,107,10.7000,16.179393
229E,108,10.8000,16.233949
229E,109,10.9000,16.327884
229E,110,11.0000,16.338593
229E,111,11.1000,16.273987
229E,112,11.2000,16.206587
229E,113,11.3000,16.185878
229E,114,11.4000,16.177753
229E,115,11.5000,16.203328
229E,116,11.6000,16.256002
229E,117,11.7000,16.262974
229E,118,11.8000,16.121845
229E,119,11.9000,16.234237
229E,120,12.0000,16.375380
229E,121,12.1000,16.064937
229E,122,12.2000,16.168193
229E,123,12.3000,16.221181
229E,124,12.4000,16.233989
229E,125,12.5000,16.205437
229E,126,12.6000,16.160988
229E,127,12.7000,16.221072
229E,128,12.8000,16.260721
229E,129,12.9000,16.339223
229E,130,13.0000,16.207058
229E,131,13.1000,16.271864
229E,132,13.2000,16.262562
229E,133,13.3000,16.176072
229E,134,13.4000,16.123460
229E,135,13.5000,16.118606
229E,136,13.6000,16.212379
229E,137,13.7000,16.202692
229E,138,13.8000,16.245656
229E,139,13.9000,16.191330
229E,140,14.0000,16.304478
229E,141,14.1000,16.225655
229E,142,14.2000,16.382211
229E,143,14.3000,16.406788
229E,144,14.4000,16.402151
229E,145,14.5000,16.227728
229E,146,14.6000,16.353624
229E,147,14.7000,16.259451
229E,148,14.8000,16.370150
229E,149,14.9000,16.266228
229E,150,15.0000,16.296178
229E,151,15.1000,16.348590
229E,152,15.2000,16.140039
229E,153,15.3000,16.223112
229E,154,15.4000,16.224583
229E,155,15.5000,16.242197
229E,156,15.6000,16.354188
229E,157,15.7000,16.326560
229E,158,15.8000,16.305109
229E,159,15.9000,16.293643
229E,160,16.0000,16.124740
229E,161,16.1000,16.217615
229E,162,16.2000,16.260465
229E,163,16.3000,16.272909
229E,164,16.4000,16.199003
229E,165,16.5000,16.161971
229E,166,16.6000,16.068328
229E,167,16.7000,16.213461
229E,168,16.8000,16.050373
229E,169,16.9000,16.221531
229E,170,17.0000,16.160413
229E,171,17.1000,16.162985
229E,172,17.2000,16.218742
229E,173,17.3000,16.291467
229E,174,17.4000,16.226735
229E,175,17.5000,16.135496
229E,176,17.6000,16.277331
229E,177,17.7000,16.262714
229E,178,17.8000,16.283666
229E,179,17.9000,16.257108
229E,180,18.0000,16.238931
229E,181,18.1000,16.285073
229E,182,18.2000,16.219868
229E,183,18.3000,16.224936
229E,184,18.4000,16.130063
229E,185,18.5000,16.246908
229E,186,18.6000,16.273215
229E,187,18.7000,16.256318
229E,188,18.8000,16.192309
229E,189,18.9000,16.134805
229E,190,19.0000,16.165503
229E,191,19.1000,16.167275
229E,192,19.2000,16.253461
229E,193,19.3000,16.141294
229E,194,19.4000,16.264123
229E,195,19.5000,16.298258
229E,196,19.6000,16.189063
229E,197,19.7000,16.276904
229E,198,19.8000,16.300994
229E,199,19.9000,16.276103
229E,200,20.0000,16.261182
229E,201,20.1000,16.267597
229E,202,20.2000,16.409342
229E,203,20.3000,16.314609
229E,204,20.4000,16.191628
229E,205,20.5000,16.274816
229E,206,20.6000,16.321286
229E,207,20.7000,16.334669
229E,208,20.8000,16.083733
229E,209,20.9000,16.100661
229E,210,21.0000,16.249965
229E,211,21.1000,16.287678
229E,212,21.2000,16.298340
229E,213,21.3000,16.203739
229E,214,21.4000,16.256233
229E,215,21.5000,16.247185
229E,216,21.6000,16.396868
229E,217,21.7000,16.378130
229E,218,21.8000,16.363016
229E,219,21.9000,16.204943
229E,220,22.0000,16.366863
229E,221,22.1000,16.230705
229E,222,22.2000,16.380326
229E,223,22.3000,16.349512
229E,224,22.4000,16.354216
229E,225,22.5000,16.319430
229E,226,22.6000,16.337065
229E,227,22.7000,16.363584
229E,228,22.8000,16.353647
229E,229,22.9000,16.365363
229E,230,23.0000,16.196770
229E,231,23.1000,16.335446
229E,232,23.2000,16.282089
229E,233,23.3000,16.237658
229E,234,23.4000,16.383550
229E,235,23.5000,16.407871
229E,236,23.6000,16.249852
229E,237,23.7000,16.296140
229E,238,23.8000,16.244985
229E,239,23.9000,16.267326
229E,240,24.0000,16.313316
229E,241,24.1000,16.467772
229E,242,24.2000,16.377905
229E,243,24.3000,16.353258
229E,244,24.4000,16.369107
229E,245,24.5000,16.430178
229E,246,24.6000,16.348420
229E,247,24.7000,16.317342
229E,248,24.8000,16.362859
229E,249,24.9000,16.268115
229E,250,25.0000,16.461559
229E,251,25.1000,16.308607
229E,252,25.2000,16.373092
229E,253,25.3000,16.385064
229E,254,25.4000,16.190131
229E,255,25.5000,16.382348
229E,256,25.6000,16.307541
229E,257,25.7000,16.282717
229E,258,25.8000,16.281648
229E,259,25.9000,16.279485
229E,260,26.0000,16.482084
229E,261,26.1000,16.368615
229E,262,26.2000,16.296370
229E,263,26.3000,16.405485
229E,264,26.4000,16.492341
229E,265,26.5000,16.272371
229E,266,26.6000,16.270017
229E,267,26.7000,16.318270
229E,268,26.8000,16.294347
229E,269,26.9000,16.262987
229E,270,27.0000,16.315975
229E,271,27.1000,16.366362
229E,272,27.2000,16.344441
229E,273,27.3000,16.389128
229E,274,27.4000,16.292922
229E,275,27.5000,16.341381
229E,276,27.6000,16.296078
229E,277,27.7000,16.306911
229E,278,27.8000,16.255375
229E,279,27.9000,16.281194
229E,280,28.0000,16.308863
229E,281,28.1000,16.394873
229E,282,28.2000,16.320084
229E,283,28.3000,16.409992
229E,284,28.4000,16.463664
229E,285,28.5000,16.367869
229E,286,28.6000,16.211592
229E,287,28.7000,16.394049
229E,288,28.8000,16.291206
229E,289,28.9000,16.397708
229E,290,29.0000,16.329521
229E,291,29.1000,16.442508
229E,292,29.2000,16.421981
229E,293,29.3000,16.375587
229E,294,29.4000,16.361325
229E,295,29.5000,16.389000
229E,296,29.6000,16.479521
229E,297,29.7000,16.234409
229E,298,29.8000,16.295907
229E,299,29.9000,16.362295
229E,300,30.0000,16.316482
229E,301,30.1000,16.429282
229E,302,30.2000,16.397258
229E,303,30.3000,16.399451
229E,304,30.4000,16.262830
229E,305,30.5000,16.320981
229E,306,30.6000,16.382332
229E,307,30.7000,16.320061
229E,308,30.8000,16.331177
229E,309,30.9000,16.333407
229E,310,31.0000,16.241574
229E,311,31.1000,16.160690
229E,312,31.2000,16.387794
229E,313,31.3000,16.294588
229E,314,31.4000,16.436551
229E,315,31.5000,16.359261
229E,316,31.6000,16.312739
229E,317,31.7000,16.398312
229E,318,31.8000,16.357193
229E,319,31.9000,16.415950
229E,320,32.0000,16.303125
229E,321,32.1000,16.378638
229E,322,32.2000,16.331494
229E,323,32.3000,16.324866
229E,324,32.4000,16.353685
229E,325,32.5000,16.404138
229E,326,32.6000,16.406709
229E,327,32.7000,16.480520
229E,328,32.8000,16.351348
229E,329,32.9000,16.360204
229E,330,33.0000,16.476993
229E,331,33.1000,16.352566
229E,332,33.2000,16.372751
229E,333,33.3000,16.337941
229E,334,33.4000,16.345919
229E,335,33.5000,16.436795
229E,336,33.6000,16.301213
229E,337,33.7000,16.232597
229E,338,33.8000,16.364311
229E,339,33.9000,16.325114
229E,340,34.0000,16.347992
229E,341,34.1000,16.427911
229E,342,34.2000,16.417597
229E,343,34.3000,16.336536
229E,344,34.4000,16.214460
229E,345,34.5000,16.276973
229E,346,34.6000,16.518887
229E,347,34.7000,16.416495
229E,348,34.8000,16.502949
229E,349,34.9000,16.474363
229E,350,35.0000,16.374818
229E,351,35.1000,16.365230
229E,352,35.2000,16.309528
229E,353,35.3000,16.343910
229E,354,35.4000,16.451037
229E,355,35.5000,16.297907
229E,356,35.6000,16.349291
229E,357,35.7000,16.363090
229E,358,35.8000,16.412356
229E,359,35.9000,16.267319
229E,360,36.0000,16.279920
229E,361,36.1000,16.311609
229E,362,36.2000,16.373284
229E,363,36.3000,16.419379
229E,364,36.4000,16.469724
229E,365,36.5000,16.387268
229E,366,36.6000,16.375109
229E,367,36.7000,16.309280
229E,368,36.8000,16.286962
229E,369,36.9000,16.431409
229E,370,37.0000,16.404366
229E,371,37.1000,16.299718
229E,372,37.2000,16.342394
229E,373,37.3000,16.216122
229E,374,37.4000,16.391283
229E,375,37.5000,16.430873
229E,376,37.6000,16.413736
229E,377,37.7000,16.216058
229E,378,37.8000,16.279893
229E,379,37.9000,16.375404
229E,380,38.0000,16.366927
229E,381,38.1000,16.297572
229E,382,38.2000,16.271179
229E,383,38.3000,16.482135
229E,384,38.4000,16.453365
229E,385,38.5000,16.452525
229E,386,38.6000,16.394672
229E,387,38.7000,16.237310
229E,388,38.8000,16.427597
229E,389,38.9000,16.342249
229E,390,39.0000,16.382287
229E,391,39.1000,16.281574
229E,392,39.2000,16.293956
229E,393,39.3000,16.306678
229E,394,39.4000,16.328425
229E,395,39.5000,16.326060
229E,396,39.6000,16.257353
229E,397,39.7000,16.403505
229E,398,39.8000,16.403878
229E,399,39.9000,16.331141
229E,400,40.0000,16.443446
229E,401,40.1000,16.402023
229E,402,40.2000,16.392778
229E,403,40.3000,16.338118
229E,404,40.4000,16.256513
229E,405,40.5000,16.408208
229E,406,40.6000,16.298483
229E,407,40.7000,16.382036
229E,408,40.8000,16.284635
229E,409,40.9000,16.439591
229E,410,41.0000,16.348869
229E,411,41.1000,16.387159
229E,412,41.2000,16.182815
229E,413,41.3000,16.293619
229E,414,41.4000,16.257214
229E,415,41.5000,16.445165
229E,416,41.6000,16.303195
229E,417,41.7000,16.268953
229E,418,41.8000,16.382291
229E,419,41.9000,16.323900
229E,420,42.0000,16.216443
229E,421,42.1000,16.265938
229E,422,42.2000,16.298935
229E,423,42.3000,16.278618
229E,424,42.4000,16.094147
229E,425,42.5000,16.286745
229E,426,42.6000,16.431188
229E,427,42.7000,16.422641
229E,428,42.8000,16.206522
229E,429,42.9000,16.300971
229E,430,43.0000,16.250431
229E,431,43.1000,16.294739
229E,432,43.2000,16.191212
229E,433,43.3000,16.405405
229E,434,43.4000,16.367603
229E,435,43.5000,16.506750
229E,436,43.6000,16.454647
229E,437,43.7000,16.376119
229E,438,43.8000,16.352423
229E,439,43.9000,16.292237
229E,440,44.0000,16.375277
229E,441,44.1000,16.395016
229E,442,44.2000,16.343398
229E,443,44.3000,16.473392
229E,444,44.4000,16.489845
229E,445,44.5000,16.331902
229E,446,44.6000,16.380342
229E,447,44.7000,16.236167
229E,448,44.8000,16.308411
229E,449,44.9000,16.469811
229E,450,45.0000,16.312243
229E,451,45.1000,16.282534
229E,452,45.2000,16.221757
229E,453,45.3000,16.301882
229E,454,45.4000,16.217104
229E,455,45.5000,16.330670
229E,456,45.6000,16.226662
229E,457,45.7000,16.417934
229E,458,45.8000,16.353552
229E,459,45.9000,16.330835
229E,460,46.0000,16.380422
229E,461,46.1000,16.402339
229E,462,46.2000,16.292215
229E,463,46.3000,16.255242
229E,464,46.4000,16.278767
229E,465,46.5000,16.376402
229E,466,46.6000,16.165116
229E,467,46.7000,16.360988
229E,468,46.8000,16.296145
229E,469,46.9000,16.452317
229E,470,47.0000,16.375718
229E,471,47.1000,16.463171
229E,472,47.2000,16.339609
229E,473,47.3000,16.422868
229E,474,47.4000,16.409724
229E,475,47.5000,16.335835
229E,476,47.6000,16.333684
229E,477,47.7000,16.451739
229E,478,47.8000,16.332436
229E,479,47.9000,16.235088
229E,480,48.0000,16.326223
229E,481,48.1000,16.307073
229E,482,48.2000,16.337484
229E,483,48.3000,16.362250
229E,484,48.4000,16.299376
229E,485,48.5000,16.297801
229E,486,48.6000,16.303362
229E,487,48.7000,16.587777
229E,488,48.8000,16.456561
229E,489,48.9000,16.361999
229E,490,49.0000,16.250271
229E,491,49.1000,16.380137
229E,492,49.2000,16.353246
229E,493,49.3000,16.363221
229E,494,49.4000,16.344469
229E,495,49.5000,16.328635
229E,496,49.6000,16.318473
229E,497,49.7000,16.258597
229E,498,49.8000,16.267397
229E,499,49.9000,16.410455
229E,500,50.0000,16.371984
229E,501,50.1000,16.333058
229E,502,50.2000,16.471045
229E,503,50.3000,16.531521
229E,504,50.4000,16.322886
229E,505,50.5000,16.335144
229E,506,50.6000,16.354280
229E,507,50.7000,16.523430
229E,508,50.8000,16.408902
229E,509,50.9000,16.302677
229E,510,51.0000,16.319670
229E,511,51.1000,16.314948
229E,512,51.2000,16.445330
229E,513,51.3000,16.303652
229E,514,51.4000,16.347841
229E,515,51.5000,16.299688
229E,516,51.6000,16.463693
229E,517,51.7000,16.173613
229E,518,51.8000,16.438046
229E,519,51.9000,16.347328
229E,520,52.0000,16.398666
229E,521,52.1000,16.318282
229E,522,52.2000,16.217735
229E,523,52.3000,16.423209
229E,524,52.4000,16.404924
229E,525,52.5000,16.372764
229E,526,52.6000,16.464267
229E,527,52.7000,16.219738
229E,528,52.8000,16.324347
229E,529,52.9000,16.254613
229E,530,53.0000,16.300236
229E,531,53.1000,16.284055
229E,532,53.2000,16.333722
229E,533,53.3000,16.257597
229E,534,53.4000,16.295995
229E,535,53.5000,16.242983
229E,536,53.6000,16.394900
229E,537,53.7000,16.338862
229E,538,53.8000,16.320356
229E,539,53.9000,16.252442
229E,540,54.0000,16.310903
229E,541,54.1000,16.309788
229E,542,54.2000,16.337822
229E,543,54.3000,16.290182
229E,544,54.4000,16.210314
229E,545,54.5000,16.166556
229E,546,54.6000,16.297531
229E,547,54.7000,16.306670
229E,548,54.8000,16.376206
229E,549,54.9000,16.278203
229E,550,55.0000,16.191009
229E,551,55.1000,16.337417
229E,552,55.2000,16.240571
229E,553,55.3000,16.305740
229E,554,55.4000,16.298032
229E,555,55.5000,16.219952
229E,556,55.6000,16.342277
229E,557,55.7000,16.206580
229E,558,55.8000,16.336908
229E,559,55.9000,16.365318
229E,560,56.0000,16.199093
229E,561,56.1000,16.409205
229E,562,56.2000,16.392583
229E,563,56.3000,16.456573
229E,564,56.4000,16.346826
229E,565,56.5000,16.457489
229E,566,56.6000,16.436117
229E,567,56.7000,16.266958
229E,568,56.8000,16.503309
229E,569,56.9000,16.283726
229E,570,57.0000,16.352165
229E,571,57.1000,16.384751
229E,572,57.2000,16.434988
229E,573,57.3000,16.417624
229E,574,57.4000,16.461928
229E,575,57.5000,16.440164
229E,576,57.6000,16.251793
229E,577,57.7000,16.534909
229E,578,57.8000,16.445640
229E,579,57.9000,16.508058
229E,580,58.0000,16.450108
229E,581,58.1000,16.395091
229E,582,58.2000,16.353734
229E,583,58.3000,16.296821
229E,584,58.4000,16.497658
229E,585,58.5000,16.449643
229E,586,58.6000,16.352368
229E,587,58.7000,16.401760
229E,588,58.8000,16.372381
229E,589,58.9000,16.269952
229E,590,59.0000,16.401915
229E,591,59.1000,16.475296
229E,592,59.2000,16.338755
229E,593,59.3000,16.385646
229E,594,59.4000,16.371146
229E,595,59.5000,16.342595
229E,596,59.6000,16.423674
229E,597,59.7000,16.310829
229E,598,59.8000,16.270641
229E,599,59.9000,16.379010
229E,600,60.0000,16.368544
229E,601,60.1000,16.189184
229E,602,60.2000,16.422527
229E,603,60.3000,16.329424
229E,604,60.4000,16.354504
229E,605,60.5000,16.411098
229E,606,60.6000,16.275651
229E,607,60.7000,16.325290
229E,608,60.8000,16.294199
229E,609,60.9000,16.387136
229E,610,61.0000,16.337290
229E,611,61.1000,16.207406
229E,612,61.2000,16.383847
229E,613,61.3000,16.361496
229E,614,61.4000,16.357965
229E,615,61.5000,16.340267
229E,616,61.6000,16.433001
229E,617,61.7000,16.243103
229E,618,61.8000,16.285387
229E,619,61.9000,16.419984
229E,620,62.0000,16.263738
229E,621,62.1000,16.344480
229E,622,62.2000,16.320443
229E,623,62.3000,16.356117
229E,624,62.4000,16.305053
229E,625,62.5000,16.372684
229E,626,62.6000,16.311992
229E,627,62.7000,16.370245
229E,628,62.8000,16.271689
229E,629,62.9000,16.401354
229E,630,63.0000,16.315555
229E,631,63.1000,16.425541
229E,632,63.2000,16.425879
229E,633,63.3000,16.393257
229E,634,63.4000,16.235491
229E,635,63.5000,16.200651
229E,636,63.6000,16.332429
229E,637,63.7000,16.360881
229E,638,63.8000,16.510825
229E,639,63.9000,16.255052
229E,640,64.0000,16.339971
229E,641,64.1000,16.258059
229E,642,64.2000,16.494459
229E,643,64.3000,16.438222
229E,644,64.4000,16.451645
229E,645,64.5000,16.331832
229E,646,64.6000,16.383874
229E,647,64.7000,16.407542
229E,648,64.8000,16.388105
229E,649,64.9000,16.276439
229E,650,65.0000,16.363774
229E,651,65.1000,16.353132
229E,652,65.2000,16.276809
229E,653,65.3000,16.275626
229E,654,65.4000,16.391984
229E,655,65.5000,16.476994
229E,656,65.6000,16.364653
229E,657,65.7000,16.297231
229E,658,65.8000,16.261685
229E,659,65.9000,16.406436
229E,660,66.0000,16.279737
229E,661,66.1000,16.367512
229E,662,66.2000,16.336282
229E,663,66.3000,16.391858
229E,664,66.4000,16.410889
229E,665,66.5000,16.509810
229E,666,66.6000,16.380727
229E,667,66.7000,16.355482
229E,668,66.8000,16.397760
229E,669,66.9000,16.549711
229E,670,67.0000,16.408584
229E,671,67.1000,16.417888
229E,672,67.2000,16.450874
229E,673,67.3000,16.329050
229E,674,67.4000,16.451496
229E,675,67.5000,16.329257
229E,676,67.6000,16.284663
229E,677,67.7000,16.304891
229E,678,67.8000,16.344347
229E,679,67.9000,16.332338
229E,680,68.0000,16.337782
229E,681,68.1000,16.234420
229E,682,68.2000,16.285587
229E,683,68.3000,16.368377
229E,684,68.4000,16.318870
229E,685,68.5000,16.261176
229E,686,68.6000,16.450432
229E,687,68.7000,16.236964
229E,688,68.8000,16.188107
229E,689,68.9000,16.297621
229E,690,69.0000,16.345283
229E,691,69.1000,16.222037
229E,692,69.2000,16.347693
229E,693,69.3000,16.106662
229E,694,69.4000,16.320754
229E,695,69.5000,16.387019
229E,696,69.6000,16.442668
229E,697,69.7000,16.406468
229E,698,69.8000,16.364027
229E,699,69.9000,16.542904
229E,700,70.0000,16.258698
229E,701,70.1000,16.416005
229E,702,70.2000,16.367753
229E,703,70.3000,16.409680
229E,704,70.4000,16.371744
229E,705,70.5000,16.324362
229E,706,70.6000,16.420654
229E,707,70.7000,16.309841
229E,708,70.8000,16.315593
229E,709,70.9000,16.259709
229E,710,71.0000,16.176819
229E,711,71.1000,16.265046
229E,712,71.2000,16.381930
229E,713,71.3000,16.413580
229E,714,71.4000,16.313391
229E,715,71.5000,16.299691
229E,716,71.6000,16.373350
229E,717,71.7000,16.447407
229E,718,71.8000,16.320735
229E,719,71.9000,16.298369
229E,720,72.0000,16.393120
229E,721,72.1000,16.368125
229E,722,72.2000,16.338041
229E,723,72.3000,16.308801
229E,724,72.4000,16.477377
229E,725,72.5000,16.340508
229E,726,72.6000,16.370934
229E,727,72.7000,16.227776
229E,728,72.8000,16.339688
229E,729,72.9000,16.223179
229E,730,73.0000,16.322411
229E,731,73.1000,16.458829
229E,732,73.2000,16.414554
229E,733,73.3000,16.271234
229E,734,73.4000,16.209975
229E,735,73.5000,16.327057
229E,736,73.6000,16.368134
229E,737,73.7000,16.372373
229E,738,73.8000,16.217462
229E,739,73.9000,16.316355
229E,740,74.0000,16.228711
229E,741,74.1000,16.132540
229E,742,74.2000,16.240922
229E,743,74.3000,16.103763
229E,744,74.4000,16.274910
229E,745,74.5000,16.363958
229E,746,74.6000,16.264241
229E,747,74.7000,16.440214
229E,748,74.8000,16.279071
229E,749,74.9000,16.241847
229E,750,75.0000,16.369875
229E,751,75.1000,16.283529
229E,752,75.2000,16.440517
229E,753,75.3000,16.312580
229E,754,75.4000,16.396167
229E,755,75.5000,16.389153
229E,756,75.6000,16.191934
229E,757,75.7000,16.209807
229E,758,75.8000,16.249216
229E,759,75.9000,16.153191
229E,760,76.0000,16.163333
229E,761,76.1000,16.242335
229E,762,76.2000,16.206571
229E,763,76.3000,16.353209
229E,764,76.4000,16.253197
229E,765,76.5000,16.408715
229E,766,76.6000,16.247645
229E,767,76.7000,16.113432
229E,768,76.8000,16.209631
229E,769,76.9000,16.114700
229E,770,77.0000,16.318415
229E,771,77.1000,16.218945
229E,772,77.2000,16.171539
229E,773,77.3000,16.377308
229E,774,77.4000,16.202588
229E,775,77.5000,16.190367
229E,776,77.6000,16.457691
229E,777,77.7000,16.284603
229E,778,77.8000,16.431491
229E,779,77.9000,16.360756
229E,780,78.0000,16.348582
229E,781,78.1000,16.354823
229E,782,78.2000,16.260448
229E,783,78.3000,16.349440
229E,784,78.4000,16.248241
229E,785,78.5000,16.285032
229E,786,78.6000,16.238367
229E,787,78.7000,16.184142
229E,788,78.8000,16.311129
229E,789,78.9000,16.249531
229E,790,79.0000,16.400164
229E,791,79.1000,16.321277
229E,792,79.2000,16.266972
229E,793,79.3000,16.193089
229E,794,79.4000,16.234357
229E,795,79.5000,16.267567
229E,796,79.6000,16.188677
229E,797,79.7000,16.379867
229E,798,79.8000,16.241053
229E,799,79.9000,16.388877
229E,800,80.0000,16.318462
229E,801,80.1000,16.332936
229E,802,80.2000,16.366258
229E,803,80.3000,16.421790
229E,804,80.4000,16.266621
229E,805,80.5000,16.471278
229E,806,80.6000,16.332474
229E,807,80.7000,16.375527
229E,808,80.8000,16.366540
229E,809,80.9000,16.421551
229E,810,81.0000,16.432841
229E,811,81.1000,16.467769
229E,812,81.2000,16.425557
229E,813,81.3000,16.364739
229E,814,81.4000,16.405197
229E,815,81.5000,16.407638
229E,816,81.6000,16.411414
229E,817,81.7000,16.375019
229E,818,81.8000,16.343584
229E,819,81.9000,16.392374
229E,820,82.0000,16.466251
229E,821,82.1000,16.308614
229E,822,82.2000,16.341310
229E,823,82.3000,16.433316
229E,824,82.4000,16.421047
229E,825,82.5000,16.417595
229E,826,82.6000,16.354299
229E,827,82.7000,16.332602
229E,828,82.8000,16.337188
229E,829,82.9000,16.336829
229E,830,83.0000,16.325181
229E,831,83.1000,16.369971
229E,832,83.2000,16.365269
229E,833,83.3000,16.351418
229E,834,83.4000,16.384955
229E,835,83.5000,16.358543
229E,836,83.6000,16.358262
229E,837,83.7000,16.366700
229E,838,83.8000,16.425960
229E,839,83.9000,16.218287
229E,840,84.0000,16.402903
229E,841,84.1000,16.433825
229E,842,84.2000,16.518257
229E,843,84.3000,16.345322
229E,844,84.4000,16.365383
229E,845,84.5000,16.317908
229E,846,84.6000,16.389056
229E,847,84.7000,16.396682
229E,848,84.8000,16.349929
229E,849,84.9000,16.294502
229E,850,85.0000,16.202674
229E,851,85.1000,16.227826
229E,852,85.2000,16.344729
229E,853,85.3000,16.254460
229E,854,85.4000,16.290357
229E,855,85.5000,16.386496
229E,856,85.6000,16.298033
229E,857,85.7000,16.475773
229E,858,85.8000,16.405594
229E,859,85.9000,16.417842
229E,860,86.0000,16.349088
229E,861,86.1000,16.425703
229E,862,86.2000,16.298720
229E,863,86.3000,16.298729
229E,864,86.4000,16.418899
229E,865,86.5000,16.331902
229E,866,86.6000,16.199338
229E,867,86.7000,16.343968
229E,868,86.8000,16.280475
229E,869,86.9000,16.363030
229E,870,87.0000,16.221330
229E,871,87.1000,16.428242
229E,872,87.2000,16.426267
229E,873,87.3000,16.311103
229E,874,87.4000,16.328218
229E,875,87.5000,16.392733
229E,876,87.6000,16.332312
229E,877,87.7000,16.365438
229E,878,87.8000,16.472811
229E,879,87.9000,16.416899
229E,880,88.0000,16.480893
229E,881,88.1000,16.419736
229E,882,88.2000,16.393637
229E,883,88.3000,16.325883
229E,884,88.4000,16.380944
229E,885,88.5000,16.259355
229E,886,88.6000,16.449707
229E,887,88.7000,16.364593
229E,888,88.8000,16.350168
229E,889,88.9000,16.434717
229E,890,89.0000,16.263012
229E,891,89.1000,16.354695
229E,892,89.2000,16.294657
229E,893,89.3000,16.339674
229E,894,89.4000,16.299155
229E,895,89.5000,16.161810
229E,896,89.6000,16.371297
229E,897,89.7000,16.298177
229E,898,89.8000,16.244469
229E,899,89.9000,16.411193
229E,900,90.0000,16.311856
229E,901,90.1000,16.425374
229E,902,90.2000,16.257053
229E,903,90.3000,16.285758
229E,904,90.4000,16.443658
229E,905,90.5000,16.292212
229E,906,90.6000,16.391196
229E,907,90.7000,16.392545
229E,908,90.8000,16.450307
229E,909,90.9000,16.459094
229E,910,91.0000,16.550421
229E,911,91.1000,16.442168
229E,912,91.2000,16.346603
229E,913,91.3000,16.381195
229E,914,91.4000,16.327294
229E,915,91.5000,16.346562
229E,916,91.6000,16.281812
229E,917,91.7000,16.464528
229E,918,91.8000,16.349812
229E,919,91.9000,16.390471
229E,920,92.0000,16.284390
229E,921,92.1000,16.267242
229E,922,92.2000,16.306361
229E,923,92.3000,16.237553
229E,924,92.4000,16.405686
229E,925,92.5000,16.332112
229E,926,92.6000,16.243012
229E,927,92.7000,16.330026
229E,928,92.8000,16.271013
229E,929,92.9000,16.352038
229E,930,93.0000,16.278073
229E,931,93.1000,16.248121
229E,932,93.2000,16.150134
229E,933,93.3000,16.432000
229E,934,93.4000,16.256069
229E,935,93.5000,16.479057
229E,936,93.6000,16.278943
229E,937,93.7000,16.289218
229E,938,93.8000,16.236124
229E,939,93.9000,16.378312
229E,940,94.0000,16.325711
229E,941,94.1000,16.255564
229E,942,94.2000,16.249374
229E,943,94.3000,16.246729
229E,944,94.4000,16.258334
229E,945,94.5000,16.228952
229E,946,94.6000,16.102353
229E,947,94.7000,16.320276
229E,948,94.8000,16.238889
229E,949,94.9000,16.329439
229E,950,95.0000,16.363420
229E,951,95.1000,16.310444
229E,952,95.2000,16.191172
229E,953,95.3000,16.218577
229E,954,95.4000,16.323586
229E,955,95.5000,16.368969
229E,956,95.6000,16.218041
229E,957,95.7000,16.154798
229E,958,95.8000,16.281950
229E,959,95.9000,16.436031
229E,960,96.0000,16.402018
229E,961,96.1000,16.314515
229E,962,96.2000,16.246347
229E,963,96.3000,16.298012
229E,964,96.4000,16.297689
229E,965,96.5000,16.347118
229E,966,96.6000,16.322748
229E,967,96.7000,16.289497
229E,968,96.8000,16.384912
229E,969,96.9000,16.278690
229E,970,97.0000,16.287414
229E,971,97.1000,16.388776
229E,972,97.2000,16.484671
229E,973,97.3000,16.334053
229E,974,97.4000,16.152283
229E,975,97.5000,16.196316
229E,976,97.6000,16.222294
229E,977,97.7000,16.293456
229E,978,97.8000,16.109463
229E,979,97.9000,16.035575
229E,980,98.0000,16.312425
229E,981,98.1000,16.174096
229E,982,98.2000,16.315479
229E,983,98.3000,16.196366
229E,984,98.4000,16.337608
229E,985,98.5000,16.195920
229E,986,98.6000,16.149516
229E,987,98.7000,16.283869
229E,988,98.8000,16.228180
229E,989,98.9000,16.160291
229E,990,99.0000,16.252233
229E,991,99.1000,16.235119
229E,992,99.2000,16.186611
229E,993,99.3000,16.268475
229E,994,99.4000,16.408115
229E,995,99.5000,16.252201
229E,996,99.6000,16.173685
229E,997,99.7000,16.332164
229E,998,99.8000,16.344706
229E,999,99.9000,16.318188
229E,1000,100.0000,16.274195
HKU1,0,0.0000,19.283188
HKU1,1,0.1000,19.519495
HKU1,2,0.2000,19.302065
HKU1,3,0.3000,19.273809
HKU1,4,0.4000,19.283786
HKU1,5,0.5000,19.239646
HKU1,6,0.6000,19.326537
HKU1,7,0.7000,19.229836
HKU1,8,0.8000,19.236240
HKU1,9,0.9000,19.291543
HKU1,10,1.0000,19.358052
HKU1,11,1.1000,19.274140
HKU1,12,1.2000,19.272823
HKU1,13,1.3000,19.286502
HKU1,14,1.4000,19.287986
HKU1,15,1.5000,19.188737
HKU1,16,1.6000,19.235676
HKU1,17,1.7000,19.221433
HKU1,18,1.8000,19.318901
HKU1,19,1.9000,19.197279
HKU1,20,2.0000,19.220095
HKU1,21,2.1000,19.182281
HKU1,22,2.2000,19.171013
HKU1,23,2.3000,19.268297
HKU1,24,2.4000,19.145016
HKU1,25,2.5000,19.270683
HKU1,26,2.6000,19.176515
HKU1,27,2.7000,19.272417
HKU1,28,2.8000,19.088886
HKU1,29,2.9000,19.224781
HKU1,30,3.0000,19.200528
HKU1,31,3.1000,19.109927
HKU1,32,3.2000,19.237396
HKU1,33,3.3000,19.142771
HKU1,34,3.4000,19.212751
HKU1,35,3.5000,19.208214
HKU1,36,3.6000,19.276983
HKU1,37,3.7000,19.226091
HKU1,38,3.8000,19.141482
HKU1,39,3.9000,19.071469
HKU1,40,4.0000,19.100842
HKU1,41,4.1000,19.195759
HKU1,42,4.2000,19.152877
HKU1,43,4.3000,19.260594
HKU1,44,4.4000,19.255145
HKU1,45,4.5000,19.309913
HKU1,46,4.6000,19.306171
HKU1,47,4.7000,19.282528
HKU1,48,4.8000,19.395403
HKU1,49,4.9000,19.293885
HKU1,50,5.0000,19.252249
HKU1,51,5.1000,19.230423
HKU1,52,5.2000,19.175501
HKU1,53,5.3000,19.210600
HKU1,54,5.4000,19.191936
HKU1,55,5.5000,19.209008
HKU1,56,5.6000,19.170813
HKU1,57,5.7000,19.237926
HKU1,58,5.8000,19.226239
HKU1,59,5.9000,19.195052
HKU1,60,6.0000,19.186117
HKU1,61,6.1000,19.194429
HKU1,62,6.2000,19.149232
HKU1,63,6.3000,19.171167
HKU1,64,6.4000,19.197645
HKU1,65,6.5000,19.248000
HKU1,66,6.6000,19.105355
HKU1,67,6.7000,19.195810
HKU1,68,6.8000,19.126539
HKU1,69,6.9000,19.234934
HKU1,70,7.0000,19.130905
HKU1,71,7.1000,19.282626
HKU1,72,7.2000,19.232286
HKU1,73,7.3000,19.253973
HKU1,74,7.4000,19.187032
HKU1,75,7.5000,19.165886
HKU1,76,7.6000,19.189485
HKU1,77,7.7000,19.188124
HKU1,78,7.8000,19.316734
HKU1,79,7.9000,19.220214
HKU1,80,8.0000,19.236625
HKU1,81,8.1000,19.090768
HKU1,82,8.2000,19.278912
HKU1,83,8.3000,19.135749
HKU1,84,8.4000,19.288423
HKU1,85,8.5000,19.218341
HKU1,86,8.6000,19.188073
HKU1,87,8.7000,19.172246
HKU1,88,8.8000,19.127687
HKU1,89,8.9000,19.181786
HKU1,90,9.0000,19.186193
HKU1,91,9.1000,19.228443
HKU1,92,9.2000,19.147976
HKU1,93,9.3000,19.228602
HKU1,94,9.4000,19.272204
HKU1,95,9.5000,19.198915
HKU1,96,9.6000,19.176031
HKU1,97,9.7000,19.098773
HKU1,98,9.8000,19.126157
HKU1,99,9.9000,19.113103
HKU1,100,10.0000,19.215228
HKU1,101,10.1000,19.167670
HKU1,102,10.2000,19.078333
HKU1,103,10.3000,19.112040
HKU1,104,10.4000,19.212647
HKU1,105,10.5000,19.299002
HKU1,106,10.6000,19.195457
HKU1,107,10.7000,19.180510
HKU1,108,10.8000,19.180818
HKU1,109,10.9000,19.262036
HKU1,110,11.0000,19.217251
HKU1,111,11.1000,19.200159
HKU1,112,11.2000,19.251531
HKU1,113,11.3000,19.235100
HKU1,114,11.4000,19.144159
HKU1,115,11.5000,19.278163
HKU1,116,11.6000,19.359951
HKU1,117,11.7000,19.321170
HKU1,118,11.8000,19.316693
HKU1,119,11.9000,19.382422
HKU1,120,12.0000,19.163828
HKU1,121,12.1000,19.153188
HKU1,122,12.2000,19.190851
HKU1,123,12.3000,19.267510
HKU1,124,12.4000,19.249171
HKU1,125,12.5000,19.290160
HKU1,126,12.6000,19.312576
HKU1,127,12.7000,19.229254
HKU1,128,12.8000,19.182372
HKU1,129,12.9000,19.152253
HKU1,130,13.0000,19.219639
HKU1,131,13.1000,19.235423
HKU1,132,13.2000,19.228507
HKU1,133,13.3000,19.296572
HKU1,134,13.4000,19.237113
HKU1,135,13.5000,19.140203
HKU1,136,13.6000,19.087496
HKU1,137,13.7000,19.227659
HKU1,138,13.8000,19.180555
HKU1,139,13.9000,19.236039
HKU1,140,14.0000,19.125386
HKU1,141,14.1000,19.226793
HKU1,142,14.2000,19.176895
HKU1,143,14.3000,19.188199
HKU1,144,14.4000,19.007499
HKU1,145,14.5000,19.161179
HKU1,146,14.6000,19.133269
HKU1,147,14.7000,19.189920
HKU1,148,14.8000,19.223114
HKU1,149,14.9000,19.241134
HKU1,150,15.0000,19.176913
HKU1,151,15.1000,19.114005
HKU1,152,15.2000,19.132612
HKU1,153,15.3000,19.125315
HKU1,154,15.4000,19.240825
HKU1,155,15.5000,19.178428
HKU1,156,15.6000,19.071019
HKU1,157,15.7000,19.144944
HKU1,158,15.8000,19.171238
HKU1,159,15.9000,19.146879
HKU1,160,16.0000,19.099833
HKU1,161,16.1000,19.138248
HKU1,162,16.2000,19.183847
HKU1,163,16.3000,19.139254
HKU1,164,16.4000,19.070589
HKU1,165,16.5000,19.271076
HKU1,166,16.6000,19.325263
HKU1,167,16.7000,19.246811
HKU1,168,16.8000,19.152792
HKU1,169,16.9000,19.333119
HKU1,170,17.0000,19.347159
HKU1,171,17.1000,19.317460
HKU1,172,17.2000,19.290441
HKU1,173,17.3000,19.238396
HKU1,174,17.4000,19.282258
HKU1,175,17.5000,19.387493
HKU1,176,17.6000,19.357508
HKU1,177,17.7000,19.205788
HKU1,178,17.8000,19.335879
HKU1,179,17.9000,19.227105
HKU1,180,18.0000,19.222249
HKU1,181,18.1000,19.257680
HKU1,182,18.2000,19.277829
HKU1,183,18.3000,19.222734
HKU1,184,18.4000,19.203772
HKU1,185,18.5000,19.121874
HKU1,186,18.6000,19.287868
HKU1,187,18.7000,19.337295
HKU1,188,18.8000,19.215727
HKU1,189,18.9000,19.211974
HKU1,190,19.0000,19.285838
HKU1,191,19.1000,19.173573
HKU1,192,19.2000,19.202690
HKU1,193,19.3000,19.253976
HKU1,194,19.4000,19.289537
HKU1,195,19.5000,19.123710
HKU1,196,19.6000,19.154150
HKU1,197,19.7000,19.244579
HKU1,198,19.8000,19.227233
HKU1,199,19.9000,19.269221
HKU1,200,20.0000,19.317567
HKU1,201,20.1000,19.332092
HKU1,202,20.2000,19.232150
HKU1,203,20.3000,19.238151
HKU1,204,20.4000,19.175938
HKU1,205,20.5000,19.117282
HKU1,206,20.6000,19.263077
HKU1,207,20.7000,19.228061
HKU1,208,20.8000,19.191468
HKU1,209,20.9000,19.249028
HKU1,210,21.0000,19.332801
HKU1,211,21.1000,19.184999
HKU1,212,21.2000,19.191420
HKU1,213,21.3000,19.171524
HKU1,214,21.4000,19.148420
HKU1,215,21.5000,19.217153
HKU1,216,21.6000,19.209182
HKU1,217,21.7000,19.158633
HKU1,218,21.8000,19.300613
HKU1,219,21.9000,19.224227
HKU1,220,22.0000,19.309446
HKU1,221,22.1000,19.163319
HKU1,222,22.2000,19.112992
HKU1,223,22.3000,19.189824
HKU1,224,22.4000,19.161749
HKU1,225,22.5000,19.167166
HKU1,226,22.6000,19.203278
HKU1,227,22.7000,19.197315
HKU1,228,22.8000,19.203800
HKU1,229,22.9000,19.144438
HKU1,230,23.0000,19.287507
HKU1,231,23.1000,19.079959
HKU1,232,23.2000,19.205276
HKU1,233,23.3000,19.290223
HKU1,234,23.4000,19.297959
HKU1,235,23.5000,19.298140
HKU1,236,23.6000,19.185502
HKU1,237,23.7000,19.237832
HKU1,238,23.8000,19.415292
HKU1,239,23.9000,19.251464
HKU1,240,24.0000,19.229114
HKU1,241,24.1000,19.282583
HKU1,242,24.2000,19.225338
HKU1,243,24.3000,19.299358
HKU1,244,24.4000,19.205872
HKU1,245,24.5000,19.305441
HKU1,246,24.6000,19.265318
HKU1,247,24.7000,19.208011
HKU1,248,24.8000,19.185528
HKU1,249,24.9000,19.257406
HKU1,250,25.0000,19.215194
HKU1,251,25.1000,19.206027
HKU1,252,25.2000,19.295367
HKU1,253,25.3000,19.304363
HKU1,254,25.4000,19.162345
HKU1,255,25.5000,19.216399
HKU1,256,25.6000,19.234423
HKU1,257,25.7000,19.196557
HKU1,258,25.8000,19.232615
HKU1,259,25.9000,19.218626
HKU1,260,26.0000,19.218901
HKU1,261,26.1000,19.318834
HKU1,262,26.2000,19.224570
HKU1,263,26.3000,19.240837
HKU1,264,26.4000,19.212117
HKU1,265,26.5000,19.277515
HKU1,266,26.6000,19.440549
HKU1,267,26.7000,19.294229
HKU1,268,26.8000,19.220735
HKU1,269,26.9000,19.308684
HKU1,270,27.0000,19.138347
HKU1,271,27.1000,19.214585
HKU1,272,27.2000,19.140679
HKU1,273,27.3000,19.296221
HKU1,274,27.4000,19.289832
HKU1,275,27.5000,19.342545
HKU1,276,27.6000,19.237364
HKU1,277,27.7000,19.300535
HKU1,278,27.8000,19.277355
HKU1,279,27.9000,19.217460
HKU1,280,28.0000,19.290496
HKU1,281,28.1000,19.157896
HKU1,282,28.2000,19.265967
HKU1,283,28.3000,19.162226
HKU1,284,28.4000,19.239776
HKU1,285,28.5000,19.291002
HKU1,286,28.6000,19.242499
HKU1,287,28.7000,19.298891
HKU1,288,28.8000,19.124140
HKU1,289,28.9000,19.269223
HKU1,290,29.0000,19.197367
HKU1,291,29.1000,19.167270
HKU1,292,29.2000,19.242461
HKU1,293,29.3000,19.303002
HKU1,294,29.4000,19.290821
HKU1,295,29.5000,19.174184
HKU1,296,29.6000,19.203086
HKU1,297,29.7000,19.183862
HKU1,298,29.8000,19.171173
HKU1,299,29.9000,19.140678
HKU1,300,30.0000,19.166696
HKU1,301,30.1000,19.313932
HKU1,302,30.2000,19.273395
HKU1,303,30.3000,19.272513
HKU1,304,30.4000,19.200787
HKU1,305,30.5000,19.199068
HKU1,306,30.6000,19.274599
HKU1,307,30.7000,19.245766
HKU1,308,30.8000,19.311805
HKU1,309,30.9000,19.196951
HKU1,310,31.0000,19.233914
HKU1,311,31.1000,19.215638
HKU1,312,31.2000,19.242586
HKU1,313,31.3000,19.207957
HKU1,314,31.4000,19.253552
HKU1,315,31.5000,19.165914
HKU1,316,31.6000,19.175730
HKU1,317,31.7000,19.257489
HKU1,318,31.8000,19.172744
HKU1,319,31.9000,19.266875
HKU1,320,32.0000,19.232696
HKU1,321,32.1000,19.209894
HKU1,322,32.2000,19.208992
HKU1,323,32.3000,19.226013
HKU1,324,32.4000,19.179953
HKU1,325,32.5000,19.314821
HKU1,326,32.6000,19.295354
HKU1,327,32.7000,19.224935
HKU1,328,32.8000,19.345257
HKU1,329,32.9000,19.264080
HKU1,330,33.0000,19.329955
HKU1,331,33.1000,19.168154
HKU1,332,33.2000,19.265222
HKU1,333,33.3000,19.344385
HKU1,334,33.4000,19.159981
HKU1,335,33.5000,19.288930
HKU1,336,33.6000,19.183903
HKU1,337,33.7000,19.282904
HKU1,338,33.8000,19.186027
HKU1,339,33.9000,19.264674
HKU1,340,34.0000,19.364326
HKU1,341,34.1000,19.310845
HKU1,342,34.2000,19.263466
HKU1,343,34.3000,19.321921
HKU1,344,34.4000,19.361952
HKU1,345,34.5000,19.301211
HKU1,346,34.6000,19.352151
HKU1,347,34.7000,19.383035
HKU1,348,34.8000,19.296163
HKU1,349,34.9000,19.238404
HKU1,350,35.0000,19.333392
HKU1,351,35.1000,19.329405
HKU1,352,35.2000,19.232766
HKU1,353,35.3000,19.271787
HKU1,354,35.4000,19.294867
HKU1,355,35.5000,19.220807
HKU1,356,35.6000,19.209707
HKU1,357,35.7000,19.295359
HKU1,358,35.8000,19.265215
HKU1,359,35.9000,19.167872
HKU1,360,36.0000,19.228388
HKU1,361,36.1000,19.240723
HKU1,362,36.2000,19.227238
HKU1,363,36.3000,19.207576
HKU1,364,36.4000,19.187812
HKU1,365,36.5000,19.234140
HKU1,366,36.6000,19.161724
HKU1,367,36.7000,19.271738
HKU1,368,36.8000,19.321431
HKU1,369,36.9000,19.219811
HKU1,370,37.0000,19.276326
HKU1,371,37.1000,19.319295
HKU1,372,37.2000,19.255402
HKU1,373,37.3000,19.277950
HKU1,374,37.4000,19.153351
HKU1,375,37.5000,19.245044
HKU1,376,37.6000,19.286441
HKU1,377,37.7000,19.244188
HKU1,378,37.8000,19.202784
HKU1,379,37.9000,19.368448
HKU1,380,38.0000,19.357899
HKU1,381,38.1000,19.290154
HKU1,382,38.2000,19.267963
HKU1,383,38.3000,19.296102
HKU1,384,38.4000,19.311578
HKU1,385,38.5000,19.336697
HKU1,386,38.6000,19.273242
HKU1,387,38.7000,19.416404
HKU1,388,38.8000,19.421223
HKU1,389,38.9000,19.265697
HKU1,390,39.0000,19.401298
HKU1,391,39.1000,19.334730
HKU1,392,39.2000,19.283559
HKU1,393,39.3000,19.194632
HKU1,394,39.4000,19.272558
HKU1,395,39.5000,19.340393
HKU1,396,39.6000,19.270595
HKU1,397,39.7000,19.345235
HKU1,398,39.8000,19.282661
HKU1,399,39.9000,19.242769
HKU1,400,40.0000,19.236653
HKU1,401,40.1000,19.161510
HKU1,402,40.2000,19.207171
HKU1,403,40.3000,19.168650
HKU1,404,40.4000,19.270927
HKU1,405,40.5000,19.281725
HKU1,406,40.6000,19.218226
HKU1,407,40.7000,19.200367
HKU1,408,40.8000,19.287633
HKU1,409,40.9000,19.255338
HKU1,410,41.0000,19.237449
HKU1,411,41.1000,19.276504
HKU1,412,41.2000,19.254750
HKU1,413,41.3000,19.287501
HKU1,414,41.4000,19.230961
HKU1,415,41.5000,19.236791
HKU1,416,41.6000,19.142301
HKU1,417,41.7000,19.316690
HKU1,418,41.8000,19.274988
HKU1,419,41.9000,19.207719
HKU1,420,42.0000,19.210928
HKU1,421,42.1000,19.265663
HKU1,422,42.2000,19.325332
HKU1,423,42.3000,19.245848
HKU1,424,42.4000,19.279488
HKU1,425,42.5000,19.166612
HKU1,426,42.6000,19.360605
HKU1,427,42.7000,19.238227
HKU1,428,42.8000,19.285474
HKU1,429,42.9000,19.232802
HKU1,430,43.0000,19.410697
HKU1,431,43.1000,19.466319
HKU1,432,43.2000,19.473601
HKU1,433,43.3000,19.511750
HKU1,434,43.4000,19.520253
HKU1,435,43.5000,19.375863
HKU1,436,43.6000,19.452309
HKU1,437,43.7000,19.520301
HKU1,438,43.8000,19.470984
HKU1,439,43.9000,19.395640
HKU1,440,44.0000,19.463405
HKU1,441,44.1000,19.482112
HKU1,442,44.2000,19.377812
HKU1,443,44.3000,19.408666
HKU1,444,44.4000,19.503167
HKU1,445,44.5000,19.540481
HKU1,446,44.6000,19.389124
HKU1,447,44.7000,19.439023
HKU1,448,44.8000,19.455369
HKU1,449,44.9000,19.348779
HKU1,450,45.0000,19.212062
HKU1,451,45.1000,19.285706
HKU1,452,45.2000,19.180905
HKU1,453,45.3000,19.368246
HKU1,454,45.4000,19.317584
HKU1,455,45.5000,19.324555
HKU1,456,45.6000,19.384198
HKU1,457,45.7000,19.309474
HKU1,458,45.8000,19.323422
HKU1,459,45.9000,19.266244
HKU1,460,46.0000,19.185312
HKU1,461,46.1000,19.330023
HKU1,462,46.2000,19.312929
HKU1,463,46.3000,19.151592
HKU1,464,46.4000,19.182782
HKU1,465,46.5000,19.234168
HKU1,466,46.6000,19.361405
HKU1,467,46.7000,19.322980
HKU1,468,46.8000,19.089879
HKU1,469,46.9000,19.343358
HKU1,470,47.0000,19.352689
HKU1,471,47.1000,19.370222
HKU1,472,47.2000,19.340706
HKU1,473,47.3000,19.281730
HKU1,474,47.4000,19.178963
HKU1,475,47.5000,19.248968
HKU1,476,47.6000,19.367185
HKU1,477,47.7000,19.267606
HKU1,478,47.8000,19.231831
HKU1,479,47.9000,19.209364
HKU1,480,48.0000,19.184961
HKU1,481,48.1000,19.186729
HKU1,482,48.2000,19.231095
HKU1,483,48.3000,19.308355
HKU1,484,48.4000,19.182179
HKU1,485,48.5000,19.278745
HKU1,486,48.6000,19.202848
HKU1,487,48.7000,19.188746
HKU1,488,48.8000,19.200943
HKU1,489,48.9000,19.260914
HKU1,490,49.0000,19.270740
HKU1,491,49.1000,19.333857
HKU1,492,49.2000,19.230321
HKU1,493,49.3000,19.255975
HKU1,494,49.4000,19.246695
HKU1,495,49.5000,19.198369
HKU1,496,49.6000,19.231199
HKU1,497,49.7000,19.215360
HKU1,498,49.8000,19.239567
HKU1,499,49.9000,19.217344
HKU1,500,50.0000,19.039490
HKU1,501,50.1000,19.145255
HKU1,502,50.2000,19.134599
HKU1,503,50.3000,19.086745
HKU1,504,50.4000,19.165489
HKU1,505,50.5000,19.211570
HKU1,506,50.6000,19.091721
HKU1,507,50.7000,19.202696
HKU1,508,50.8000,19.110997
HKU1,509,50.9000,19.224464
HKU1,510,51.0000,19.191481
HKU1,511,51.1000,19.107143
HKU1,512,51.2000,19.109113
HKU1,513,51.3000,19.224137
HKU1,514,51.4000,19.102640
HKU1,515,51.5000,19.259441
HKU1,516,51.6000,19.171102
HKU1,517,51.7000,19.180839
HKU1,518,51.8000,19.157761
HKU1,519,51.9000,19.211992
HKU1,520,52.0000,19.174002
HKU1,521,52.1000,19.201611
HKU1,522,52.2000,19.082735
HKU1,523,52.3000,19.220646
HKU1,524,52.4000,19.162766
HKU1,525,52.5000,19.081682
HKU1,526,52.6000,19.151677
HKU1,527,52.7000,19.130476
HKU1,528,52.8000,19.205655
HKU1,529,52.9000,19.093637
HKU1,530,53.0000,19.029173
HKU1,531,53.1000,18.992402
HKU1,532,53.2000,19.084310
HKU1,533,53.3000,19.093918
HKU1,534,53.4000,19.079645
HKU1,535,53.5000,19.101012
HKU1,536,53.6000,19.070648
HKU1,537,53.7000,19.080340
HKU1,538,53.8000,19.078451
HKU1,539,53.9000,19.141186
HKU1,540,54.0000,19.000564
HKU1,541,54.1000,19.107771
HKU1,542,54.2000,19.083070
HKU1,543,54.3000,19.147309
HKU1,544,54.4000,19.124796
HKU1,545,54.5000,19.058322
HKU1,546,54.6000,19.121310
HKU1,547,54.7000,19.053882
HKU1,548,54.8000,19.020723
HKU1,549,54.9000,19.169161
HKU1,550,55.0000,19.101992
HKU1,551,55.1000,19.067264
HKU1,552,55.2000,19.099825
HKU1,553,55.3000,19.148249
HKU1,554,55.4000,19.069299
HKU1,555,55.5000,19.194312
HKU1,556,55.6000,19.104173
HKU1,557,55.7000,19.102388
HKU1,558,55.8000,19.158585
HKU1,559,55.9000,19.035052
HKU1,560,56.0000,19.139014
HKU1,561,56.1000,19.111147
HKU1,562,56.2000,19.017454
HKU1,563,56.3000,19.031822
HKU1,564,56.4000,19.137378
HKU1,565,56.5000,19.042821
HKU1,566,56.6000,19.163934
HKU1,567,56.7000,19.186959
HKU1,568,56.8000,19.144782
HKU1,569,56.9000,19.175356
HKU1,570,57.0000,19.131531
HKU1,571,57.1000,19.149779
HKU1,572,57.2000,19.094521
HKU1,573,57.3000,19.055493
HKU1,574,57.4000,19.156279
HKU1,575,57.5000,19.087606
HKU1,576,57.6000,19.167875
HKU1,577,57.7000,19.087882
HKU1,578,57.8000,19.135252
HKU1,579,57.9000,19.098609
HKU1,580,58.0000,19.128936
HKU1,581,58.1000,19.143575
HKU1,582,58.2000,19.082825
HKU1,583,58.3000,19.036830
HKU1,584,58.4000,19.133599
HKU1,585,58.5000,19.261869
HKU1,586,58.6000,19.160924
HKU1,587,58.7000,19.328219
HKU1,588,58.8000,19.193038
HKU1,589,58.9000,19.184268
HKU1,590,59.0000,19.183894
HKU1,591,59.1000,19.188576
HKU1,592,59.2000,19.144916
HKU1,593,59.3000,19.263248
HKU1,594,59.4000,19.163915
HKU1,595,59.5000,19.208099
HKU1,596,59.6000,19.250043
HKU1,597,59.7000,19.191709
HKU1,598,59.8000,19.334943
HKU1,599,59.9000,19.236192
HKU1,600,60.0000,19.320233
HKU1,601,60.1000,19.188658
HKU1,602,60.2000,19.144860
HKU1,603,60.3000,19.102313
HKU1,604,60.4000,19.134745
HKU1,605,60.5000,18.977188
HKU1,606,60.6000,19.045773
HKU1,607,60.7000,19.113556
HKU1,608,60.8000,19.133761
HKU1,609,60.9000,19.210622
HKU1,610,61.0000,19.164119
HKU1,611,61.1000,19.173645
HKU1,612,61.2000,19.120712
HKU1,613,61.3000,19.234497
HKU1,614,61.4000,19.118219
HKU1,615,61.5000,19.099312
HKU1,616,61.6000,19.071133
HKU1,617,61.7000,19.082639
HKU1,618,61.8000,19.064452
HKU1,619,61.9000,19.053708
HKU1,620,62.0000,19.138599
HKU1,621,62.1000,19.061271
HKU1,622,62.2000,19.147779
HKU1,623,62.3000,19.204727
HKU1,624,62.4000,19.217520
HKU1,625,62.5000,19.150147
HKU1,626,62.6000,19.101286
HKU1,627,62.7000,19.069195
HKU1,628,62.8000,19.189198
HKU1,629,62.9000,19.195260
HKU1,630,63.0000,19.167956
HKU1,631,63.1000,19.045794
HKU1,632,63.2000,19.194441
HKU1,633,63.3000,19.123296
HKU1,634,63.4000,19.112813
HKU1,635,63.5000,19.090061
HKU1,636,63.6000,19.002637
HKU1,637,63.7000,19.055386
HKU1,638,63.8000,19.190483
HKU1,639,63.9000,19.099436
HKU1,640,64.0000,19.083760
HKU1,641,64.1000,19.081902
HKU1,642,64.2000,19.104048
HKU1,643,64.3000,19.081803
HKU1,644,64.4000,18.988877
HKU1,645,64.5000,19.119940
HKU1,646,64.6000,19.142345
HKU1,647,64.7000,19.152383
HKU1,648,64.8000,19.151715
HKU1,649,64.9000,19.127183
HKU1,650,65.0000,19.130799
HKU1,651,65.1000,19.134069
HKU1,652,65.2000,19.136212
HKU1,653,65.3000,19.153794
HKU1,654,65.4000,19.133936
HKU1,655,65.5000,19.151579
HKU1,656,65.6000,19.202235
HKU1,657,65.7000,19.184648
HKU1,658,65.8000,19.155569
HKU1,659,65.9000,19.187992
HKU1,660,66.0000,19.175765
HKU1,661,66.1000,19.102105
HKU1,662,66.2000,19.101319
HKU1,663,66.3000,19.161032
HKU1,664,66.4000,19.079140
HKU1,665,66.5000,19.146110
HKU1,666,66.6000,19.120946
HKU1,667,66.7000,19.148729
HKU1,668,66.8000,19.051738
HKU1,669,66.9000,19.028767
HKU1,670,67.0000,19.081161
HKU1,671,67.1000,19.074051
HKU1,672,67.2000,19.090232
HKU1,673,67.3000,19.018856
HKU1,674,67.4000,19.096053
HKU1,675,67.5000,19.034055
HKU1,676,67.6000,19.060524
HKU1,677,67.7000,19.086414
HKU1,678,67.8000,19.154739
HKU1,679,67.9000,19.079922
HKU1,680,68.0000,19.191897
HKU1,681,68.1000,19.067286
HKU1,682,68.2000,19.198388
HKU1,683,68.3000,19.148381
HKU1,684,68.4000,19.155669
HKU1,685,68.5000,19.108717
HKU1,686,68.6000,19.216833
HKU1,687,68.7000,19.179216
HKU1,688,68.8000,19.138988
HKU1,689,68.9000,19.271505
HKU1,690,69.0000,19.109657
HKU1,691,69.1000,19.168000
HKU1,692,69.2000,19.125054
HKU1,693,69.3000,19.200692
HKU1,694,69.4000,19.119330
HKU1,695,69.5000,19.129063
HKU1,696,69.6000,19.118843
HKU1,697,69.7000,19.191997
HKU1,698,69.8000,19.132472
HKU1,699,69.9000,19.221819
HKU1,700,70.0000,19.227108
HKU1,701,70.1000,19.193476
HKU1,702,70.2000,19.187089
HKU1,703,70.3000,19.184897
HKU1,704,70.4000,19.196686
HKU1,705,70.5000,19.158014
HKU1,706,70.6000,19.180221
HKU1,707,70.7000,19.139251
HKU1,708,70.8000,19.122074
HKU1,709,70.9000,19.166701
HKU1,710,71.0000,19.155825
HKU1,711,71.1000,19.136215
HKU1,712,71.2000,19.237268
HKU1,713,71.3000,19.266280
HKU1,714,71.4000,19.240055
HKU1,715,71.5000,19.121582
HKU1,716,71.6000,19.165068
HKU1,717,71.7000,19.139406
HKU1,718,71.8000,19.204500
HKU1,719,71.9000,19.160963
HKU1,720,72.0000,19.196641
HKU1,721,72.1000,19.125485
HKU1,722,72.2000,19.081610
HKU1,723,72.3000,19.146383
HKU1,724,72.4000,19.177915
HKU1,725,72.5000,19.113107
HKU1,726,72.6000,19.097532
HKU1,727,72.7000,19.098278
HKU1,728,72.8000,19.139598
HKU1,729,72.9000,19.145899
HKU1,730,73.0000,19.075276
HKU1,731,73.1000,19.134802
HKU1,732,73.2000,19.153428
HKU1,733,73.3000,19.116919
HKU1,734,73.4000,19.077487
HKU1,735,73.5000,19.167201
HKU1,736,73.6000,19.142309
HKU1,737,73.7000,19.095950
HKU1,738,73.8000,19.154477
HKU1,739,73.9000,19.146525
HKU1,740,74.0000,19.187788
HKU1,741,74.1000,19.128624
HKU1,742,74.2000,19.048298
HKU1,743,74.3000,19.131429
HKU1,744,74.4000,19.160894
HKU1,745,74.5000,19.131885
HKU1,746,74.6000,19.007014
HKU1,747,74.7000,19.143648
HKU1,748,74.8000,19.098554
HKU1,749,74.9000,19.206525
HKU1,750,75.0000,19.175176
HKU1,751,75.1000,19.160151
HKU1,752,75.2000,19.179098
HKU1,753,75.3000,19.194327
HKU1,754,75.4000,19.206155
HKU1,755,75.5000,19.193191
HKU1,756,75.6000,19.096923
HKU1,757,75.7000,19.147843
HKU1,758,75.8000,19.209550
HKU1,759,75.9000,19.242508
HKU1,760,76.0000,19.132997
HKU1,761,76.1000,19.051956
HKU1,762,76.2000,19.138005
HKU1,763,76.3000,19.192943
HKU1,764,76.4000,19.157645
HKU1,765,76.5000,19.094220
HKU1,766,76.6000,19.103676
HKU1,767,76.7000,19.213041
HKU1,768,76.8000,19.035948
HKU1,769,76.9000,19.141509
HKU1,770,77.0000,19.095388
HKU1,771,77.1000,19.055480
HKU1,772,77.2000,19.134800
HKU1,773,77.3000,19.260050
HKU1,774,77.4000,19.223048
HKU1,775,77.5000,19.082091
HKU1,776,77.6000,19.224986
HKU1,777,77.7000,19.130433
HKU1,778,77.8000,19.094052
HKU1,779,77.9000,19.119426
HKU1,780,78.0000,19.255424
HKU1,781,78.1000,19.133166
HKU1,782,78.2000,19.176740
HKU1,783,78.3000,19.083262
HKU1,784,78.4000,19.155021
HKU1,785,78.5000,19.171672
HKU1,786,78.6000,19.215587
HKU1,787,78.7000,19.167221
HKU1,788,78.8000,19.238597
HKU1,789,78.9000,19.208725
HKU1,790,79.0000,19.209703
HKU1,791,79.1000,19.133255
HKU1,792,79.2000,19.191679
HKU1,793,79.3000,19.205028
HKU1,794,79.4000,19.120537
HKU1,795,79.5000,19.094946
HKU1,796,79.6000,19.240207
HKU1,797,79.7000,19.265654
HKU1,798,79.8000,19.123266
HKU1,799,79.9000,19.154516
HKU1,800,80.0000,19.227144
HKU1,801,80.1000,19.082905
HKU1,802,80.2000,19.201991
HKU1,803,80.3000,19.128675
HKU1,804,80.4000,19.079713
HKU1,805,80.5000,19.047020
HKU1,806,80.6000,19.111036
HKU1,807,80.7000,19.122977
HKU1,808,80.8000,19.086298
HKU1,809,80.9000,19.129068
HKU1,810,81.0000,19.210486
HKU1,811,81.1000,19.164434
HKU1,812,81.2000,19.117639
HKU1,813,81.3000,19.143641
HKU1,814,81.4000,19.135540
HKU1,815,81.5000,19.154389
HKU1,816,81.6000,19.106615
HKU1,817,81.7000,19.141618
HKU1,818,81.8000,19.155438
HKU1,819,81.9000,19.154890
HKU1,820,82.0000,19.121694
HKU1,821,82.1000,19.135011
HKU1,822,82.2000,19.096442
HKU1,823,82.3000,19.187312
HKU1,824,82.4000,19.095848
HKU1,825,82.5000,19.071874
HKU1,826,82.6000,19.079014
HKU1,827,82.7000,19.033683
HKU1,828,82.8000,19.042512
HKU1,829,82.9000,19.111596
HKU1,830,83.0000,19.013751
HKU1,831,83.1000,19.040008
HKU1,832,83.2000,19.048197
HKU1,833,83.3000,19.037033
HKU1,834,83.4000,19.114484
HKU1,835,83.5000,19.069226
HKU1,836,83.6000,19.075483
HKU1,837,83.7000,19.148801
HKU1,838,83.8000,19.185882
HKU1,839,83.9000,19.061241
HKU1,840,84.0000,19.124820
HKU1,841,84.1000,19.093408
HKU1,842,84.2000,19.098428
HKU1,843,84.3000,19.066991
HKU1,844,84.4000,19.075186
HKU1,845,84.5000,19.046919
HKU1,846,84.6000,19.036790
HKU1,847,84.7000,19.122605
HKU1,848,84.8000,19.153433
HKU1,849,84.9000,19.125788
HKU1,850,85.0000,19.137033
HKU1,851,85.1000,19.120460
HKU1,852,85.2000,19.135290
HKU1,853,85.3000,19.113552
HKU1,854,85.4000,19.079391
HKU1,855,85.5000,19.072017
HKU1,856,85.6000,19.024296
HKU1,857,85.7000,19.053606
HKU1,858,85.8000,19.105874
HKU1,859,85.9000,19.108090
HKU1,860,86.0000,19.149850
HKU1,861,86.1000,19.141721
HKU1,862,86.2000,19.177907
HKU1,863,86.3000,19.145234
HKU1,864,86.4000,19.082386
HKU1,865,86.5000,19.079027
HKU1,866,86.6000,19.102615
HKU1,867,86.7000,19.024396
HKU1,868,86.8000,19.056355
HKU1,869,86.9000,19.096663
HKU1,870,87.0000,19.050282
HKU1,871,87.1000,18.992551
HKU1,872,87.2000,19.095301
HKU1,873,87.3000,19.037687
HKU1,874,87.4000,19.134908
HKU1,875,87.5000,19.153855
HKU1,876,87.6000,19.154609
HKU1,877,87.7000,19.019418
HKU1,878,87.8000,19.053697
HKU1,879,87.9000,19.145072
HKU1,880,88.0000,19.166229
HKU1,881,88.1000,19.090134
HKU1,882,88.2000,19.120976
HKU1,883,88.3000,19.153215
HKU1,884,88.4000,19.180079
HKU1,885,88.5000,19.081575
HKU1,886,88.6000,19.135380
HKU1,887,88.7000,19.131626
HKU1,888,88.8000,19.118646
HKU1,889,88.9000,19.150238
HKU1,890,89.0000,19.052207
HKU1,891,89.1000,19.068388
HKU1,892,89.2000,19.039911
HKU1,893,89.3000,19.141130
HKU1,894,89.4000,19.076337
HKU1,895,89.5000,19.044740
HKU1,896,89.6000,19.065771
HKU1,897,89.7000,19.049142
HKU1,898,89.8000,18.971229
HKU1,899,89.9000,18.951548
HKU1,900,90.0000,18.998242
HKU1,901,90.1000,19.061173
HKU1,902,90.2000,18.936915
HKU1,903,90.3000,19.063031
HKU1,904,90.4000,19.049324
HKU1,905,90.5000,19.106767
HKU1,906,90.6000,19.107056
HKU1,907,90.7000,19.028848
HKU1,908,90.8000,19.003520
HKU1,909,90.9000,19.100992
HKU1,910,91.0000,19.078866
HKU1,911,91.1000,19.050086
HKU1,912,91.2000,19.064027
HKU1,913,91.3000,19.125330
HKU1,914,91.4000,19.138001
HKU1,915,91.5000,19.069110
HKU1,916,91.6000,19.050201
HKU1,917,91.7000,19.044570
HKU1,918,91.8000,19.207116
HKU1,919,91.9000,19.247385
HKU1,920,92.0000,19.136135
HKU1,921,92.1000,19.104944
HKU1,922,92.2000,19.164246
HKU1,923,92.3000,19.120636
HKU1,924,92.4000,19.088882
HKU1,925,92.5000,19.140563
HKU1,926,92.6000,19.186323
HKU1,927,92.7000,19.094183
HKU1,928,92.8000,19.116109
HKU1,929,92.9000,19.113345
HKU1,930,93.0000,19.186210
HKU1,931,93.1000,19.194597
HKU1,932,93.2000,19.106332
HKU1,933,93.3000,19.078492
HKU1,934,93.4000,19.139720
HKU1,935,93.5000,19.147772
HKU1,936,93.6000,19.130763
HKU1,937,93.7000,19.065053
HKU1,938,93.8000,19.090007
HKU1,939,93.9000,19.161700
HKU1,940,94.0000,19.323436
HKU1,941,94.1000,19.174736
HKU1,942,94.2000,19.036856
HKU1,943,94.3000,19.097040
HKU1,944,94.4000,19.137871
HKU1,945,94.5000,19.149121
HKU1,946,94.6000,19.037369
HKU1,947,94.7000,19.076890
HKU1,948,94.8000,19.130608
HKU1,949,94.9000,19.094680
HKU1,950,95.0000,19.100134
HKU1,951,95.1000,19.143811
HKU1,952,95.2000,19.066162
HKU1,953,95.3000,19.054474
HKU1,954,95.4000,19.056385
HKU1,955,95.5000,19.058765
HKU1,956,95.6000,19.205665
HKU1,957,95.7000,19.215732
HKU1,958,95.8000,19.200452
HKU1,959,95.9000,19.080629
HKU1,960,96.0000,19.108076
HKU1,961,96.1000,19.075099
HKU1,962,96.2000,19.067833
HKU1,963,96.3000,19.034765
HKU1,964,96.4000,19.026119
HKU1,965,96.5000,19.041315
HKU1,966,96.6000,19.107399
HKU1,967,96.7000,19.147064
HKU1,968,96.8000,19.139027
HKU1,969,96.9000,19.028482
HKU1,970,97.0000,19.095831
HKU1,971,97.1000,19.165454
HKU1,972,97.2000,19.041689
HKU1,973,97.3000,19.004756
HKU1,974,97.4000,19.019041
HKU1,975,97.5000,19.054049
HKU1,976,97.6000,19.284717
HKU1,977,97.7000,19.155153
HKU1,978,97.8000,19.159063
HKU1,979,97.9000,19.197312
HKU1,980,98.0000,19.030446
HKU1,981,98.1000,19.100659
HKU1,982,98.2000,19.214471
HKU1,983,98.3000,19.211621
HKU1,984,98.4000,19.213474
HKU1,985,98.5000,19.080960
HKU1,986,98.6000,19.104647
HKU1,987,98.7000,19.102017
HKU1,988,98.8000,19.053235
HKU1,989,98.9000,19.196464
HKU1,990,99.0000,19.036661
HKU1,991,99.1000,19.098709
HKU1,992,99.2000,19.111894
HKU1,993,99.3000,19.187090
HKU1,994,99.4000,19.150322
HKU1,995,99.5000,19.251728
HKU1,996,99.6000,19.155880
HKU1,997,99.7000,19.153276
HKU1,998,99.8000,19.126599
HKU1,999,99.9000,19.145116
HKU1,1000,100.0000,19.239130
