system,bin_index,bin_start_ns,bin_end_ns,residue_label,contact_frequency_percent_4A
MERS,0,0.0000,2.0000,VAL555,100.000000
MERS,0,0.0000,2.0000,TYR540,100.000000
MERS,0,0.0000,2.0000,ALA556,85.714286
MERS,0,0.0000,2.0000,LYS502,90.476190
MERS,0,0.0000,2.0000,SER557,66.666667
MERS,0,0.0000,2.0000,SER504,71.428571
MERS,0,0.0000,2.0000,LEU506,90.476190
MERS,0,0.0000,2.0000,GLU513,66.666667
MERS,0,0.0000,2.0000,ARG542,100.000000
MERS,0,0.0000,2.0000,TRP553,90.476190
MERS,1,2.1000,4.0000,VAL555,100.000000
MERS,1,2.1000,4.0000,TYR540,95.000000
MERS,1,2.1000,4.0000,ALA556,95.000000
MERS,1,2.1000,4.0000,LYS502,90.000000
MERS,1,2.1000,4.0000,SER557,85.000000
MERS,1,2.1000,4.0000,SER504,90.000000
MERS,1,2.1000,4.0000,LEU506,95.000000
MERS,1,2.1000,4.0000,GLU513,70.000000
MERS,1,2.1000,4.0000,ARG542,100.000000
MERS,1,2.1000,4.0000,TRP553,95.000000
MERS,2,4.1000,6.0000,VAL555,100.000000
MERS,2,4.1000,6.0000,TYR540,100.000000
MERS,2,4.1000,6.0000,ALA556,95.000000
MERS,2,4.1000,6.0000,LYS502,95.000000
MERS,2,4.1000,6.0000,SER557,80.000000
MERS,2,4.1000,6.0000,SER504,85.000000
MERS,2,4.1000,6.0000,LEU506,55.000000
MERS,2,4.1000,6.0000,GLU513,90.000000
MERS,2,4.1000,6.0000,ARG542,100.000000
MERS,2,4.1000,6.0000,TRP553,45.000000
MERS,3,6.1000,8.0000,VAL555,100.000000
MERS,3,6.1000,8.0000,TYR540,100.000000
MERS,3,6.1000,8.0000,ALA556,85.000000
MERS,3,6.1000,8.0000,LYS502,80.000000
MERS,3,6.1000,8.0000,SER557,55.000000
MERS,3,6.1000,8.0000,SER504,55.000000
MERS,3,6.1000,8.0000,LEU506,30.000000
MERS,3,6.1000,8.0000,GLU513,75.000000
MERS,3,6.1000,8.0000,ARG542,100.000000
MERS,3,6.1000,8.0000,TRP553,0.000000
MERS,4,8.1000,10.0000,VAL555,100.000000
MERS,4,8.1000,10.0000,TYR540,100.000000
MERS,4,8.1000,10.0000,ALA556,95.000000
MERS,4,8.1000,10.0000,LYS502,95.000000
MERS,4,8.1000,10.0000,SER557,35.000000
MERS,4,8.1000,10.0000,SER504,75.000000
MERS,4,8.1000,10.0000,LEU506,25.000000
MERS,4,8.1000,10.0000,GLU513,95.000000
MERS,4,8.1000,10.0000,ARG542,95.000000
MERS,4,8.1000,10.0000,TRP553,0.000000
MERS,5,10.1000,12.0000,VAL555,100.000000
MERS,5,10.1000,12.0000,TYR540,95.000000
MERS,5,10.1000,12.0000,ALA556,100.000000
MERS,5,10.1000,12.0000,LYS502,75.000000
MERS,5,10.1000,12.0000,SER557,95.000000
MERS,5,10.1000,12.0000,SER504,70.000000
MERS,5,10.1000,12.0000,LEU506,15.000000
MERS,5,10.1000,12.0000,GLU513,65.000000
MERS,5,10.1000,12.0000,ARG542,100.000000
MERS,5,10.1000,12.0000,TRP553,0.000000
MERS,6,12.1000,14.0000,VAL555,100.000000
MERS,6,12.1000,14.0000,TYR540,100.000000
MERS,6,12.1000,14.0000,ALA556,100.000000
MERS,6,12.1000,14.0000,LYS502,90.000000
MERS,6,12.1000,14.0000,SER557,95.000000
MERS,6,12.1000,14.0000,SER504,80.000000
MERS,6,12.1000,14.0000,LEU506,5.000000
MERS,6,12.1000,14.0000,GLU513,65.000000
MERS,6,12.1000,14.0000,ARG542,100.000000
MERS,6,12.1000,14.0000,TRP553,0.000000
MERS,7,14.1000,16.0000,VAL555,95.000000
MERS,7,14.1000,16.0000,TYR540,100.000000
MERS,7,14.1000,16.0000,ALA556,90.000000
MERS,7,14.1000,16.0000,LYS502,100.000000
MERS,7,14.1000,16.0000,SER557,85.000000
MERS,7,14.1000,16.0000,SER504,90.000000
MERS,7,14.1000,16.0000,LEU506,5.000000
MERS,7,14.1000,16.0000,GLU513,80.000000
MERS,7,14.1000,16.0000,ARG542,75.000000
MERS,7,14.1000,16.0000,TRP553,0.000000
MERS,8,16.1000,18.0000,VAL555,100.000000
MERS,8,16.1000,18.0000,TYR540,100.000000
MERS,8,16.1000,18.0000,ALA556,85.000000
MERS,8,16.1000,18.0000,LYS502,95.000000
MERS,8,16.1000,18.0000,SER557,65.000000
MERS,8,16.1000,18.0000,SER504,80.000000
MERS,8,16.1000,18.0000,LEU506,95.000000
MERS,8,16.1000,18.0000,GLU513,85.000000
MERS,8,16.1000,18.0000,ARG542,70.000000
MERS,8,16.1000,18.0000,TRP553,60.000000
MERS,9,18.1000,20.0000,VAL555,100.000000
MERS,9,18.1000,20.0000,TYR540,100.000000
MERS,9,18.1000,20.0000,ALA556,100.000000
MERS,9,18.1000,20.0000,LYS502,85.000000
MERS,9,18.1000,20.0000,SER557,90.000000
MERS,9,18.1000,20.0000,SER504,55.000000
MERS,9,18.1000,20.0000,LEU506,95.000000
MERS,9,18.1000,20.0000,GLU513,75.000000
MERS,9,18.1000,20.0000,ARG542,85.000000
MERS,9,18.1000,20.0000,TRP553,100.000000
MERS,10,20.1000,22.0000,VAL555,100.000000
MERS,10,20.1000,22.0000,TYR540,100.000000
MERS,10,20.1000,22.0000,ALA556,100.000000
MERS,10,20.1000,22.0000,LYS502,85.000000
MERS,10,20.1000,22.0000,SER557,100.000000
MERS,10,20.1000,22.0000,SER504,95.000000
MERS,10,20.1000,22.0000,LEU506,100.000000
MERS,10,20.1000,22.0000,GLU513,75.000000
MERS,10,20.1000,22.0000,ARG542,90.000000
MERS,10,20.1000,22.0000,TRP553,100.000000
MERS,11,22.1000,24.0000,VAL555,100.000000
MERS,11,22.1000,24.0000,TYR540,100.000000
MERS,11,22.1000,24.0000,ALA556,100.000000
MERS,11,22.1000,24.0000,LYS502,90.000000
MERS,11,22.1000,24.0000,SER557,95.000000
MERS,11,22.1000,24.0000,SER504,85.000000
MERS,11,22.1000,24.0000,LEU506,100.000000
MERS,11,22.1000,24.0000,GLU513,90.000000
MERS,11,22.1000,24.0000,ARG542,55.000000
MERS,11,22.1000,24.0000,TRP553,90.000000
MERS,12,24.1000,26.0000,VAL555,100.000000
MERS,12,24.1000,26.0000,TYR540,100.000000
MERS,12,24.1000,26.0000,ALA556,95.000000
MERS,12,24.1000,26.0000,LYS502,95.000000
MERS,12,24.1000,26.0000,SER557,100.000000
MERS,12,24.1000,26.0000,SER504,85.000000
MERS,12,24.1000,26.0000,LEU506,100.000000
MERS,12,24.1000,26.0000,GLU513,95.000000
MERS,12,24.1000,26.0000,ARG542,45.000000
MERS,12,24.1000,26.0000,TRP553,75.000000
MERS,13,26.1000,28.0000,VAL555,100.000000
MERS,13,26.1000,28.0000,TYR540,100.000000
MERS,13,26.1000,28.0000,ALA556,95.000000
MERS,13,26.1000,28.0000,LYS502,95.000000
MERS,13,26.1000,28.0000,SER557,90.000000
MERS,13,26.1000,28.0000,SER504,80.000000
MERS,13,26.1000,28.0000,LEU506,100.000000
MERS,13,26.1000,28.0000,GLU513,70.000000
MERS,13,26.1000,28.0000,ARG542,35.000000
MERS,13,26.1000,28.0000,TRP553,90.000000
MERS,14,28.1000,30.0000,VAL555,100.000000
MERS,14,28.1000,30.0000,TYR540,100.000000
MERS,14,28.1000,30.0000,ALA556,85.000000
MERS,14,28.1000,30.0000,LYS502,100.000000
MERS,14,28.1000,30.0000,SER557,95.000000
MERS,14,28.1000,30.0000,SER504,95.000000
MERS,14,28.1000,30.0000,LEU506,100.000000
MERS,14,28.1000,30.0000,GLU513,100.000000
MERS,14,28.1000,30.0000,ARG542,45.000000
MERS,14,28.1000,30.0000,TRP553,95.000000
MERS,15,30.1000,32.0000,VAL555,100.000000
MERS,15,30.1000,32.0000,TYR540,100.000000
MERS,15,30.1000,32.0000,ALA556,85.000000
MERS,15,30.1000,32.0000,LYS502,100.000000
MERS,15,30.1000,32.0000,SER557,100.000000
MERS,15,30.1000,32.0000,SER504,90.000000
MERS,15,30.1000,32.0000,LEU506,95.000000
MERS,15,30.1000,32.0000,GLU513,100.000000
MERS,15,30.1000,32.0000,ARG542,50.000000
MERS,15,30.1000,32.0000,TRP553,95.000000
MERS,16,32.1000,34.0000,VAL555,100.000000
MERS,16,32.1000,34.0000,TYR540,100.000000
MERS,16,32.1000,34.0000,ALA556,85.000000
MERS,16,32.1000,34.0000,LYS502,85.000000
MERS,16,32.1000,34.0000,SER557,100.000000
MERS,16,32.1000,34.0000,SER504,100.000000
MERS,16,32.1000,34.0000,LEU506,95.000000
MERS,16,32.1000,34.0000,GLU513,80.000000
MERS,16,32.1000,34.0000,ARG542,60.000000
MERS,16,32.1000,34.0000,TRP553,90.000000
MERS,17,34.1000,36.0000,VAL555,100.000000
MERS,17,34.1000,36.0000,TYR540,100.000000
MERS,17,34.1000,36.0000,ALA556,90.000000
MERS,17,34.1000,36.0000,LYS502,90.000000
MERS,17,34.1000,36.0000,SER557,100.000000
MERS,17,34.1000,36.0000,SER504,80.000000
MERS,17,34.1000,36.0000,LEU506,100.000000
MERS,17,34.1000,36.0000,GLU513,70.000000
MERS,17,34.1000,36.0000,ARG542,80.000000
MERS,17,34.1000,36.0000,TRP553,80.000000
MERS,18,36.1000,38.0000,VAL555,100.000000
MERS,18,36.1000,38.0000,TYR540,100.000000
MERS,18,36.1000,38.0000,ALA556,85.000000
MERS,18,36.1000,38.0000,LYS502,90.000000
MERS,18,36.1000,38.0000,SER557,95.000000
MERS,18,36.1000,38.0000,SER504,95.000000
MERS,18,36.1000,38.0000,LEU506,100.000000
MERS,18,36.1000,38.0000,GLU513,90.000000
MERS,18,36.1000,38.0000,ARG542,35.000000
MERS,18,36.1000,38.0000,TRP553,95.000000
MERS,19,38.1000,40.0000,VAL555,100.000000
MERS,19,38.1000,40.0000,TYR540,100.000000
MERS,19,38.1000,40.0000,ALA556,90.000000
MERS,19,38.1000,40.0000,LYS502,80.000000
MERS,19,38.1000,40.0000,SER557,95.000000
MERS,19,38.1000,40.0000,SER504,90.000000
MERS,19,38.1000,40.0000,LEU506,95.000000
MERS,19,38.1000,40.0000,GLU513,95.000000
MERS,19,38.1000,40.0000,ARG542,85.000000
MERS,19,38.1000,40.0000,TRP553,95.000000
MERS,20,40.1000,42.0000,VAL555,100.000000
MERS,20,40.1000,42.0000,TYR540,100.000000
MERS,20,40.1000,42.0000,ALA556,85.000000
MERS,20,40.1000,42.0000,LYS502,90.000000
MERS,20,40.1000,42.0000,SER557,85.000000
MERS,20,40.1000,42.0000,SER504,90.000000
MERS,20,40.1000,42.0000,LEU506,95.000000
MERS,20,40.1000,42.0000,GLU513,90.000000
MERS,20,40.1000,42.0000,ARG542,85.000000
MERS,20,40.1000,42.0000,TRP553,90.000000
MERS,21,42.1000,44.0000,VAL555,100.000000
MERS,21,42.1000,44.0000,TYR540,100.000000
MERS,21,42.1000,44.0000,ALA556,90.000000
MERS,21,42.1000,44.0000,LYS502,95.000000
MERS,21,42.1000,44.0000,SER557,85.000000
MERS,21,42.1000,44.0000,SER504,90.000000
MERS,21,42.1000,44.0000,LEU506,100.000000
MERS,21,42.1000,44.0000,GLU513,95.000000
MERS,21,42.1000,44.0000,ARG542,90.000000
MERS,21,42.1000,44.0000,TRP553,95.000000
MERS,22,44.1000,46.0000,VAL555,100.000000
MERS,22,44.1000,46.0000,TYR540,100.000000
MERS,22,44.1000,46.0000,ALA556,100.000000
MERS,22,44.1000,46.0000,LYS502,100.000000
MERS,22,44.1000,46.0000,SER557,100.000000
MERS,22,44.1000,46.0000,SER504,90.000000
MERS,22,44.1000,46.0000,LEU506,95.000000
MERS,22,44.1000,46.0000,GLU513,95.000000
MERS,22,44.1000,46.0000,ARG542,95.000000
MERS,22,44.1000,46.0000,TRP553,85.000000
MERS,23,46.1000,48.0000,VAL555,100.000000
MERS,23,46.1000,48.0000,TYR540,100.000000
MERS,23,46.1000,48.0000,ALA556,90.000000
MERS,23,46.1000,48.0000,LYS502,80.000000
MERS,23,46.1000,48.0000,SER557,90.000000
MERS,23,46.1000,48.0000,SER504,90.000000
MERS,23,46.1000,48.0000,LEU506,95.000000
MERS,23,46.1000,48.0000,GLU513,90.000000
MERS,23,46.1000,48.0000,ARG542,100.000000
MERS,23,46.1000,48.0000,TRP553,90.000000
MERS,24,48.1000,50.0000,VAL555,100.000000
MERS,24,48.1000,50.0000,TYR540,100.000000
MERS,24,48.1000,50.0000,ALA556,85.000000
MERS,24,48.1000,50.0000,LYS502,95.000000
MERS,24,48.1000,50.0000,SER557,90.000000
MERS,24,48.1000,50.0000,SER504,100.000000
MERS,24,48.1000,50.0000,LEU506,100.000000
MERS,24,48.1000,50.0000,GLU513,85.000000
MERS,24,48.1000,50.0000,ARG542,85.000000
MERS,24,48.1000,50.0000,TRP553,90.000000
MERS,25,50.1000,52.0000,VAL555,100.000000
MERS,25,50.1000,52.0000,TYR540,100.000000
MERS,25,50.1000,52.0000,ALA556,80.000000
MERS,25,50.1000,52.0000,LYS502,90.000000
MERS,25,50.1000,52.0000,SER557,95.000000
MERS,25,50.1000,52.0000,SER504,95.000000
MERS,25,50.1000,52.0000,LEU506,100.000000
MERS,25,50.1000,52.0000,GLU513,100.000000
MERS,25,50.1000,52.0000,ARG542,90.000000
MERS,25,50.1000,52.0000,TRP553,95.000000
MERS,26,52.1000,54.0000,VAL555,100.000000
MERS,26,52.1000,54.0000,TYR540,100.000000
MERS,26,52.1000,54.0000,ALA556,95.000000
MERS,26,52.1000,54.0000,LYS502,85.000000
MERS,26,52.1000,54.0000,SER557,95.000000
MERS,26,52.1000,54.0000,SER504,100.000000
MERS,26,52.1000,54.0000,LEU506,100.000000
MERS,26,52.1000,54.0000,GLU513,90.000000
MERS,26,52.1000,54.0000,ARG542,100.000000
MERS,26,52.1000,54.0000,TRP553,90.000000
MERS,27,54.1000,56.0000,VAL555,100.000000
MERS,27,54.1000,56.0000,TYR540,100.000000
MERS,27,54.1000,56.0000,ALA556,90.000000
MERS,27,54.1000,56.0000,LYS502,75.000000
MERS,27,54.1000,56.0000,SER557,80.000000
MERS,27,54.1000,56.0000,SER504,100.000000
MERS,27,54.1000,56.0000,LEU506,100.000000
MERS,27,54.1000,56.0000,GLU513,100.000000
MERS,27,54.1000,56.0000,ARG542,100.000000
MERS,27,54.1000,56.0000,TRP553,90.000000
MERS,28,56.1000,58.0000,VAL555,100.000000
MERS,28,56.1000,58.0000,TYR540,100.000000
MERS,28,56.1000,58.0000,ALA556,100.000000
MERS,28,56.1000,58.0000,LYS502,85.000000
MERS,28,56.1000,58.0000,SER557,90.000000
MERS,28,56.1000,58.0000,SER504,95.000000
MERS,28,56.1000,58.0000,LEU506,100.000000
MERS,28,56.1000,58.0000,GLU513,75.000000
MERS,28,56.1000,58.0000,ARG542,85.000000
MERS,28,56.1000,58.0000,TRP553,100.000000
MERS,29,58.1000,60.0000,VAL555,100.000000
MERS,29,58.1000,60.0000,TYR540,100.000000
MERS,29,58.1000,60.0000,ALA556,85.000000
MERS,29,58.1000,60.0000,LYS502,90.000000
MERS,29,58.1000,60.0000,SER557,95.000000
MERS,29,58.1000,60.0000,SER504,100.000000
MERS,29,58.1000,60.0000,LEU506,100.000000
MERS,29,58.1000,60.0000,GLU513,100.000000
MERS,29,58.1000,60.0000,ARG542,90.000000
MERS,29,58.1000,60.0000,TRP553,100.000000
MERS,30,60.1000,62.0000,VAL555,100.000000
MERS,30,60.1000,62.0000,TYR540,100.000000
MERS,30,60.1000,62.0000,ALA556,90.000000
MERS,30,60.1000,62.0000,LYS502,90.000000
MERS,30,60.1000,62.0000,SER557,90.000000
MERS,30,60.1000,62.0000,SER504,95.000000
MERS,30,60.1000,62.0000,LEU506,95.000000
MERS,30,60.1000,62.0000,GLU513,95.000000
MERS,30,60.1000,62.0000,ARG542,90.000000
MERS,30,60.1000,62.0000,TRP553,90.000000
MERS,31,62.1000,64.0000,VAL555,100.000000
MERS,31,62.1000,64.0000,TYR540,100.000000
MERS,31,62.1000,64.0000,ALA556,95.000000
MERS,31,62.1000,64.0000,LYS502,85.000000
MERS,31,62.1000,64.0000,SER557,100.000000
MERS,31,62.1000,64.0000,SER504,80.000000
MERS,31,62.1000,64.0000,LEU506,100.000000
MERS,31,62.1000,64.0000,GLU513,90.000000
MERS,31,62.1000,64.0000,ARG542,70.000000
MERS,31,62.1000,64.0000,TRP553,90.000000
MERS,32,64.1000,66.0000,VAL555,100.000000
MERS,32,64.1000,66.0000,TYR540,100.000000
MERS,32,64.1000,66.0000,ALA556,95.000000
MERS,32,64.1000,66.0000,LYS502,85.000000
MERS,32,64.1000,66.0000,SER557,100.000000
MERS,32,64.1000,66.0000,SER504,95.000000
MERS,32,64.1000,66.0000,LEU506,95.000000
MERS,32,64.1000,66.0000,GLU513,85.000000
MERS,32,64.1000,66.0000,ARG542,60.000000
MERS,32,64.1000,66.0000,TRP553,90.000000
MERS,33,66.1000,68.0000,VAL555,100.000000
MERS,33,66.1000,68.0000,TYR540,100.000000
MERS,33,66.1000,68.0000,ALA556,95.000000
MERS,33,66.1000,68.0000,LYS502,95.000000
MERS,33,66.1000,68.0000,SER557,90.000000
MERS,33,66.1000,68.0000,SER504,90.000000
MERS,33,66.1000,68.0000,LEU506,95.000000
MERS,33,66.1000,68.0000,GLU513,100.000000
MERS,33,66.1000,68.0000,ARG542,65.000000
MERS,33,66.1000,68.0000,TRP553,100.000000
MERS,34,68.1000,70.0000,VAL555,100.000000
MERS,34,68.1000,70.0000,TYR540,100.000000
MERS,34,68.1000,70.0000,ALA556,100.000000
MERS,34,68.1000,70.0000,LYS502,100.000000
MERS,34,68.1000,70.0000,SER557,90.000000
MERS,34,68.1000,70.0000,SER504,100.000000
MERS,34,68.1000,70.0000,LEU506,100.000000
MERS,34,68.1000,70.0000,GLU513,95.000000
MERS,34,68.1000,70.0000,ARG542,85.000000
MERS,34,68.1000,70.0000,TRP553,90.000000
MERS,35,70.1000,72.0000,VAL555,100.000000
MERS,35,70.1000,72.0000,TYR540,100.000000
MERS,35,70.1000,72.0000,ALA556,90.000000
MERS,35,70.1000,72.0000,LYS502,85.000000
MERS,35,70.1000,72.0000,SER557,90.000000
MERS,35,70.1000,72.0000,SER504,100.000000
MERS,35,70.1000,72.0000,LEU506,100.000000
MERS,35,70.1000,72.0000,GLU513,80.000000
MERS,35,70.1000,72.0000,ARG542,95.000000
MERS,35,70.1000,72.0000,TRP553,90.000000
MERS,36,72.1000,74.0000,VAL555,100.000000
MERS,36,72.1000,74.0000,TYR540,100.000000
MERS,36,72.1000,74.0000,ALA556,95.000000
MERS,36,72.1000,74.0000,LYS502,100.000000
MERS,36,72.1000,74.0000,SER557,100.000000
MERS,36,72.1000,74.0000,SER504,95.000000
MERS,36,72.1000,74.0000,LEU506,100.000000
MERS,36,72.1000,74.0000,GLU513,95.000000
MERS,36,72.1000,74.0000,ARG542,95.000000
MERS,36,72.1000,74.0000,TRP553,95.000000
MERS,37,74.1000,76.0000,VAL555,100.000000
MERS,37,74.1000,76.0000,TYR540,100.000000
MERS,37,74.1000,76.0000,ALA556,85.000000
MERS,37,74.1000,76.0000,LYS502,85.000000
MERS,37,74.1000,76.0000,SER557,90.000000
MERS,37,74.1000,76.0000,SER504,100.000000
MERS,37,74.1000,76.0000,LEU506,100.000000
MERS,37,74.1000,76.0000,GLU513,85.000000
MERS,37,74.1000,76.0000,ARG542,95.000000
MERS,37,74.1000,76.0000,TRP553,80.000000
MERS,38,76.1000,78.0000,VAL555,100.000000
MERS,38,76.1000,78.0000,TYR540,100.000000
MERS,38,76.1000,78.0000,ALA556,80.000000
MERS,38,76.1000,78.0000,LYS502,95.000000
MERS,38,76.1000,78.0000,SER557,80.000000
MERS,38,76.1000,78.0000,SER504,90.000000
MERS,38,76.1000,78.0000,LEU506,100.000000
MERS,38,76.1000,78.0000,GLU513,95.000000
MERS,38,76.1000,78.0000,ARG542,95.000000
MERS,38,76.1000,78.0000,TRP553,70.000000
MERS,39,78.1000,80.0000,VAL555,100.000000
MERS,39,78.1000,80.0000,TYR540,100.000000
MERS,39,78.1000,80.0000,ALA556,100.000000
MERS,39,78.1000,80.0000,LYS502,100.000000
MERS,39,78.1000,80.0000,SER557,85.000000
MERS,39,78.1000,80.0000,SER504,100.000000
MERS,39,78.1000,80.0000,LEU506,95.000000
MERS,39,78.1000,80.0000,GLU513,90.000000
MERS,39,78.1000,80.0000,ARG542,90.000000
MERS,39,78.1000,80.0000,TRP553,90.000000
MERS,40,80.1000,82.0000,VAL555,100.000000
MERS,40,80.1000,82.0000,TYR540,100.000000
MERS,40,80.1000,82.0000,ALA556,75.000000
MERS,40,80.1000,82.0000,LYS502,100.000000
MERS,40,80.1000,82.0000,SER557,80.000000
MERS,40,80.1000,82.0000,SER504,90.000000
MERS,40,80.1000,82.0000,LEU506,100.000000
MERS,40,80.1000,82.0000,GLU513,90.000000
MERS,40,80.1000,82.0000,ARG542,95.000000
MERS,40,80.1000,82.0000,TRP553,90.000000
MERS,41,82.1000,84.0000,VAL555,100.000000
MERS,41,82.1000,84.0000,TYR540,100.000000
MERS,41,82.1000,84.0000,ALA556,75.000000
MERS,41,82.1000,84.0000,LYS502,90.000000
MERS,41,82.1000,84.0000,SER557,90.000000
MERS,41,82.1000,84.0000,SER504,95.000000
MERS,41,82.1000,84.0000,LEU506,90.000000
MERS,41,82.1000,84.0000,GLU513,85.000000
MERS,41,82.1000,84.0000,ARG542,90.000000
MERS,41,82.1000,84.0000,TRP553,85.000000
MERS,42,84.1000,86.0000,VAL555,100.000000
MERS,42,84.1000,86.0000,TYR540,100.000000
MERS,42,84.1000,86.0000,ALA556,100.000000
MERS,42,84.1000,86.0000,LYS502,95.000000
MERS,42,84.1000,86.0000,SER557,100.000000
MERS,42,84.1000,86.0000,SER504,95.000000
MERS,42,84.1000,86.0000,LEU506,100.000000
MERS,42,84.1000,86.0000,GLU513,95.000000
MERS,42,84.1000,86.0000,ARG542,95.000000
MERS,42,84.1000,86.0000,TRP553,85.000000
MERS,43,86.1000,88.0000,VAL555,100.000000
MERS,43,86.1000,88.0000,TYR540,100.000000
MERS,43,86.1000,88.0000,ALA556,90.000000
MERS,43,86.1000,88.0000,LYS502,90.000000
MERS,43,86.1000,88.0000,SER557,100.000000
MERS,43,86.1000,88.0000,SER504,100.000000
MERS,43,86.1000,88.0000,LEU506,95.000000
MERS,43,86.1000,88.0000,GLU513,100.000000
MERS,43,86.1000,88.0000,ARG542,100.000000
MERS,43,86.1000,88.0000,TRP553,95.000000
MERS,44,88.1000,90.0000,VAL555,100.000000
MERS,44,88.1000,90.0000,TYR540,100.000000
MERS,44,88.1000,90.0000,ALA556,100.000000
MERS,44,88.1000,90.0000,LYS502,100.000000
MERS,44,88.1000,90.0000,SER557,95.000000
MERS,44,88.1000,90.0000,SER504,100.000000
MERS,44,88.1000,90.0000,LEU506,100.000000
MERS,44,88.1000,90.0000,GLU513,95.000000
MERS,44,88.1000,90.0000,ARG542,95.000000
MERS,44,88.1000,90.0000,TRP553,90.000000
MERS,45,90.1000,92.0000,VAL555,100.000000
MERS,45,90.1000,92.0000,TYR540,100.000000
MERS,45,90.1000,92.0000,ALA556,100.000000
MERS,45,90.1000,92.0000,LYS502,100.000000
MERS,45,90.1000,92.0000,SER557,95.000000
MERS,45,90.1000,92.0000,SER504,95.000000
MERS,45,90.1000,92.0000,LEU506,100.000000
MERS,45,90.1000,92.0000,GLU513,95.000000
MERS,45,90.1000,92.0000,ARG542,100.000000
MERS,45,90.1000,92.0000,TRP553,90.000000
MERS,46,92.1000,94.0000,VAL555,100.000000
MERS,46,92.1000,94.0000,TYR540,100.000000
MERS,46,92.1000,94.0000,ALA556,85.000000
MERS,46,92.1000,94.0000,LYS502,100.000000
MERS,46,92.1000,94.0000,SER557,95.000000
MERS,46,92.1000,94.0000,SER504,90.000000
MERS,46,92.1000,94.0000,LEU506,95.000000
MERS,46,92.1000,94.0000,GLU513,80.000000
MERS,46,92.1000,94.0000,ARG542,100.000000
MERS,46,92.1000,94.0000,TRP553,95.000000
MERS,47,94.1000,96.0000,VAL555,100.000000
MERS,47,94.1000,96.0000,TYR540,100.000000
MERS,47,94.1000,96.0000,ALA556,100.000000
MERS,47,94.1000,96.0000,LYS502,100.000000
MERS,47,94.1000,96.0000,SER557,100.000000
MERS,47,94.1000,96.0000,SER504,95.000000
MERS,47,94.1000,96.0000,LEU506,90.000000
MERS,47,94.1000,96.0000,GLU513,75.000000
MERS,47,94.1000,96.0000,ARG542,90.000000
MERS,47,94.1000,96.0000,TRP553,65.000000
MERS,48,96.1000,98.0000,VAL555,100.000000
MERS,48,96.1000,98.0000,TYR540,100.000000
MERS,48,96.1000,98.0000,ALA556,95.000000
MERS,48,96.1000,98.0000,LYS502,85.000000
MERS,48,96.1000,98.0000,SER557,100.000000
MERS,48,96.1000,98.0000,SER504,95.000000
MERS,48,96.1000,98.0000,LEU506,100.000000
MERS,48,96.1000,98.0000,GLU513,70.000000
MERS,48,96.1000,98.0000,ARG542,100.000000
MERS,48,96.1000,98.0000,TRP553,65.000000
MERS,49,98.1000,100.0000,VAL555,100.000000
MERS,49,98.1000,100.0000,TYR540,100.000000
MERS,49,98.1000,100.0000,ALA556,90.000000
MERS,49,98.1000,100.0000,LYS502,85.000000
MERS,49,98.1000,100.0000,SER557,100.000000
MERS,49,98.1000,100.0000,SER504,85.000000
MERS,49,98.1000,100.0000,LEU506,100.000000
MERS,49,98.1000,100.0000,GLU513,95.000000
MERS,49,98.1000,100.0000,ARG542,100.000000
MERS,49,98.1000,100.0000,TRP553,90.000000
SARS1,0,0.0000,2.0000,GLY482,80.952381
SARS1,0,0.0000,2.0000,TYR491,76.190476
SARS1,0,0.0000,2.0000,TYR484,100.000000
SARS1,0,0.0000,2.0000,TYR481,76.190476
SARS1,0,0.0000,2.0000,THR487,61.904762
SARS1,0,0.0000,2.0000,PHE483,52.380952
SARS1,0,0.0000,2.0000,LYS390,33.333333
SARS1,0,0.0000,2.0000,TYR436,57.142857
SARS1,0,0.0000,2.0000,GLY434,42.857143
SARS1,0,0.0000,2.0000,THR433,0.000000
SARS1,1,2.1000,4.0000,GLY482,100.000000
SARS1,1,2.1000,4.0000,TYR491,100.000000
SARS1,1,2.1000,4.0000,TYR484,100.000000
SARS1,1,2.1000,4.0000,TYR481,100.000000
SARS1,1,2.1000,4.0000,THR487,45.000000
SARS1,1,2.1000,4.0000,PHE483,75.000000
SARS1,1,2.1000,4.0000,LYS390,55.000000
SARS1,1,2.1000,4.0000,TYR436,65.000000
SARS1,1,2.1000,4.0000,GLY434,65.000000
SARS1,1,2.1000,4.0000,THR433,5.000000
SARS1,2,4.1000,6.0000,GLY482,100.000000
SARS1,2,4.1000,6.0000,TYR491,100.000000
SARS1,2,4.1000,6.0000,TYR484,100.000000
SARS1,2,4.1000,6.0000,TYR481,100.000000
SARS1,2,4.1000,6.0000,THR487,65.000000
SARS1,2,4.1000,6.0000,PHE483,75.000000
SARS1,2,4.1000,6.0000,LYS390,80.000000
SARS1,2,4.1000,6.0000,TYR436,55.000000
SARS1,2,4.1000,6.0000,GLY434,55.000000
SARS1,2,4.1000,6.0000,THR433,0.000000
SARS1,3,6.1000,8.0000,GLY482,75.000000
SARS1,3,6.1000,8.0000,TYR491,100.000000
SARS1,3,6.1000,8.0000,TYR484,45.000000
SARS1,3,6.1000,8.0000,TYR481,100.000000
SARS1,3,6.1000,8.0000,THR487,75.000000
SARS1,3,6.1000,8.0000,PHE483,80.000000
SARS1,3,6.1000,8.0000,LYS390,75.000000
SARS1,3,6.1000,8.0000,TYR436,20.000000
SARS1,3,6.1000,8.0000,GLY434,25.000000
SARS1,3,6.1000,8.0000,THR433,0.000000
SARS1,4,8.1000,10.0000,GLY482,70.000000
SARS1,4,8.1000,10.0000,TYR491,100.000000
SARS1,4,8.1000,10.0000,TYR484,20.000000
SARS1,4,8.1000,10.0000,TYR481,100.000000
SARS1,4,8.1000,10.0000,THR487,50.000000
SARS1,4,8.1000,10.0000,PHE483,80.000000
SARS1,4,8.1000,10.0000,LYS390,55.000000
SARS1,4,8.1000,10.0000,TYR436,0.000000
SARS1,4,8.1000,10.0000,GLY434,0.000000
SARS1,4,8.1000,10.0000,THR433,0.000000
SARS1,5,10.1000,12.0000,GLY482,85.000000
SARS1,5,10.1000,12.0000,TYR491,100.000000
SARS1,5,10.1000,12.0000,TYR484,55.000000
SARS1,5,10.1000,12.0000,TYR481,100.000000
SARS1,5,10.1000,12.0000,THR487,80.000000
SARS1,5,10.1000,12.0000,PHE483,90.000000
SARS1,5,10.1000,12.0000,LYS390,65.000000
SARS1,5,10.1000,12.0000,TYR436,5.000000
SARS1,5,10.1000,12.0000,GLY434,25.000000
SARS1,5,10.1000,12.0000,THR433,5.000000
SARS1,6,12.1000,14.0000,GLY482,80.000000
SARS1,6,12.1000,14.0000,TYR491,100.000000
SARS1,6,12.1000,14.0000,TYR484,50.000000
SARS1,6,12.1000,14.0000,TYR481,100.000000
SARS1,6,12.1000,14.0000,THR487,85.000000
SARS1,6,12.1000,14.0000,PHE483,70.000000
SARS1,6,12.1000,14.0000,LYS390,60.000000
SARS1,6,12.1000,14.0000,TYR436,10.000000
SARS1,6,12.1000,14.0000,GLY434,30.000000
SARS1,6,12.1000,14.0000,THR433,0.000000
SARS1,7,14.1000,16.0000,GLY482,90.000000
SARS1,7,14.1000,16.0000,TYR491,85.000000
SARS1,7,14.1000,16.0000,TYR484,75.000000
SARS1,7,14.1000,16.0000,TYR481,85.000000
SARS1,7,14.1000,16.0000,THR487,80.000000
SARS1,7,14.1000,16.0000,PHE483,75.000000
SARS1,7,14.1000,16.0000,LYS390,55.000000
SARS1,7,14.1000,16.0000,TYR436,40.000000
SARS1,7,14.1000,16.0000,GLY434,55.000000
SARS1,7,14.1000,16.0000,THR433,15.000000
SARS1,8,16.1000,18.0000,GLY482,90.000000
SARS1,8,16.1000,18.0000,TYR491,0.000000
SARS1,8,16.1000,18.0000,TYR484,100.000000
SARS1,8,16.1000,18.0000,TYR481,0.000000
SARS1,8,16.1000,18.0000,THR487,30.000000
SARS1,8,16.1000,18.0000,PHE483,35.000000
SARS1,8,16.1000,18.0000,LYS390,0.000000
SARS1,8,16.1000,18.0000,TYR436,100.000000
SARS1,8,16.1000,18.0000,GLY434,100.000000
SARS1,8,16.1000,18.0000,THR433,55.000000
SARS1,9,18.1000,20.0000,GLY482,85.000000
SARS1,9,18.1000,20.0000,TYR491,25.000000
SARS1,9,18.1000,20.0000,TYR484,100.000000
SARS1,9,18.1000,20.0000,TYR481,10.000000
SARS1,9,18.1000,20.0000,THR487,30.000000
SARS1,9,18.1000,20.0000,PHE483,15.000000
SARS1,9,18.1000,20.0000,LYS390,0.000000
SARS1,9,18.1000,20.0000,TYR436,85.000000
SARS1,9,18.1000,20.0000,GLY434,85.000000
SARS1,9,18.1000,20.0000,THR433,30.000000
SARS1,10,20.1000,22.0000,GLY482,80.000000
SARS1,10,20.1000,22.0000,TYR491,35.000000
SARS1,10,20.1000,22.0000,TYR484,100.000000
SARS1,10,20.1000,22.0000,TYR481,25.000000
SARS1,10,20.1000,22.0000,THR487,85.000000
SARS1,10,20.1000,22.0000,PHE483,10.000000
SARS1,10,20.1000,22.0000,LYS390,0.000000
SARS1,10,20.1000,22.0000,TYR436,0.000000
SARS1,10,20.1000,22.0000,GLY434,90.000000
SARS1,10,20.1000,22.0000,THR433,25.000000
SARS1,11,22.1000,24.0000,GLY482,75.000000
SARS1,11,22.1000,24.0000,TYR491,85.000000
SARS1,11,22.1000,24.0000,TYR484,85.000000
SARS1,11,22.1000,24.0000,TYR481,60.000000
SARS1,11,22.1000,24.0000,THR487,95.000000
SARS1,11,22.1000,24.0000,PHE483,10.000000
SARS1,11,22.1000,24.0000,LYS390,0.000000
SARS1,11,22.1000,24.0000,TYR436,0.000000
SARS1,11,22.1000,24.0000,GLY434,30.000000
SARS1,11,22.1000,24.0000,THR433,20.000000
SARS1,12,24.1000,26.0000,GLY482,90.000000
SARS1,12,24.1000,26.0000,TYR491,75.000000
SARS1,12,24.1000,26.0000,TYR484,100.000000
SARS1,12,24.1000,26.0000,TYR481,55.000000
SARS1,12,24.1000,26.0000,THR487,80.000000
SARS1,12,24.1000,26.0000,PHE483,15.000000
SARS1,12,24.1000,26.0000,LYS390,5.000000
SARS1,12,24.1000,26.0000,TYR436,0.000000
SARS1,12,24.1000,26.0000,GLY434,85.000000
SARS1,12,24.1000,26.0000,THR433,65.000000
SARS1,13,26.1000,28.0000,GLY482,90.000000
SARS1,13,26.1000,28.0000,TYR491,95.000000
SARS1,13,26.1000,28.0000,TYR484,100.000000
SARS1,13,26.1000,28.0000,TYR481,55.000000
SARS1,13,26.1000,28.0000,THR487,80.000000
SARS1,13,26.1000,28.0000,PHE483,10.000000
SARS1,13,26.1000,28.0000,LYS390,0.000000
SARS1,13,26.1000,28.0000,TYR436,0.000000
SARS1,13,26.1000,28.0000,GLY434,85.000000
SARS1,13,26.1000,28.0000,THR433,75.000000
SARS1,14,28.1000,30.0000,GLY482,100.000000
SARS1,14,28.1000,30.0000,TYR491,95.000000
SARS1,14,28.1000,30.0000,TYR484,100.000000
SARS1,14,28.1000,30.0000,TYR481,90.000000
SARS1,14,28.1000,30.0000,THR487,90.000000
SARS1,14,28.1000,30.0000,PHE483,35.000000
SARS1,14,28.1000,30.0000,LYS390,0.000000
SARS1,14,28.1000,30.0000,TYR436,0.000000
SARS1,14,28.1000,30.0000,GLY434,100.000000
SARS1,14,28.1000,30.0000,THR433,70.000000
SARS1,15,30.1000,32.0000,GLY482,95.000000
SARS1,15,30.1000,32.0000,TYR491,100.000000
SARS1,15,30.1000,32.0000,TYR484,100.000000
SARS1,15,30.1000,32.0000,TYR481,90.000000
SARS1,15,30.1000,32.0000,THR487,60.000000
SARS1,15,30.1000,32.0000,PHE483,50.000000
SARS1,15,30.1000,32.0000,LYS390,0.000000
SARS1,15,30.1000,32.0000,TYR436,0.000000
SARS1,15,30.1000,32.0000,GLY434,100.000000
SARS1,15,30.1000,32.0000,THR433,60.000000
SARS1,16,32.1000,34.0000,GLY482,100.000000
SARS1,16,32.1000,34.0000,TYR491,95.000000
SARS1,16,32.1000,34.0000,TYR484,95.000000
SARS1,16,32.1000,34.0000,TYR481,85.000000
SARS1,16,32.1000,34.0000,THR487,70.000000
SARS1,16,32.1000,34.0000,PHE483,70.000000
SARS1,16,32.1000,34.0000,LYS390,0.000000
SARS1,16,32.1000,34.0000,TYR436,10.000000
SARS1,16,32.1000,34.0000,GLY434,90.000000
SARS1,16,32.1000,34.0000,THR433,40.000000
SARS1,17,34.1000,36.0000,GLY482,100.000000
SARS1,17,34.1000,36.0000,TYR491,95.000000
SARS1,17,34.1000,36.0000,TYR484,100.000000
SARS1,17,34.1000,36.0000,TYR481,90.000000
SARS1,17,34.1000,36.0000,THR487,70.000000
SARS1,17,34.1000,36.0000,PHE483,50.000000
SARS1,17,34.1000,36.0000,LYS390,0.000000
SARS1,17,34.1000,36.0000,TYR436,20.000000
SARS1,17,34.1000,36.0000,GLY434,100.000000
SARS1,17,34.1000,36.0000,THR433,50.000000
SARS1,18,36.1000,38.0000,GLY482,100.000000
SARS1,18,36.1000,38.0000,TYR491,100.000000
SARS1,18,36.1000,38.0000,TYR484,100.000000
SARS1,18,36.1000,38.0000,TYR481,95.000000
SARS1,18,36.1000,38.0000,THR487,65.000000
SARS1,18,36.1000,38.0000,PHE483,60.000000
SARS1,18,36.1000,38.0000,LYS390,0.000000
SARS1,18,36.1000,38.0000,TYR436,80.000000
SARS1,18,36.1000,38.0000,GLY434,95.000000
SARS1,18,36.1000,38.0000,THR433,45.000000
SARS1,19,38.1000,40.0000,GLY482,100.000000
SARS1,19,38.1000,40.0000,TYR491,95.000000
SARS1,19,38.1000,40.0000,TYR484,100.000000
SARS1,19,38.1000,40.0000,TYR481,95.000000
SARS1,19,38.1000,40.0000,THR487,80.000000
SARS1,19,38.1000,40.0000,PHE483,60.000000
SARS1,19,38.1000,40.0000,LYS390,0.000000
SARS1,19,38.1000,40.0000,TYR436,85.000000
SARS1,19,38.1000,40.0000,GLY434,95.000000
SARS1,19,38.1000,40.0000,THR433,60.000000
SARS1,20,40.1000,42.0000,GLY482,95.000000
SARS1,20,40.1000,42.0000,TYR491,90.000000
SARS1,20,40.1000,42.0000,TYR484,100.000000
SARS1,20,40.1000,42.0000,TYR481,90.000000
SARS1,20,40.1000,42.0000,THR487,65.000000
SARS1,20,40.1000,42.0000,PHE483,45.000000
SARS1,20,40.1000,42.0000,LYS390,0.000000
SARS1,20,40.1000,42.0000,TYR436,25.000000
SARS1,20,40.1000,42.0000,GLY434,100.000000
SARS1,20,40.1000,42.0000,THR433,55.000000
SARS1,21,42.1000,44.0000,GLY482,100.000000
SARS1,21,42.1000,44.0000,TYR491,95.000000
SARS1,21,42.1000,44.0000,TYR484,100.000000
SARS1,21,42.1000,44.0000,TYR481,90.000000
SARS1,21,42.1000,44.0000,THR487,75.000000
SARS1,21,42.1000,44.0000,PHE483,65.000000
SARS1,21,42.1000,44.0000,LYS390,0.000000
SARS1,21,42.1000,44.0000,TYR436,0.000000
SARS1,21,42.1000,44.0000,GLY434,95.000000
SARS1,21,42.1000,44.0000,THR433,40.000000
SARS1,22,44.1000,46.0000,GLY482,80.000000
SARS1,22,44.1000,46.0000,TYR491,100.000000
SARS1,22,44.1000,46.0000,TYR484,95.000000
SARS1,22,44.1000,46.0000,TYR481,100.000000
SARS1,22,44.1000,46.0000,THR487,75.000000
SARS1,22,44.1000,46.0000,PHE483,95.000000
SARS1,22,44.1000,46.0000,LYS390,75.000000
SARS1,22,44.1000,46.0000,TYR436,0.000000
SARS1,22,44.1000,46.0000,GLY434,0.000000
SARS1,22,44.1000,46.0000,THR433,0.000000
SARS1,23,46.1000,48.0000,GLY482,85.000000
SARS1,23,46.1000,48.0000,TYR491,100.000000
SARS1,23,46.1000,48.0000,TYR484,95.000000
SARS1,23,46.1000,48.0000,TYR481,100.000000
SARS1,23,46.1000,48.0000,THR487,85.000000
SARS1,23,46.1000,48.0000,PHE483,95.000000
SARS1,23,46.1000,48.0000,LYS390,100.000000
SARS1,23,46.1000,48.0000,TYR436,0.000000
SARS1,23,46.1000,48.0000,GLY434,0.000000
SARS1,23,46.1000,48.0000,THR433,0.000000
SARS1,24,48.1000,50.0000,GLY482,90.000000
SARS1,24,48.1000,50.0000,TYR491,100.000000
SARS1,24,48.1000,50.0000,TYR484,95.000000
SARS1,24,48.1000,50.0000,TYR481,100.000000
SARS1,24,48.1000,50.0000,THR487,85.000000
SARS1,24,48.1000,50.0000,PHE483,95.000000
SARS1,24,48.1000,50.0000,LYS390,85.000000
SARS1,24,48.1000,50.0000,TYR436,0.000000
SARS1,24,48.1000,50.0000,GLY434,0.000000
SARS1,24,48.1000,50.0000,THR433,0.000000
SARS1,25,50.1000,52.0000,GLY482,75.000000
SARS1,25,50.1000,52.0000,TYR491,100.000000
SARS1,25,50.1000,52.0000,TYR484,85.000000
SARS1,25,50.1000,52.0000,TYR481,100.000000
SARS1,25,50.1000,52.0000,THR487,75.000000
SARS1,25,50.1000,52.0000,PHE483,90.000000
SARS1,25,50.1000,52.0000,LYS390,90.000000
SARS1,25,50.1000,52.0000,TYR436,0.000000
SARS1,25,50.1000,52.0000,GLY434,0.000000
SARS1,25,50.1000,52.0000,THR433,0.000000
SARS1,26,52.1000,54.0000,GLY482,70.000000
SARS1,26,52.1000,54.0000,TYR491,100.000000
SARS1,26,52.1000,54.0000,TYR484,85.000000
SARS1,26,52.1000,54.0000,TYR481,100.000000
SARS1,26,52.1000,54.0000,THR487,90.000000
SARS1,26,52.1000,54.0000,PHE483,100.000000
SARS1,26,52.1000,54.0000,LYS390,95.000000
SARS1,26,52.1000,54.0000,TYR436,0.000000
SARS1,26,52.1000,54.0000,GLY434,0.000000
SARS1,26,52.1000,54.0000,THR433,0.000000
SARS1,27,54.1000,56.0000,GLY482,85.000000
SARS1,27,54.1000,56.0000,TYR491,100.000000
SARS1,27,54.1000,56.0000,TYR484,45.000000
SARS1,27,54.1000,56.0000,TYR481,100.000000
SARS1,27,54.1000,56.0000,THR487,95.000000
SARS1,27,54.1000,56.0000,PHE483,95.000000
SARS1,27,54.1000,56.0000,LYS390,80.000000
SARS1,27,54.1000,56.0000,TYR436,15.000000
SARS1,27,54.1000,56.0000,GLY434,0.000000
SARS1,27,54.1000,56.0000,THR433,0.000000
SARS1,28,56.1000,58.0000,GLY482,100.000000
SARS1,28,56.1000,58.0000,TYR491,100.000000
SARS1,28,56.1000,58.0000,TYR484,100.000000
SARS1,28,56.1000,58.0000,TYR481,100.000000
SARS1,28,56.1000,58.0000,THR487,95.000000
SARS1,28,56.1000,58.0000,PHE483,80.000000
SARS1,28,56.1000,58.0000,LYS390,70.000000
SARS1,28,56.1000,58.0000,TYR436,35.000000
SARS1,28,56.1000,58.0000,GLY434,10.000000
SARS1,28,56.1000,58.0000,THR433,10.000000
SARS1,29,58.1000,60.0000,GLY482,100.000000
SARS1,29,58.1000,60.0000,TYR491,100.000000
SARS1,29,58.1000,60.0000,TYR484,95.000000
SARS1,29,58.1000,60.0000,TYR481,100.000000
SARS1,29,58.1000,60.0000,THR487,75.000000
SARS1,29,58.1000,60.0000,PHE483,85.000000
SARS1,29,58.1000,60.0000,LYS390,85.000000
SARS1,29,58.1000,60.0000,TYR436,65.000000
SARS1,29,58.1000,60.0000,GLY434,25.000000
SARS1,29,58.1000,60.0000,THR433,0.000000
SARS1,30,60.1000,62.0000,GLY482,100.000000
SARS1,30,60.1000,62.0000,TYR491,100.000000
SARS1,30,60.1000,62.0000,TYR484,100.000000
SARS1,30,60.1000,62.0000,TYR481,100.000000
SARS1,30,60.1000,62.0000,THR487,90.000000
SARS1,30,60.1000,62.0000,PHE483,80.000000
SARS1,30,60.1000,62.0000,LYS390,80.000000
SARS1,30,60.1000,62.0000,TYR436,75.000000
SARS1,30,60.1000,62.0000,GLY434,15.000000
SARS1,30,60.1000,62.0000,THR433,10.000000
SARS1,31,62.1000,64.0000,GLY482,100.000000
SARS1,31,62.1000,64.0000,TYR491,100.000000
SARS1,31,62.1000,64.0000,TYR484,100.000000
SARS1,31,62.1000,64.0000,TYR481,100.000000
SARS1,31,62.1000,64.0000,THR487,70.000000
SARS1,31,62.1000,64.0000,PHE483,95.000000
SARS1,31,62.1000,64.0000,LYS390,70.000000
SARS1,31,62.1000,64.0000,TYR436,65.000000
SARS1,31,62.1000,64.0000,GLY434,20.000000
SARS1,31,62.1000,64.0000,THR433,5.000000
SARS1,32,64.1000,66.0000,GLY482,100.000000
SARS1,32,64.1000,66.0000,TYR491,100.000000
SARS1,32,64.1000,66.0000,TYR484,100.000000
SARS1,32,64.1000,66.0000,TYR481,100.000000
SARS1,32,64.1000,66.0000,THR487,70.000000
SARS1,32,64.1000,66.0000,PHE483,70.000000
SARS1,32,64.1000,66.0000,LYS390,85.000000
SARS1,32,64.1000,66.0000,TYR436,65.000000
SARS1,32,64.1000,66.0000,GLY434,0.000000
SARS1,32,64.1000,66.0000,THR433,5.000000
SARS1,33,66.1000,68.0000,GLY482,100.000000
SARS1,33,66.1000,68.0000,TYR491,100.000000
SARS1,33,66.1000,68.0000,TYR484,100.000000
SARS1,33,66.1000,68.0000,TYR481,100.000000
SARS1,33,66.1000,68.0000,THR487,90.000000
SARS1,33,66.1000,68.0000,PHE483,70.000000
SARS1,33,66.1000,68.0000,LYS390,80.000000
SARS1,33,66.1000,68.0000,TYR436,75.000000
SARS1,33,66.1000,68.0000,GLY434,5.000000
SARS1,33,66.1000,68.0000,THR433,5.000000
SARS1,34,68.1000,70.0000,GLY482,100.000000
SARS1,34,68.1000,70.0000,TYR491,100.000000
SARS1,34,68.1000,70.0000,TYR484,100.000000
SARS1,34,68.1000,70.0000,TYR481,100.000000
SARS1,34,68.1000,70.0000,THR487,90.000000
SARS1,34,68.1000,70.0000,PHE483,85.000000
SARS1,34,68.1000,70.0000,LYS390,70.000000
SARS1,34,68.1000,70.0000,TYR436,45.000000
SARS1,34,68.1000,70.0000,GLY434,5.000000
SARS1,34,68.1000,70.0000,THR433,0.000000
SARS1,35,70.1000,72.0000,GLY482,100.000000
SARS1,35,70.1000,72.0000,TYR491,100.000000
SARS1,35,70.1000,72.0000,TYR484,100.000000
SARS1,35,70.1000,72.0000,TYR481,100.000000
SARS1,35,70.1000,72.0000,THR487,85.000000
SARS1,35,70.1000,72.0000,PHE483,85.000000
SARS1,35,70.1000,72.0000,LYS390,80.000000
SARS1,35,70.1000,72.0000,TYR436,70.000000
SARS1,35,70.1000,72.0000,GLY434,10.000000
SARS1,35,70.1000,72.0000,THR433,10.000000
SARS1,36,72.1000,74.0000,GLY482,100.000000
SARS1,36,72.1000,74.0000,TYR491,100.000000
SARS1,36,72.1000,74.0000,TYR484,100.000000
SARS1,36,72.1000,74.0000,TYR481,100.000000
SARS1,36,72.1000,74.0000,THR487,65.000000
SARS1,36,72.1000,74.0000,PHE483,85.000000
SARS1,36,72.1000,74.0000,LYS390,80.000000
SARS1,36,72.1000,74.0000,TYR436,70.000000
SARS1,36,72.1000,74.0000,GLY434,15.000000
SARS1,36,72.1000,74.0000,THR433,5.000000
SARS1,37,74.1000,76.0000,GLY482,100.000000
SARS1,37,74.1000,76.0000,TYR491,100.000000
SARS1,37,74.1000,76.0000,TYR484,100.000000
SARS1,37,74.1000,76.0000,TYR481,100.000000
SARS1,37,74.1000,76.0000,THR487,70.000000
SARS1,37,74.1000,76.0000,PHE483,75.000000
SARS1,37,74.1000,76.0000,LYS390,75.000000
SARS1,37,74.1000,76.0000,TYR436,60.000000
SARS1,37,74.1000,76.0000,GLY434,0.000000
SARS1,37,74.1000,76.0000,THR433,0.000000
SARS1,38,76.1000,78.0000,GLY482,100.000000
SARS1,38,76.1000,78.0000,TYR491,100.000000
SARS1,38,76.1000,78.0000,TYR484,100.000000
SARS1,38,76.1000,78.0000,TYR481,100.000000
SARS1,38,76.1000,78.0000,THR487,70.000000
SARS1,38,76.1000,78.0000,PHE483,85.000000
SARS1,38,76.1000,78.0000,LYS390,85.000000
SARS1,38,76.1000,78.0000,TYR436,70.000000
SARS1,38,76.1000,78.0000,GLY434,30.000000
SARS1,38,76.1000,78.0000,THR433,15.000000
SARS1,39,78.1000,80.0000,GLY482,100.000000
SARS1,39,78.1000,80.0000,TYR491,100.000000
SARS1,39,78.1000,80.0000,TYR484,100.000000
SARS1,39,78.1000,80.0000,TYR481,100.000000
SARS1,39,78.1000,80.0000,THR487,75.000000
SARS1,39,78.1000,80.0000,PHE483,90.000000
SARS1,39,78.1000,80.0000,LYS390,65.000000
SARS1,39,78.1000,80.0000,TYR436,70.000000
SARS1,39,78.1000,80.0000,GLY434,15.000000
SARS1,39,78.1000,80.0000,THR433,10.000000
SARS1,40,80.1000,82.0000,GLY482,100.000000
SARS1,40,80.1000,82.0000,TYR491,100.000000
SARS1,40,80.1000,82.0000,TYR484,100.000000
SARS1,40,80.1000,82.0000,TYR481,100.000000
SARS1,40,80.1000,82.0000,THR487,85.000000
SARS1,40,80.1000,82.0000,PHE483,80.000000
SARS1,40,80.1000,82.0000,LYS390,70.000000
SARS1,40,80.1000,82.0000,TYR436,70.000000
SARS1,40,80.1000,82.0000,GLY434,5.000000
SARS1,40,80.1000,82.0000,THR433,0.000000
SARS1,41,82.1000,84.0000,GLY482,100.000000
SARS1,41,82.1000,84.0000,TYR491,100.000000
SARS1,41,82.1000,84.0000,TYR484,100.000000
SARS1,41,82.1000,84.0000,TYR481,100.000000
SARS1,41,82.1000,84.0000,THR487,85.000000
SARS1,41,82.1000,84.0000,PHE483,75.000000
SARS1,41,82.1000,84.0000,LYS390,80.000000
SARS1,41,82.1000,84.0000,TYR436,60.000000
SARS1,41,82.1000,84.0000,GLY434,0.000000
SARS1,41,82.1000,84.0000,THR433,0.000000
SARS1,42,84.1000,86.0000,GLY482,100.000000
SARS1,42,84.1000,86.0000,TYR491,100.000000
SARS1,42,84.1000,86.0000,TYR484,95.000000
SARS1,42,84.1000,86.0000,TYR481,95.000000
SARS1,42,84.1000,86.0000,THR487,85.000000
SARS1,42,84.1000,86.0000,PHE483,90.000000
SARS1,42,84.1000,86.0000,LYS390,80.000000
SARS1,42,84.1000,86.0000,TYR436,60.000000
SARS1,42,84.1000,86.0000,GLY434,50.000000
SARS1,42,84.1000,86.0000,THR433,40.000000
SARS1,43,86.1000,88.0000,GLY482,100.000000
SARS1,43,86.1000,88.0000,TYR491,100.000000
SARS1,43,86.1000,88.0000,TYR484,100.000000
SARS1,43,86.1000,88.0000,TYR481,100.000000
SARS1,43,86.1000,88.0000,THR487,80.000000
SARS1,43,86.1000,88.0000,PHE483,80.000000
SARS1,43,86.1000,88.0000,LYS390,75.000000
SARS1,43,86.1000,88.0000,TYR436,70.000000
SARS1,43,86.1000,88.0000,GLY434,10.000000
SARS1,43,86.1000,88.0000,THR433,15.000000
SARS1,44,88.1000,90.0000,GLY482,95.000000
SARS1,44,88.1000,90.0000,TYR491,100.000000
SARS1,44,88.1000,90.0000,TYR484,100.000000
SARS1,44,88.1000,90.0000,TYR481,100.000000
SARS1,44,88.1000,90.0000,THR487,100.000000
SARS1,44,88.1000,90.0000,PHE483,65.000000
SARS1,44,88.1000,90.0000,LYS390,95.000000
SARS1,44,88.1000,90.0000,TYR436,10.000000
SARS1,44,88.1000,90.0000,GLY434,5.000000
SARS1,44,88.1000,90.0000,THR433,5.000000
SARS1,45,90.1000,92.0000,GLY482,100.000000
SARS1,45,90.1000,92.0000,TYR491,80.000000
SARS1,45,90.1000,92.0000,TYR484,100.000000
SARS1,45,90.1000,92.0000,TYR481,70.000000
SARS1,45,90.1000,92.0000,THR487,50.000000
SARS1,45,90.1000,92.0000,PHE483,15.000000
SARS1,45,90.1000,92.0000,LYS390,15.000000
SARS1,45,90.1000,92.0000,TYR436,90.000000
SARS1,45,90.1000,92.0000,GLY434,50.000000
SARS1,45,90.1000,92.0000,THR433,85.000000
SARS1,46,92.1000,94.0000,GLY482,95.000000
SARS1,46,92.1000,94.0000,TYR491,90.000000
SARS1,46,92.1000,94.0000,TYR484,100.000000
SARS1,46,92.1000,94.0000,TYR481,55.000000
SARS1,46,92.1000,94.0000,THR487,75.000000
SARS1,46,92.1000,94.0000,PHE483,0.000000
SARS1,46,92.1000,94.0000,LYS390,0.000000
SARS1,46,92.1000,94.0000,TYR436,90.000000
SARS1,46,92.1000,94.0000,GLY434,55.000000
SARS1,46,92.1000,94.0000,THR433,75.000000
SARS1,47,94.1000,96.0000,GLY482,90.000000
SARS1,47,94.1000,96.0000,TYR491,85.000000
SARS1,47,94.1000,96.0000,TYR484,100.000000
SARS1,47,94.1000,96.0000,TYR481,70.000000
SARS1,47,94.1000,96.0000,THR487,80.000000
SARS1,47,94.1000,96.0000,PHE483,60.000000
SARS1,47,94.1000,96.0000,LYS390,35.000000
SARS1,47,94.1000,96.0000,TYR436,40.000000
SARS1,47,94.1000,96.0000,GLY434,60.000000
SARS1,47,94.1000,96.0000,THR433,65.000000
SARS1,48,96.1000,98.0000,GLY482,100.000000
SARS1,48,96.1000,98.0000,TYR491,100.000000
SARS1,48,96.1000,98.0000,TYR484,100.000000
SARS1,48,96.1000,98.0000,TYR481,100.000000
SARS1,48,96.1000,98.0000,THR487,65.000000
SARS1,48,96.1000,98.0000,PHE483,70.000000
SARS1,48,96.1000,98.0000,LYS390,55.000000
SARS1,48,96.1000,98.0000,TYR436,70.000000
SARS1,48,96.1000,98.0000,GLY434,60.000000
SARS1,48,96.1000,98.0000,THR433,50.000000
SARS1,49,98.1000,100.0000,GLY482,90.000000
SARS1,49,98.1000,100.0000,TYR491,100.000000
SARS1,49,98.1000,100.0000,TYR484,70.000000
SARS1,49,98.1000,100.0000,TYR481,95.000000
SARS1,49,98.1000,100.0000,THR487,80.000000
SARS1,49,98.1000,100.0000,PHE483,80.000000
SARS1,49,98.1000,100.0000,LYS390,55.000000
SARS1,49,98.1000,100.0000,TYR436,15.000000
SARS1,49,98.1000,100.0000,GLY434,20.000000
SARS1,49,98.1000,100.0000,THR433,20.000000
NL63,0,0.0000,2.0000,VAL499,85.714286
NL63,0,0.0000,2.0000,TRP585,66.666667
NL63,0,0.0000,2.0000,TRP541,0.000000
NL63,0,0.0000,2.0000,SER589,0.000000
NL63,0,0.0000,2.0000,CYS500,0.000000
NL63,0,0.0000,2.0000,TYR590,0.000000
NL63,0,0.0000,2.0000,THR591,0.000000
NL63,0,0.0000,2.0000,LYS501,0.000000
NL63,0,0.0000,2.0000,PRO536,80.952381
NL63,0,0.0000,2.0000,GLY537,85.714286
NL63,1,2.1000,4.0000,VAL499,85.000000
NL63,1,2.1000,4.0000,TRP585,95.000000
NL63,1,2.1000,4.0000,TRP541,0.000000
NL63,1,2.1000,4.0000,SER589,0.000000
NL63,1,2.1000,4.0000,CYS500,0.000000
NL63,1,2.1000,4.0000,TYR590,0.000000
NL63,1,2.1000,4.0000,THR591,0.000000
NL63,1,2.1000,4.0000,LYS501,0.000000
NL63,1,2.1000,4.0000,PRO536,85.000000
NL63,1,2.1000,4.0000,GLY537,100.000000
NL63,2,4.1000,6.0000,VAL499,100.000000
NL63,2,4.1000,6.0000,TRP585,90.000000
NL63,2,4.1000,6.0000,TRP541,0.000000
NL63,2,4.1000,6.0000,SER589,0.000000
NL63,2,4.1000,6.0000,CYS500,0.000000
NL63,2,4.1000,6.0000,TYR590,0.000000
NL63,2,4.1000,6.0000,THR591,0.000000
NL63,2,4.1000,6.0000,LYS501,0.000000
NL63,2,4.1000,6.0000,PRO536,95.000000
NL63,2,4.1000,6.0000,GLY537,80.000000
NL63,3,6.1000,8.0000,VAL499,80.000000
NL63,3,6.1000,8.0000,TRP585,90.000000
NL63,3,6.1000,8.0000,TRP541,0.000000
NL63,3,6.1000,8.0000,SER589,0.000000
NL63,3,6.1000,8.0000,CYS500,0.000000
NL63,3,6.1000,8.0000,TYR590,0.000000
NL63,3,6.1000,8.0000,THR591,0.000000
NL63,3,6.1000,8.0000,LYS501,0.000000
NL63,3,6.1000,8.0000,PRO536,90.000000
NL63,3,6.1000,8.0000,GLY537,100.000000
NL63,4,8.1000,10.0000,VAL499,80.000000
NL63,4,8.1000,10.0000,TRP585,60.000000
NL63,4,8.1000,10.0000,TRP541,0.000000
NL63,4,8.1000,10.0000,SER589,5.000000
NL63,4,8.1000,10.0000,CYS500,0.000000
NL63,4,8.1000,10.0000,TYR590,0.000000
NL63,4,8.1000,10.0000,THR591,0.000000
NL63,4,8.1000,10.0000,LYS501,0.000000
NL63,4,8.1000,10.0000,PRO536,80.000000
NL63,4,8.1000,10.0000,GLY537,30.000000
NL63,5,10.1000,12.0000,VAL499,95.000000
NL63,5,10.1000,12.0000,TRP585,35.000000
NL63,5,10.1000,12.0000,TRP541,0.000000
NL63,5,10.1000,12.0000,SER589,5.000000
NL63,5,10.1000,12.0000,CYS500,5.000000
NL63,5,10.1000,12.0000,TYR590,0.000000
NL63,5,10.1000,12.0000,THR591,0.000000
NL63,5,10.1000,12.0000,LYS501,0.000000
NL63,5,10.1000,12.0000,PRO536,95.000000
NL63,5,10.1000,12.0000,GLY537,50.000000
NL63,6,12.1000,14.0000,VAL499,100.000000
NL63,6,12.1000,14.0000,TRP585,80.000000
NL63,6,12.1000,14.0000,TRP541,5.000000
NL63,6,12.1000,14.0000,SER589,25.000000
NL63,6,12.1000,14.0000,CYS500,45.000000
NL63,6,12.1000,14.0000,TYR590,0.000000
NL63,6,12.1000,14.0000,THR591,0.000000
NL63,6,12.1000,14.0000,LYS501,0.000000
NL63,6,12.1000,14.0000,PRO536,70.000000
NL63,6,12.1000,14.0000,GLY537,35.000000
NL63,7,14.1000,16.0000,VAL499,80.000000
NL63,7,14.1000,16.0000,TRP585,50.000000
NL63,7,14.1000,16.0000,TRP541,5.000000
NL63,7,14.1000,16.0000,SER589,20.000000
NL63,7,14.1000,16.0000,CYS500,0.000000
NL63,7,14.1000,16.0000,TYR590,0.000000
NL63,7,14.1000,16.0000,THR591,0.000000
NL63,7,14.1000,16.0000,LYS501,0.000000
NL63,7,14.1000,16.0000,PRO536,90.000000
NL63,7,14.1000,16.0000,GLY537,60.000000
NL63,8,16.1000,18.0000,VAL499,95.000000
NL63,8,16.1000,18.0000,TRP585,55.000000
NL63,8,16.1000,18.0000,TRP541,0.000000
NL63,8,16.1000,18.0000,SER589,0.000000
NL63,8,16.1000,18.0000,CYS500,0.000000
NL63,8,16.1000,18.0000,TYR590,0.000000
NL63,8,16.1000,18.0000,THR591,0.000000
NL63,8,16.1000,18.0000,LYS501,0.000000
NL63,8,16.1000,18.0000,PRO536,95.000000
NL63,8,16.1000,18.0000,GLY537,75.000000
NL63,9,18.1000,20.0000,VAL499,100.000000
NL63,9,18.1000,20.0000,TRP585,15.000000
NL63,9,18.1000,20.0000,TRP541,5.000000
NL63,9,18.1000,20.0000,SER589,0.000000
NL63,9,18.1000,20.0000,CYS500,15.000000
NL63,9,18.1000,20.0000,TYR590,0.000000
NL63,9,18.1000,20.0000,THR591,0.000000
NL63,9,18.1000,20.0000,LYS501,0.000000
NL63,9,18.1000,20.0000,PRO536,100.000000
NL63,9,18.1000,20.0000,GLY537,95.000000
NL63,10,20.1000,22.0000,VAL499,90.000000
NL63,10,20.1000,22.0000,TRP585,100.000000
NL63,10,20.1000,22.0000,TRP541,95.000000
NL63,10,20.1000,22.0000,SER589,20.000000
NL63,10,20.1000,22.0000,CYS500,100.000000
NL63,10,20.1000,22.0000,TYR590,0.000000
NL63,10,20.1000,22.0000,THR591,0.000000
NL63,10,20.1000,22.0000,LYS501,0.000000
NL63,10,20.1000,22.0000,PRO536,100.000000
NL63,10,20.1000,22.0000,GLY537,85.000000
NL63,11,22.1000,24.0000,VAL499,100.000000
NL63,11,22.1000,24.0000,TRP585,100.000000
NL63,11,22.1000,24.0000,TRP541,100.000000
NL63,11,22.1000,24.0000,SER589,85.000000
NL63,11,22.1000,24.0000,CYS500,100.000000
NL63,11,22.1000,24.0000,TYR590,15.000000
NL63,11,22.1000,24.0000,THR591,15.000000
NL63,11,22.1000,24.0000,LYS501,60.000000
NL63,11,22.1000,24.0000,PRO536,45.000000
NL63,11,22.1000,24.0000,GLY537,60.000000
NL63,12,24.1000,26.0000,VAL499,100.000000
NL63,12,24.1000,26.0000,TRP585,100.000000
NL63,12,24.1000,26.0000,TRP541,100.000000
NL63,12,24.1000,26.0000,SER589,95.000000
NL63,12,24.1000,26.0000,CYS500,100.000000
NL63,12,24.1000,26.0000,TYR590,40.000000
NL63,12,24.1000,26.0000,THR591,10.000000
NL63,12,24.1000,26.0000,LYS501,85.000000
NL63,12,24.1000,26.0000,PRO536,30.000000
NL63,12,24.1000,26.0000,GLY537,55.000000
NL63,13,26.1000,28.0000,VAL499,100.000000
NL63,13,26.1000,28.0000,TRP585,100.000000
NL63,13,26.1000,28.0000,TRP541,100.000000
NL63,13,26.1000,28.0000,SER589,95.000000
NL63,13,26.1000,28.0000,CYS500,100.000000
NL63,13,26.1000,28.0000,TYR590,55.000000
NL63,13,26.1000,28.0000,THR591,40.000000
NL63,13,26.1000,28.0000,LYS501,95.000000
NL63,13,26.1000,28.0000,PRO536,70.000000
NL63,13,26.1000,28.0000,GLY537,45.000000
NL63,14,28.1000,30.0000,VAL499,100.000000
NL63,14,28.1000,30.0000,TRP585,100.000000
NL63,14,28.1000,30.0000,TRP541,100.000000
NL63,14,28.1000,30.0000,SER589,100.000000
NL63,14,28.1000,30.0000,CYS500,85.000000
NL63,14,28.1000,30.0000,TYR590,95.000000
NL63,14,28.1000,30.0000,THR591,90.000000
NL63,14,28.1000,30.0000,LYS501,20.000000
NL63,14,28.1000,30.0000,PRO536,70.000000
NL63,14,28.1000,30.0000,GLY537,70.000000
NL63,15,30.1000,32.0000,VAL499,100.000000
NL63,15,30.1000,32.0000,TRP585,100.000000
NL63,15,30.1000,32.0000,TRP541,100.000000
NL63,15,30.1000,32.0000,SER589,100.000000
NL63,15,30.1000,32.0000,CYS500,95.000000
NL63,15,30.1000,32.0000,TYR590,100.000000
NL63,15,30.1000,32.0000,THR591,95.000000
NL63,15,30.1000,32.0000,LYS501,55.000000
NL63,15,30.1000,32.0000,PRO536,75.000000
NL63,15,30.1000,32.0000,GLY537,90.000000
NL63,16,32.1000,34.0000,VAL499,100.000000
NL63,16,32.1000,34.0000,TRP585,100.000000
NL63,16,32.1000,34.0000,TRP541,100.000000
NL63,16,32.1000,34.0000,SER589,100.000000
NL63,16,32.1000,34.0000,CYS500,90.000000
NL63,16,32.1000,34.0000,TYR590,100.000000
NL63,16,32.1000,34.0000,THR591,80.000000
NL63,16,32.1000,34.0000,LYS501,85.000000
NL63,16,32.1000,34.0000,PRO536,65.000000
NL63,16,32.1000,34.0000,GLY537,55.000000
NL63,17,34.1000,36.0000,VAL499,95.000000
NL63,17,34.1000,36.0000,TRP585,100.000000
NL63,17,34.1000,36.0000,TRP541,100.000000
NL63,17,34.1000,36.0000,SER589,100.000000
NL63,17,34.1000,36.0000,CYS500,85.000000
NL63,17,34.1000,36.0000,TYR590,90.000000
NL63,17,34.1000,36.0000,THR591,80.000000
NL63,17,34.1000,36.0000,LYS501,80.000000
NL63,17,34.1000,36.0000,PRO536,5.000000
NL63,17,34.1000,36.0000,GLY537,20.000000
NL63,18,36.1000,38.0000,VAL499,100.000000
NL63,18,36.1000,38.0000,TRP585,100.000000
NL63,18,36.1000,38.0000,TRP541,100.000000
NL63,18,36.1000,38.0000,SER589,95.000000
NL63,18,36.1000,38.0000,CYS500,90.000000
NL63,18,36.1000,38.0000,TYR590,85.000000
NL63,18,36.1000,38.0000,THR591,85.000000
NL63,18,36.1000,38.0000,LYS501,85.000000
NL63,18,36.1000,38.0000,PRO536,0.000000
NL63,18,36.1000,38.0000,GLY537,0.000000
NL63,19,38.1000,40.0000,VAL499,100.000000
NL63,19,38.1000,40.0000,TRP585,100.000000
NL63,19,38.1000,40.0000,TRP541,100.000000
NL63,19,38.1000,40.0000,SER589,100.000000
NL63,19,38.1000,40.0000,CYS500,100.000000
NL63,19,38.1000,40.0000,TYR590,95.000000
NL63,19,38.1000,40.0000,THR591,80.000000
NL63,19,38.1000,40.0000,LYS501,80.000000
NL63,19,38.1000,40.0000,PRO536,0.000000
NL63,19,38.1000,40.0000,GLY537,0.000000
NL63,20,40.1000,42.0000,VAL499,100.000000
NL63,20,40.1000,42.0000,TRP585,100.000000
NL63,20,40.1000,42.0000,TRP541,100.000000
NL63,20,40.1000,42.0000,SER589,100.000000
NL63,20,40.1000,42.0000,CYS500,90.000000
NL63,20,40.1000,42.0000,TYR590,100.000000
NL63,20,40.1000,42.0000,THR591,90.000000
NL63,20,40.1000,42.0000,LYS501,85.000000
NL63,20,40.1000,42.0000,PRO536,0.000000
NL63,20,40.1000,42.0000,GLY537,0.000000
NL63,21,42.1000,44.0000,VAL499,100.000000
NL63,21,42.1000,44.0000,TRP585,100.000000
NL63,21,42.1000,44.0000,TRP541,100.000000
NL63,21,42.1000,44.0000,SER589,100.000000
NL63,21,42.1000,44.0000,CYS500,100.000000
NL63,21,42.1000,44.0000,TYR590,85.000000
NL63,21,42.1000,44.0000,THR591,60.000000
NL63,21,42.1000,44.0000,LYS501,95.000000
NL63,21,42.1000,44.0000,PRO536,0.000000
NL63,21,42.1000,44.0000,GLY537,5.000000
NL63,22,44.1000,46.0000,VAL499,100.000000
NL63,22,44.1000,46.0000,TRP585,100.000000
NL63,22,44.1000,46.0000,TRP541,100.000000
NL63,22,44.1000,46.0000,SER589,100.000000
NL63,22,44.1000,46.0000,CYS500,90.000000
NL63,22,44.1000,46.0000,TYR590,90.000000
NL63,22,44.1000,46.0000,THR591,100.000000
NL63,22,44.1000,46.0000,LYS501,85.000000
NL63,22,44.1000,46.0000,PRO536,65.000000
NL63,22,44.1000,46.0000,GLY537,95.000000
NL63,23,46.1000,48.0000,VAL499,100.000000
NL63,23,46.1000,48.0000,TRP585,100.000000
NL63,23,46.1000,48.0000,TRP541,100.000000
NL63,23,46.1000,48.0000,SER589,100.000000
NL63,23,46.1000,48.0000,CYS500,80.000000
NL63,23,46.1000,48.0000,TYR590,100.000000
NL63,23,46.1000,48.0000,THR591,95.000000
NL63,23,46.1000,48.0000,LYS501,85.000000
NL63,23,46.1000,48.0000,PRO536,60.000000
NL63,23,46.1000,48.0000,GLY537,95.000000
NL63,24,48.1000,50.0000,VAL499,100.000000
NL63,24,48.1000,50.0000,TRP585,100.000000
NL63,24,48.1000,50.0000,TRP541,100.000000
NL63,24,48.1000,50.0000,SER589,100.000000
NL63,24,48.1000,50.0000,CYS500,95.000000
NL63,24,48.1000,50.0000,TYR590,100.000000
NL63,24,48.1000,50.0000,THR591,95.000000
NL63,24,48.1000,50.0000,LYS501,90.000000
NL63,24,48.1000,50.0000,PRO536,10.000000
NL63,24,48.1000,50.0000,GLY537,80.000000
NL63,25,50.1000,52.0000,VAL499,100.000000
NL63,25,50.1000,52.0000,TRP585,100.000000
NL63,25,50.1000,52.0000,TRP541,100.000000
NL63,25,50.1000,52.0000,SER589,100.000000
NL63,25,50.1000,52.0000,CYS500,100.000000
NL63,25,50.1000,52.0000,TYR590,85.000000
NL63,25,50.1000,52.0000,THR591,80.000000
NL63,25,50.1000,52.0000,LYS501,50.000000
NL63,25,50.1000,52.0000,PRO536,0.000000
NL63,25,50.1000,52.0000,GLY537,100.000000
NL63,26,52.1000,54.0000,VAL499,100.000000
NL63,26,52.1000,54.0000,TRP585,100.000000
NL63,26,52.1000,54.0000,TRP541,100.000000
NL63,26,52.1000,54.0000,SER589,95.000000
NL63,26,52.1000,54.0000,CYS500,95.000000
NL63,26,52.1000,54.0000,TYR590,80.000000
NL63,26,52.1000,54.0000,THR591,75.000000
NL63,26,52.1000,54.0000,LYS501,70.000000
NL63,26,52.1000,54.0000,PRO536,0.000000
NL63,26,52.1000,54.0000,GLY537,95.000000
NL63,27,54.1000,56.0000,VAL499,100.000000
NL63,27,54.1000,56.0000,TRP585,100.000000
NL63,27,54.1000,56.0000,TRP541,100.000000
NL63,27,54.1000,56.0000,SER589,100.000000
NL63,27,54.1000,56.0000,CYS500,95.000000
NL63,27,54.1000,56.0000,TYR590,95.000000
NL63,27,54.1000,56.0000,THR591,90.000000
NL63,27,54.1000,56.0000,LYS501,85.000000
NL63,27,54.1000,56.0000,PRO536,0.000000
NL63,27,54.1000,56.0000,GLY537,95.000000
NL63,28,56.1000,58.0000,VAL499,100.000000
NL63,28,56.1000,58.0000,TRP585,100.000000
NL63,28,56.1000,58.0000,TRP541,100.000000
NL63,28,56.1000,58.0000,SER589,100.000000
NL63,28,56.1000,58.0000,CYS500,100.000000
NL63,28,56.1000,58.0000,TYR590,90.000000
NL63,28,56.1000,58.0000,THR591,95.000000
NL63,28,56.1000,58.0000,LYS501,80.000000
NL63,28,56.1000,58.0000,PRO536,0.000000
NL63,28,56.1000,58.0000,GLY537,90.000000
NL63,29,58.1000,60.0000,VAL499,100.000000
NL63,29,58.1000,60.0000,TRP585,100.000000
NL63,29,58.1000,60.0000,TRP541,100.000000
NL63,29,58.1000,60.0000,SER589,100.000000
NL63,29,58.1000,60.0000,CYS500,90.000000
NL63,29,58.1000,60.0000,TYR590,85.000000
NL63,29,58.1000,60.0000,THR591,70.000000
NL63,29,58.1000,60.0000,LYS501,60.000000
NL63,29,58.1000,60.0000,PRO536,0.000000
NL63,29,58.1000,60.0000,GLY537,100.000000
NL63,30,60.1000,62.0000,VAL499,100.000000
NL63,30,60.1000,62.0000,TRP585,100.000000
NL63,30,60.1000,62.0000,TRP541,100.000000
NL63,30,60.1000,62.0000,SER589,100.000000
NL63,30,60.1000,62.0000,CYS500,100.000000
NL63,30,60.1000,62.0000,TYR590,85.000000
NL63,30,60.1000,62.0000,THR591,75.000000
NL63,30,60.1000,62.0000,LYS501,65.000000
NL63,30,60.1000,62.0000,PRO536,0.000000
NL63,30,60.1000,62.0000,GLY537,90.000000
NL63,31,62.1000,64.0000,VAL499,100.000000
NL63,31,62.1000,64.0000,TRP585,100.000000
NL63,31,62.1000,64.0000,TRP541,100.000000
NL63,31,62.1000,64.0000,SER589,95.000000
NL63,31,62.1000,64.0000,CYS500,100.000000
NL63,31,62.1000,64.0000,TYR590,90.000000
NL63,31,62.1000,64.0000,THR591,85.000000
NL63,31,62.1000,64.0000,LYS501,65.000000
NL63,31,62.1000,64.0000,PRO536,10.000000
NL63,31,62.1000,64.0000,GLY537,95.000000
NL63,32,64.1000,66.0000,VAL499,100.000000
NL63,32,64.1000,66.0000,TRP585,100.000000
NL63,32,64.1000,66.0000,TRP541,100.000000
NL63,32,64.1000,66.0000,SER589,100.000000
NL63,32,64.1000,66.0000,CYS500,95.000000
NL63,32,64.1000,66.0000,TYR590,85.000000
NL63,32,64.1000,66.0000,THR591,100.000000
NL63,32,64.1000,66.0000,LYS501,85.000000
NL63,32,64.1000,66.0000,PRO536,95.000000
NL63,32,64.1000,66.0000,GLY537,25.000000
NL63,33,66.1000,68.0000,VAL499,100.000000
NL63,33,66.1000,68.0000,TRP585,100.000000
NL63,33,66.1000,68.0000,TRP541,100.000000
NL63,33,66.1000,68.0000,SER589,100.000000
NL63,33,66.1000,68.0000,CYS500,90.000000
NL63,33,66.1000,68.0000,TYR590,100.000000
NL63,33,66.1000,68.0000,THR591,85.000000
NL63,33,66.1000,68.0000,LYS501,80.000000
NL63,33,66.1000,68.0000,PRO536,90.000000
NL63,33,66.1000,68.0000,GLY537,0.000000
NL63,34,68.1000,70.0000,VAL499,100.000000
NL63,34,68.1000,70.0000,TRP585,100.000000
NL63,34,68.1000,70.0000,TRP541,100.000000
NL63,34,68.1000,70.0000,SER589,100.000000
NL63,34,68.1000,70.0000,CYS500,100.000000
NL63,34,68.1000,70.0000,TYR590,100.000000
NL63,34,68.1000,70.0000,THR591,100.000000
NL63,34,68.1000,70.0000,LYS501,90.000000
NL63,34,68.1000,70.0000,PRO536,100.000000
NL63,34,68.1000,70.0000,GLY537,0.000000
NL63,35,70.1000,72.0000,VAL499,100.000000
NL63,35,70.1000,72.0000,TRP585,100.000000
NL63,35,70.1000,72.0000,TRP541,100.000000
NL63,35,70.1000,72.0000,SER589,100.000000
NL63,35,70.1000,72.0000,CYS500,95.000000
NL63,35,70.1000,72.0000,TYR590,95.000000
NL63,35,70.1000,72.0000,THR591,100.000000
NL63,35,70.1000,72.0000,LYS501,90.000000
NL63,35,70.1000,72.0000,PRO536,95.000000
NL63,35,70.1000,72.0000,GLY537,0.000000
NL63,36,72.1000,74.0000,VAL499,100.000000
NL63,36,72.1000,74.0000,TRP585,100.000000
NL63,36,72.1000,74.0000,TRP541,100.000000
NL63,36,72.1000,74.0000,SER589,100.000000
NL63,36,72.1000,74.0000,CYS500,95.000000
NL63,36,72.1000,74.0000,TYR590,100.000000
NL63,36,72.1000,74.0000,THR591,95.000000
NL63,36,72.1000,74.0000,LYS501,100.000000
NL63,36,72.1000,74.0000,PRO536,100.000000
NL63,36,72.1000,74.0000,GLY537,0.000000
NL63,37,74.1000,76.0000,VAL499,100.000000
NL63,37,74.1000,76.0000,TRP585,100.000000
NL63,37,74.1000,76.0000,TRP541,100.000000
NL63,37,74.1000,76.0000,SER589,100.000000
NL63,37,74.1000,76.0000,CYS500,95.000000
NL63,37,74.1000,76.0000,TYR590,100.000000
NL63,37,74.1000,76.0000,THR591,95.000000
NL63,37,74.1000,76.0000,LYS501,85.000000
NL63,37,74.1000,76.0000,PRO536,80.000000
NL63,37,74.1000,76.0000,GLY537,20.000000
NL63,38,76.1000,78.0000,VAL499,100.000000
NL63,38,76.1000,78.0000,TRP585,100.000000
NL63,38,76.1000,78.0000,TRP541,100.000000
NL63,38,76.1000,78.0000,SER589,100.000000
NL63,38,76.1000,78.0000,CYS500,95.000000
NL63,38,76.1000,78.0000,TYR590,80.000000
NL63,38,76.1000,78.0000,THR591,70.000000
NL63,38,76.1000,78.0000,LYS501,90.000000
NL63,38,76.1000,78.0000,PRO536,65.000000
NL63,38,76.1000,78.0000,GLY537,55.000000
NL63,39,78.1000,80.0000,VAL499,100.000000
NL63,39,78.1000,80.0000,TRP585,100.000000
NL63,39,78.1000,80.0000,TRP541,100.000000
NL63,39,78.1000,80.0000,SER589,100.000000
NL63,39,78.1000,80.0000,CYS500,60.000000
NL63,39,78.1000,80.0000,TYR590,75.000000
NL63,39,78.1000,80.0000,THR591,80.000000
NL63,39,78.1000,80.0000,LYS501,75.000000
NL63,39,78.1000,80.0000,PRO536,30.000000
NL63,39,78.1000,80.0000,GLY537,20.000000
NL63,40,80.1000,82.0000,VAL499,100.000000
NL63,40,80.1000,82.0000,TRP585,100.000000
NL63,40,80.1000,82.0000,TRP541,100.000000
NL63,40,80.1000,82.0000,SER589,100.000000
NL63,40,80.1000,82.0000,CYS500,90.000000
NL63,40,80.1000,82.0000,TYR590,75.000000
NL63,40,80.1000,82.0000,THR591,75.000000
NL63,40,80.1000,82.0000,LYS501,75.000000
NL63,40,80.1000,82.0000,PRO536,55.000000
NL63,40,80.1000,82.0000,GLY537,0.000000
NL63,41,82.1000,84.0000,VAL499,100.000000
NL63,41,82.1000,84.0000,TRP585,100.000000
NL63,41,82.1000,84.0000,TRP541,100.000000
NL63,41,82.1000,84.0000,SER589,100.000000
NL63,41,82.1000,84.0000,CYS500,75.000000
NL63,41,82.1000,84.0000,TYR590,80.000000
NL63,41,82.1000,84.0000,THR591,75.000000
NL63,41,82.1000,84.0000,LYS501,85.000000
NL63,41,82.1000,84.0000,PRO536,35.000000
NL63,41,82.1000,84.0000,GLY537,60.000000
NL63,42,84.1000,86.0000,VAL499,100.000000
NL63,42,84.1000,86.0000,TRP585,100.000000
NL63,42,84.1000,86.0000,TRP541,100.000000
NL63,42,84.1000,86.0000,SER589,100.000000
NL63,42,84.1000,86.0000,CYS500,75.000000
NL63,42,84.1000,86.0000,TYR590,100.000000
NL63,42,84.1000,86.0000,THR591,85.000000
NL63,42,84.1000,86.0000,LYS501,95.000000
NL63,42,84.1000,86.0000,PRO536,85.000000
NL63,42,84.1000,86.0000,GLY537,85.000000
NL63,43,86.1000,88.0000,VAL499,100.000000
NL63,43,86.1000,88.0000,TRP585,100.000000
NL63,43,86.1000,88.0000,TRP541,100.000000
NL63,43,86.1000,88.0000,SER589,100.000000
NL63,43,86.1000,88.0000,CYS500,50.000000
NL63,43,86.1000,88.0000,TYR590,100.000000
NL63,43,86.1000,88.0000,THR591,80.000000
NL63,43,86.1000,88.0000,LYS501,95.000000
NL63,43,86.1000,88.0000,PRO536,95.000000
NL63,43,86.1000,88.0000,GLY537,80.000000
NL63,44,88.1000,90.0000,VAL499,100.000000
NL63,44,88.1000,90.0000,TRP585,100.000000
NL63,44,88.1000,90.0000,TRP541,100.000000
NL63,44,88.1000,90.0000,SER589,95.000000
NL63,44,88.1000,90.0000,CYS500,90.000000
NL63,44,88.1000,90.0000,TYR590,85.000000
NL63,44,88.1000,90.0000,THR591,90.000000
NL63,44,88.1000,90.0000,LYS501,85.000000
NL63,44,88.1000,90.0000,PRO536,85.000000
NL63,44,88.1000,90.0000,GLY537,10.000000
NL63,45,90.1000,92.0000,VAL499,100.000000
NL63,45,90.1000,92.0000,TRP585,100.000000
NL63,45,90.1000,92.0000,TRP541,100.000000
NL63,45,90.1000,92.0000,SER589,100.000000
NL63,45,90.1000,92.0000,CYS500,100.000000
NL63,45,90.1000,92.0000,TYR590,100.000000
NL63,45,90.1000,92.0000,THR591,95.000000
NL63,45,90.1000,92.0000,LYS501,90.000000
NL63,45,90.1000,92.0000,PRO536,90.000000
NL63,45,90.1000,92.0000,GLY537,0.000000
NL63,46,92.1000,94.0000,VAL499,95.000000
NL63,46,92.1000,94.0000,TRP585,100.000000
NL63,46,92.1000,94.0000,TRP541,100.000000
NL63,46,92.1000,94.0000,SER589,100.000000
NL63,46,92.1000,94.0000,CYS500,65.000000
NL63,46,92.1000,94.0000,TYR590,90.000000
NL63,46,92.1000,94.0000,THR591,90.000000
NL63,46,92.1000,94.0000,LYS501,85.000000
NL63,46,92.1000,94.0000,PRO536,15.000000
NL63,46,92.1000,94.0000,GLY537,0.000000
NL63,47,94.1000,96.0000,VAL499,80.000000
NL63,47,94.1000,96.0000,TRP585,100.000000
NL63,47,94.1000,96.0000,TRP541,100.000000
NL63,47,94.1000,96.0000,SER589,100.000000
NL63,47,94.1000,96.0000,CYS500,45.000000
NL63,47,94.1000,96.0000,TYR590,70.000000
NL63,47,94.1000,96.0000,THR591,100.000000
NL63,47,94.1000,96.0000,LYS501,100.000000
NL63,47,94.1000,96.0000,PRO536,5.000000
NL63,47,94.1000,96.0000,GLY537,0.000000
NL63,48,96.1000,98.0000,VAL499,80.000000
NL63,48,96.1000,98.0000,TRP585,100.000000
NL63,48,96.1000,98.0000,TRP541,100.000000
NL63,48,96.1000,98.0000,SER589,95.000000
NL63,48,96.1000,98.0000,CYS500,0.000000
NL63,48,96.1000,98.0000,TYR590,85.000000
NL63,48,96.1000,98.0000,THR591,100.000000
NL63,48,96.1000,98.0000,LYS501,80.000000
NL63,48,96.1000,98.0000,PRO536,0.000000
NL63,48,96.1000,98.0000,GLY537,0.000000
NL63,49,98.1000,100.0000,VAL499,95.000000
NL63,49,98.1000,100.0000,TRP585,95.000000
NL63,49,98.1000,100.0000,TRP541,100.000000
NL63,49,98.1000,100.0000,SER589,100.000000
NL63,49,98.1000,100.0000,CYS500,10.000000
NL63,49,98.1000,100.0000,TYR590,60.000000
NL63,49,98.1000,100.0000,THR591,100.000000
NL63,49,98.1000,100.0000,LYS501,95.000000
NL63,49,98.1000,100.0000,PRO536,0.000000
NL63,49,98.1000,100.0000,GLY537,0.000000
229E,0,0.0000,2.0000,LYS309,71.428571
229E,0,0.0000,2.0000,GLY324,0.000000
229E,0,0.0000,2.0000,ASP307,0.000000
229E,0,0.0000,2.0000,VAL325,0.000000
229E,0,0.0000,2.0000,ASN326,0.000000
229E,0,0.0000,2.0000,PHE308,0.000000
229E,0,0.0000,2.0000,ASN356,85.714286
229E,0,0.0000,2.0000,PRO310,80.952381
229E,0,0.0000,2.0000,ALA323,0.000000
229E,0,0.0000,2.0000,VAL357,33.333333
229E,1,2.1000,4.0000,LYS309,100.000000
229E,1,2.1000,4.0000,GLY324,5.000000
229E,1,2.1000,4.0000,ASP307,0.000000
229E,1,2.1000,4.0000,VAL325,0.000000
229E,1,2.1000,4.0000,ASN326,0.000000
229E,1,2.1000,4.0000,PHE308,5.000000
229E,1,2.1000,4.0000,ASN356,95.000000
229E,1,2.1000,4.0000,PRO310,100.000000
229E,1,2.1000,4.0000,ALA323,55.000000
229E,1,2.1000,4.0000,VAL357,55.000000
229E,2,4.1000,6.0000,LYS309,90.000000
229E,2,4.1000,6.0000,GLY324,30.000000
229E,2,4.1000,6.0000,ASP307,0.000000
229E,2,4.1000,6.0000,VAL325,0.000000
229E,2,4.1000,6.0000,ASN326,0.000000
229E,2,4.1000,6.0000,PHE308,0.000000
229E,2,4.1000,6.0000,ASN356,90.000000
229E,2,4.1000,6.0000,PRO310,100.000000
229E,2,4.1000,6.0000,ALA323,70.000000
229E,2,4.1000,6.0000,VAL357,65.000000
229E,3,6.1000,8.0000,LYS309,100.000000
229E,3,6.1000,8.0000,GLY324,40.000000
229E,3,6.1000,8.0000,ASP307,0.000000
229E,3,6.1000,8.0000,VAL325,0.000000
229E,3,6.1000,8.0000,ASN326,0.000000
229E,3,6.1000,8.0000,PHE308,5.000000
229E,3,6.1000,8.0000,ASN356,75.000000
229E,3,6.1000,8.0000,PRO310,95.000000
229E,3,6.1000,8.0000,ALA323,100.000000
229E,3,6.1000,8.0000,VAL357,35.000000
229E,4,8.1000,10.0000,LYS309,60.000000
229E,4,8.1000,10.0000,GLY324,15.000000
229E,4,8.1000,10.0000,ASP307,0.000000
229E,4,8.1000,10.0000,VAL325,0.000000
229E,4,8.1000,10.0000,ASN326,0.000000
229E,4,8.1000,10.0000,PHE308,5.000000
229E,4,8.1000,10.0000,ASN356,75.000000
229E,4,8.1000,10.0000,PRO310,85.000000
229E,4,8.1000,10.0000,ALA323,60.000000
229E,4,8.1000,10.0000,VAL357,55.000000
229E,5,10.1000,12.0000,LYS309,60.000000
229E,5,10.1000,12.0000,GLY324,0.000000
229E,5,10.1000,12.0000,ASP307,0.000000
229E,5,10.1000,12.0000,VAL325,0.000000
229E,5,10.1000,12.0000,ASN326,0.000000
229E,5,10.1000,12.0000,PHE308,0.000000
229E,5,10.1000,12.0000,ASN356,90.000000
229E,5,10.1000,12.0000,PRO310,65.000000
229E,5,10.1000,12.0000,ALA323,0.000000
229E,5,10.1000,12.0000,VAL357,70.000000
229E,6,12.1000,14.0000,LYS309,60.000000
229E,6,12.1000,14.0000,GLY324,0.000000
229E,6,12.1000,14.0000,ASP307,0.000000
229E,6,12.1000,14.0000,VAL325,0.000000
229E,6,12.1000,14.0000,ASN326,0.000000
229E,6,12.1000,14.0000,PHE308,0.000000
229E,6,12.1000,14.0000,ASN356,100.000000
229E,6,12.1000,14.0000,PRO310,80.000000
229E,6,12.1000,14.0000,ALA323,0.000000
229E,6,12.1000,14.0000,VAL357,90.000000
229E,7,14.1000,16.0000,LYS309,75.000000
229E,7,14.1000,16.0000,GLY324,0.000000
229E,7,14.1000,16.0000,ASP307,0.000000
229E,7,14.1000,16.0000,VAL325,0.000000
229E,7,14.1000,16.0000,ASN326,0.000000
229E,7,14.1000,16.0000,PHE308,5.000000
229E,7,14.1000,16.0000,ASN356,95.000000
229E,7,14.1000,16.0000,PRO310,80.000000
229E,7,14.1000,16.0000,ALA323,0.000000
229E,7,14.1000,16.0000,VAL357,100.000000
229E,8,16.1000,18.0000,LYS309,30.000000
229E,8,16.1000,18.0000,GLY324,0.000000
229E,8,16.1000,18.0000,ASP307,0.000000
229E,8,16.1000,18.0000,VAL325,0.000000
229E,8,16.1000,18.0000,ASN326,0.000000
229E,8,16.1000,18.0000,PHE308,0.000000
229E,8,16.1000,18.0000,ASN356,95.000000
229E,8,16.1000,18.0000,PRO310,60.000000
229E,8,16.1000,18.0000,ALA323,0.000000
229E,8,16.1000,18.0000,VAL357,80.000000
229E,9,18.1000,20.0000,LYS309,70.000000
229E,9,18.1000,20.0000,GLY324,0.000000
229E,9,18.1000,20.0000,ASP307,0.000000
229E,9,18.1000,20.0000,VAL325,0.000000
229E,9,18.1000,20.0000,ASN326,0.000000
229E,9,18.1000,20.0000,PHE308,0.000000
229E,9,18.1000,20.0000,ASN356,100.000000
229E,9,18.1000,20.0000,PRO310,70.000000
229E,9,18.1000,20.0000,ALA323,0.000000
229E,9,18.1000,20.0000,VAL357,90.000000
229E,10,20.1000,22.0000,LYS309,5.000000
229E,10,20.1000,22.0000,GLY324,0.000000
229E,10,20.1000,22.0000,ASP307,0.000000
229E,10,20.1000,22.0000,VAL325,0.000000
229E,10,20.1000,22.0000,ASN326,0.000000
229E,10,20.1000,22.0000,PHE308,0.000000
229E,10,20.1000,22.0000,ASN356,100.000000
229E,10,20.1000,22.0000,PRO310,30.000000
229E,10,20.1000,22.0000,ALA323,0.000000
229E,10,20.1000,22.0000,VAL357,95.000000
229E,11,22.1000,24.0000,LYS309,50.000000
229E,11,22.1000,24.0000,GLY324,0.000000
229E,11,22.1000,24.0000,ASP307,0.000000
229E,11,22.1000,24.0000,VAL325,0.000000
229E,11,22.1000,24.0000,ASN326,0.000000
229E,11,22.1000,24.0000,PHE308,10.000000
229E,11,22.1000,24.0000,ASN356,90.000000
229E,11,22.1000,24.0000,PRO310,85.000000
229E,11,22.1000,24.0000,ALA323,0.000000
229E,11,22.1000,24.0000,VAL357,80.000000
229E,12,24.1000,26.0000,LYS309,65.000000
229E,12,24.1000,26.0000,GLY324,5.000000
229E,12,24.1000,26.0000,ASP307,0.000000
229E,12,24.1000,26.0000,VAL325,0.000000
229E,12,24.1000,26.0000,ASN326,0.000000
229E,12,24.1000,26.0000,PHE308,0.000000
229E,12,24.1000,26.0000,ASN356,90.000000
229E,12,24.1000,26.0000,PRO310,100.000000
229E,12,24.1000,26.0000,ALA323,20.000000
229E,12,24.1000,26.0000,VAL357,80.000000
229E,13,26.1000,28.0000,LYS309,100.000000
229E,13,26.1000,28.0000,GLY324,85.000000
229E,13,26.1000,28.0000,ASP307,45.000000
229E,13,26.1000,28.0000,VAL325,45.000000
229E,13,26.1000,28.0000,ASN326,45.000000
229E,13,26.1000,28.0000,PHE308,45.000000
229E,13,26.1000,28.0000,ASN356,45.000000
229E,13,26.1000,28.0000,PRO310,50.000000
229E,13,26.1000,28.0000,ALA323,95.000000
229E,13,26.1000,28.0000,VAL357,40.000000
229E,14,28.1000,30.0000,LYS309,90.000000
229E,14,28.1000,30.0000,GLY324,100.000000
229E,14,28.1000,30.0000,ASP307,100.000000
229E,14,28.1000,30.0000,VAL325,100.000000
229E,14,28.1000,30.0000,ASN326,95.000000
229E,14,28.1000,30.0000,PHE308,90.000000
229E,14,28.1000,30.0000,ASN356,0.000000
229E,14,28.1000,30.0000,PRO310,10.000000
229E,14,28.1000,30.0000,ALA323,100.000000
229E,14,28.1000,30.0000,VAL357,0.000000
229E,15,30.1000,32.0000,LYS309,100.000000
229E,15,30.1000,32.0000,GLY324,95.000000
229E,15,30.1000,32.0000,ASP307,100.000000
229E,15,30.1000,32.0000,VAL325,90.000000
229E,15,30.1000,32.0000,ASN326,100.000000
229E,15,30.1000,32.0000,PHE308,85.000000
229E,15,30.1000,32.0000,ASN356,0.000000
229E,15,30.1000,32.0000,PRO310,15.000000
229E,15,30.1000,32.0000,ALA323,85.000000
229E,15,30.1000,32.0000,VAL357,0.000000
229E,16,32.1000,34.0000,LYS309,100.000000
229E,16,32.1000,34.0000,GLY324,95.000000
229E,16,32.1000,34.0000,ASP307,95.000000
229E,16,32.1000,34.0000,VAL325,95.000000
229E,16,32.1000,34.0000,ASN326,100.000000
229E,16,32.1000,34.0000,PHE308,95.000000
229E,16,32.1000,34.0000,ASN356,0.000000
229E,16,32.1000,34.0000,PRO310,40.000000
229E,16,32.1000,34.0000,ALA323,85.000000
229E,16,32.1000,34.0000,VAL357,0.000000
229E,17,34.1000,36.0000,LYS309,100.000000
229E,17,34.1000,36.0000,GLY324,100.000000
229E,17,34.1000,36.0000,ASP307,95.000000
229E,17,34.1000,36.0000,VAL325,95.000000
229E,17,34.1000,36.0000,ASN326,90.000000
229E,17,34.1000,36.0000,PHE308,95.000000
229E,17,34.1000,36.0000,ASN356,0.000000
229E,17,34.1000,36.0000,PRO310,5.000000
229E,17,34.1000,36.0000,ALA323,95.000000
229E,17,34.1000,36.0000,VAL357,0.000000
229E,18,36.1000,38.0000,LYS309,100.000000
229E,18,36.1000,38.0000,GLY324,100.000000
229E,18,36.1000,38.0000,ASP307,100.000000
229E,18,36.1000,38.0000,VAL325,95.000000
229E,18,36.1000,38.0000,ASN326,90.000000
229E,18,36.1000,38.0000,PHE308,85.000000
229E,18,36.1000,38.0000,ASN356,0.000000
229E,18,36.1000,38.0000,PRO310,5.000000
229E,18,36.1000,38.0000,ALA323,80.000000
229E,18,36.1000,38.0000,VAL357,0.000000
229E,19,38.1000,40.0000,LYS309,100.000000
229E,19,38.1000,40.0000,GLY324,100.000000
229E,19,38.1000,40.0000,ASP307,90.000000
229E,19,38.1000,40.0000,VAL325,100.000000
229E,19,38.1000,40.0000,ASN326,100.000000
229E,19,38.1000,40.0000,PHE308,95.000000
229E,19,38.1000,40.0000,ASN356,0.000000
229E,19,38.1000,40.0000,PRO310,10.000000
229E,19,38.1000,40.0000,ALA323,70.000000
229E,19,38.1000,40.0000,VAL357,0.000000
229E,20,40.1000,42.0000,LYS309,100.000000
229E,20,40.1000,42.0000,GLY324,100.000000
229E,20,40.1000,42.0000,ASP307,95.000000
229E,20,40.1000,42.0000,VAL325,95.000000
229E,20,40.1000,42.0000,ASN326,95.000000
229E,20,40.1000,42.0000,PHE308,90.000000
229E,20,40.1000,42.0000,ASN356,0.000000
229E,20,40.1000,42.0000,PRO310,30.000000
229E,20,40.1000,42.0000,ALA323,90.000000
229E,20,40.1000,42.0000,VAL357,0.000000
229E,21,42.1000,44.0000,LYS309,100.000000
229E,21,42.1000,44.0000,GLY324,100.000000
229E,21,42.1000,44.0000,ASP307,100.000000
229E,21,42.1000,44.0000,VAL325,100.000000
229E,21,42.1000,44.0000,ASN326,100.000000
229E,21,42.1000,44.0000,PHE308,95.000000
229E,21,42.1000,44.0000,ASN356,0.000000
229E,21,42.1000,44.0000,PRO310,35.000000
229E,21,42.1000,44.0000,ALA323,100.000000
229E,21,42.1000,44.0000,VAL357,0.000000
229E,22,44.1000,46.0000,LYS309,100.000000
229E,22,44.1000,46.0000,GLY324,100.000000
229E,22,44.1000,46.0000,ASP307,85.000000
229E,22,44.1000,46.0000,VAL325,90.000000
229E,22,44.1000,46.0000,ASN326,90.000000
229E,22,44.1000,46.0000,PHE308,75.000000
229E,22,44.1000,46.0000,ASN356,0.000000
229E,22,44.1000,46.0000,PRO310,50.000000
229E,22,44.1000,46.0000,ALA323,100.000000
229E,22,44.1000,46.0000,VAL357,0.000000
229E,23,46.1000,48.0000,LYS309,100.000000
229E,23,46.1000,48.0000,GLY324,100.000000
229E,23,46.1000,48.0000,ASP307,95.000000
229E,23,46.1000,48.0000,VAL325,90.000000
229E,23,46.1000,48.0000,ASN326,100.000000
229E,23,46.1000,48.0000,PHE308,90.000000
229E,23,46.1000,48.0000,ASN356,0.000000
229E,23,46.1000,48.0000,PRO310,10.000000
229E,23,46.1000,48.0000,ALA323,95.000000
229E,23,46.1000,48.0000,VAL357,0.000000
229E,24,48.1000,50.0000,LYS309,100.000000
229E,24,48.1000,50.0000,GLY324,85.000000
229E,24,48.1000,50.0000,ASP307,100.000000
229E,24,48.1000,50.0000,VAL325,100.000000
229E,24,48.1000,50.0000,ASN326,100.000000
229E,24,48.1000,50.0000,PHE308,95.000000
229E,24,48.1000,50.0000,ASN356,0.000000
229E,24,48.1000,50.0000,PRO310,5.000000
229E,24,48.1000,50.0000,ALA323,15.000000
229E,24,48.1000,50.0000,VAL357,0.000000
229E,25,50.1000,52.0000,LYS309,100.000000
229E,25,50.1000,52.0000,GLY324,90.000000
229E,25,50.1000,52.0000,ASP307,100.000000
229E,25,50.1000,52.0000,VAL325,90.000000
229E,25,50.1000,52.0000,ASN326,100.000000
229E,25,50.1000,52.0000,PHE308,90.000000
229E,25,50.1000,52.0000,ASN356,0.000000
229E,25,50.1000,52.0000,PRO310,5.000000
229E,25,50.1000,52.0000,ALA323,60.000000
229E,25,50.1000,52.0000,VAL357,0.000000
229E,26,52.1000,54.0000,LYS309,95.000000
229E,26,52.1000,54.0000,GLY324,100.000000
229E,26,52.1000,54.0000,ASP307,90.000000
229E,26,52.1000,54.0000,VAL325,100.000000
229E,26,52.1000,54.0000,ASN326,90.000000
229E,26,52.1000,54.0000,PHE308,90.000000
229E,26,52.1000,54.0000,ASN356,0.000000
229E,26,52.1000,54.0000,PRO310,30.000000
229E,26,52.1000,54.0000,ALA323,80.000000
229E,26,52.1000,54.0000,VAL357,0.000000
229E,27,54.1000,56.0000,LYS309,100.000000
229E,27,54.1000,56.0000,GLY324,100.000000
229E,27,54.1000,56.0000,ASP307,100.000000
229E,27,54.1000,56.0000,VAL325,100.000000
229E,27,54.1000,56.0000,ASN326,100.000000
229E,27,54.1000,56.0000,PHE308,90.000000
229E,27,54.1000,56.0000,ASN356,0.000000
229E,27,54.1000,56.0000,PRO310,10.000000
229E,27,54.1000,56.0000,ALA323,85.000000
229E,27,54.1000,56.0000,VAL357,0.000000
229E,28,56.1000,58.0000,LYS309,100.000000
229E,28,56.1000,58.0000,GLY324,95.000000
229E,28,56.1000,58.0000,ASP307,95.000000
229E,28,56.1000,58.0000,VAL325,95.000000
229E,28,56.1000,58.0000,ASN326,100.000000
229E,28,56.1000,58.0000,PHE308,80.000000
229E,28,56.1000,58.0000,ASN356,0.000000
229E,28,56.1000,58.0000,PRO310,30.000000
229E,28,56.1000,58.0000,ALA323,100.000000
229E,28,56.1000,58.0000,VAL357,0.000000
229E,29,58.1000,60.0000,LYS309,100.000000
229E,29,58.1000,60.0000,GLY324,100.000000
229E,29,58.1000,60.0000,ASP307,90.000000
229E,29,58.1000,60.0000,VAL325,100.000000
229E,29,58.1000,60.0000,ASN326,100.000000
229E,29,58.1000,60.0000,PHE308,70.000000
229E,29,58.1000,60.0000,ASN356,0.000000
229E,29,58.1000,60.0000,PRO310,20.000000
229E,29,58.1000,60.0000,ALA323,95.000000
229E,29,58.1000,60.0000,VAL357,0.000000
229E,30,60.1000,62.0000,LYS309,100.000000
229E,30,60.1000,62.0000,GLY324,95.000000
229E,30,60.1000,62.0000,ASP307,100.000000
229E,30,60.1000,62.0000,VAL325,90.000000
229E,30,60.1000,62.0000,ASN326,80.000000
229E,30,60.1000,62.0000,PHE308,100.000000
229E,30,60.1000,62.0000,ASN356,25.000000
229E,30,60.1000,62.0000,PRO310,30.000000
229E,30,60.1000,62.0000,ALA323,55.000000
229E,30,60.1000,62.0000,VAL357,10.000000
229E,31,62.1000,64.0000,LYS309,100.000000
229E,31,62.1000,64.0000,GLY324,90.000000
229E,31,62.1000,64.0000,ASP307,95.000000
229E,31,62.1000,64.0000,VAL325,100.000000
229E,31,62.1000,64.0000,ASN326,100.000000
229E,31,62.1000,64.0000,PHE308,100.000000
229E,31,62.1000,64.0000,ASN356,70.000000
229E,31,62.1000,64.0000,PRO310,85.000000
229E,31,62.1000,64.0000,ALA323,0.000000
229E,31,62.1000,64.0000,VAL357,65.000000
229E,32,64.1000,66.0000,LYS309,100.000000
229E,32,64.1000,66.0000,GLY324,95.000000
229E,32,64.1000,66.0000,ASP307,100.000000
229E,32,64.1000,66.0000,VAL325,100.000000
229E,32,64.1000,66.0000,ASN326,95.000000
229E,32,64.1000,66.0000,PHE308,100.000000
229E,32,64.1000,66.0000,ASN356,40.000000
229E,32,64.1000,66.0000,PRO310,65.000000
229E,32,64.1000,66.0000,ALA323,0.000000
229E,32,64.1000,66.0000,VAL357,35.000000
229E,33,66.1000,68.0000,LYS309,100.000000
229E,33,66.1000,68.0000,GLY324,90.000000
229E,33,66.1000,68.0000,ASP307,95.000000
229E,33,66.1000,68.0000,VAL325,95.000000
229E,33,66.1000,68.0000,ASN326,85.000000
229E,33,66.1000,68.0000,PHE308,100.000000
229E,33,66.1000,68.0000,ASN356,65.000000
229E,33,66.1000,68.0000,PRO310,50.000000
229E,33,66.1000,68.0000,ALA323,0.000000
229E,33,66.1000,68.0000,VAL357,45.000000
229E,34,68.1000,70.0000,LYS309,100.000000
229E,34,68.1000,70.0000,GLY324,90.000000
229E,34,68.1000,70.0000,ASP307,100.000000
229E,34,68.1000,70.0000,VAL325,95.000000
229E,34,68.1000,70.0000,ASN326,95.000000
229E,34,68.1000,70.0000,PHE308,100.000000
229E,34,68.1000,70.0000,ASN356,90.000000
229E,34,68.1000,70.0000,PRO310,70.000000
229E,34,68.1000,70.0000,ALA323,0.000000
229E,34,68.1000,70.0000,VAL357,45.000000
229E,35,70.1000,72.0000,LYS309,100.000000
229E,35,70.1000,72.0000,GLY324,95.000000
229E,35,70.1000,72.0000,ASP307,100.000000
229E,35,70.1000,72.0000,VAL325,95.000000
229E,35,70.1000,72.0000,ASN326,90.000000
229E,35,70.1000,72.0000,PHE308,95.000000
229E,35,70.1000,72.0000,ASN356,80.000000
229E,35,70.1000,72.0000,PRO310,80.000000
229E,35,70.1000,72.0000,ALA323,0.000000
229E,35,70.1000,72.0000,VAL357,70.000000
229E,36,72.1000,74.0000,LYS309,100.000000
229E,36,72.1000,74.0000,GLY324,95.000000
229E,36,72.1000,74.0000,ASP307,100.000000
229E,36,72.1000,74.0000,VAL325,95.000000
229E,36,72.1000,74.0000,ASN326,80.000000
229E,36,72.1000,74.0000,PHE308,100.000000
229E,36,72.1000,74.0000,ASN356,100.000000
229E,36,72.1000,74.0000,PRO310,75.000000
229E,36,72.1000,74.0000,ALA323,0.000000
229E,36,72.1000,74.0000,VAL357,65.000000
229E,37,74.1000,76.0000,LYS309,100.000000
229E,37,74.1000,76.0000,GLY324,95.000000
229E,37,74.1000,76.0000,ASP307,100.000000
229E,37,74.1000,76.0000,VAL325,100.000000
229E,37,74.1000,76.0000,ASN326,100.000000
229E,37,74.1000,76.0000,PHE308,95.000000
229E,37,74.1000,76.0000,ASN356,95.000000
229E,37,74.1000,76.0000,PRO310,65.000000
229E,37,74.1000,76.0000,ALA323,0.000000
229E,37,74.1000,76.0000,VAL357,60.000000
229E,38,76.1000,78.0000,LYS309,100.000000
229E,38,76.1000,78.0000,GLY324,90.000000
229E,38,76.1000,78.0000,ASP307,100.000000
229E,38,76.1000,78.0000,VAL325,100.000000
229E,38,76.1000,78.0000,ASN326,95.000000
229E,38,76.1000,78.0000,PHE308,100.000000
229E,38,76.1000,78.0000,ASN356,95.000000
229E,38,76.1000,78.0000,PRO310,80.000000
229E,38,76.1000,78.0000,ALA323,0.000000
229E,38,76.1000,78.0000,VAL357,70.000000
229E,39,78.1000,80.0000,LYS309,100.000000
229E,39,78.1000,80.0000,GLY324,80.000000
229E,39,78.1000,80.0000,ASP307,100.000000
229E,39,78.1000,80.0000,VAL325,100.000000
229E,39,78.1000,80.0000,ASN326,90.000000
229E,39,78.1000,80.0000,PHE308,100.000000
229E,39,78.1000,80.0000,ASN356,40.000000
229E,39,78.1000,80.0000,PRO310,80.000000
229E,39,78.1000,80.0000,ALA323,0.000000
229E,39,78.1000,80.0000,VAL357,55.000000
229E,40,80.1000,82.0000,LYS309,100.000000
229E,40,80.1000,82.0000,GLY324,100.000000
229E,40,80.1000,82.0000,ASP307,100.000000
229E,40,80.1000,82.0000,VAL325,100.000000
229E,40,80.1000,82.0000,ASN326,85.000000
229E,40,80.1000,82.0000,PHE308,95.000000
229E,40,80.1000,82.0000,ASN356,80.000000
229E,40,80.1000,82.0000,PRO310,25.000000
229E,40,80.1000,82.0000,ALA323,0.000000
229E,40,80.1000,82.0000,VAL357,25.000000
229E,41,82.1000,84.0000,LYS309,100.000000
229E,41,82.1000,84.0000,GLY324,95.000000
229E,41,82.1000,84.0000,ASP307,100.000000
229E,41,82.1000,84.0000,VAL325,95.000000
229E,41,82.1000,84.0000,ASN326,90.000000
229E,41,82.1000,84.0000,PHE308,100.000000
229E,41,82.1000,84.0000,ASN356,65.000000
229E,41,82.1000,84.0000,PRO310,45.000000
229E,41,82.1000,84.0000,ALA323,0.000000
229E,41,82.1000,84.0000,VAL357,45.000000
229E,42,84.1000,86.0000,LYS309,100.000000
229E,42,84.1000,86.0000,GLY324,90.000000
229E,42,84.1000,86.0000,ASP307,100.000000
229E,42,84.1000,86.0000,VAL325,100.000000
229E,42,84.1000,86.0000,ASN326,95.000000
229E,42,84.1000,86.0000,PHE308,100.000000
229E,42,84.1000,86.0000,ASN356,85.000000
229E,42,84.1000,86.0000,PRO310,80.000000
229E,42,84.1000,86.0000,ALA323,0.000000
229E,42,84.1000,86.0000,VAL357,85.000000
229E,43,86.1000,88.0000,LYS309,95.000000
229E,43,86.1000,88.0000,GLY324,80.000000
229E,43,86.1000,88.0000,ASP307,100.000000
229E,43,86.1000,88.0000,VAL325,95.000000
229E,43,86.1000,88.0000,ASN326,90.000000
229E,43,86.1000,88.0000,PHE308,100.000000
229E,43,86.1000,88.0000,ASN356,95.000000
229E,43,86.1000,88.0000,PRO310,45.000000
229E,43,86.1000,88.0000,ALA323,0.000000
229E,43,86.1000,88.0000,VAL357,45.000000
229E,44,88.1000,90.0000,LYS309,95.000000
229E,44,88.1000,90.0000,GLY324,100.000000
229E,44,88.1000,90.0000,ASP307,100.000000
229E,44,88.1000,90.0000,VAL325,100.000000
229E,44,88.1000,90.0000,ASN326,95.000000
229E,44,88.1000,90.0000,PHE308,100.000000
229E,44,88.1000,90.0000,ASN356,100.000000
229E,44,88.1000,90.0000,PRO310,0.000000
229E,44,88.1000,90.0000,ALA323,0.000000
229E,44,88.1000,90.0000,VAL357,0.000000
229E,45,90.1000,92.0000,LYS309,100.000000
229E,45,90.1000,92.0000,GLY324,90.000000
229E,45,90.1000,92.0000,ASP307,100.000000
229E,45,90.1000,92.0000,VAL325,100.000000
229E,45,90.1000,92.0000,ASN326,95.000000
229E,45,90.1000,92.0000,PHE308,100.000000
229E,45,90.1000,92.0000,ASN356,60.000000
229E,45,90.1000,92.0000,PRO310,70.000000
229E,45,90.1000,92.0000,ALA323,0.000000
229E,45,90.1000,92.0000,VAL357,50.000000
229E,46,92.1000,94.0000,LYS309,100.000000
229E,46,92.1000,94.0000,GLY324,100.000000
229E,46,92.1000,94.0000,ASP307,95.000000
229E,46,92.1000,94.0000,VAL325,95.000000
229E,46,92.1000,94.0000,ASN326,90.000000
229E,46,92.1000,94.0000,PHE308,80.000000
229E,46,92.1000,94.0000,ASN356,10.000000
229E,46,92.1000,94.0000,PRO310,5.000000
229E,46,92.1000,94.0000,ALA323,0.000000
229E,46,92.1000,94.0000,VAL357,5.000000
229E,47,94.1000,96.0000,LYS309,95.000000
229E,47,94.1000,96.0000,GLY324,90.000000
229E,47,94.1000,96.0000,ASP307,100.000000
229E,47,94.1000,96.0000,VAL325,100.000000
229E,47,94.1000,96.0000,ASN326,100.000000
229E,47,94.1000,96.0000,PHE308,80.000000
229E,47,94.1000,96.0000,ASN356,0.000000
229E,47,94.1000,96.0000,PRO310,0.000000
229E,47,94.1000,96.0000,ALA323,0.000000
229E,47,94.1000,96.0000,VAL357,0.000000
229E,48,96.1000,98.0000,LYS309,95.000000
229E,48,96.1000,98.0000,GLY324,100.000000
229E,48,96.1000,98.0000,ASP307,90.000000
229E,48,96.1000,98.0000,VAL325,100.000000
229E,48,96.1000,98.0000,ASN326,100.000000
229E,48,96.1000,98.0000,PHE308,90.000000
229E,48,96.1000,98.0000,ASN356,0.000000
229E,48,96.1000,98.0000,PRO310,5.000000
229E,48,96.1000,98.0000,ALA323,40.000000
229E,48,96.1000,98.0000,VAL357,0.000000
229E,49,98.1000,100.0000,LYS309,100.000000
229E,49,98.1000,100.0000,GLY324,100.000000
229E,49,98.1000,100.0000,ASP307,95.000000
229E,49,98.1000,100.0000,VAL325,100.000000
229E,49,98.1000,100.0000,ASN326,100.000000
229E,49,98.1000,100.0000,PHE308,100.000000
229E,49,98.1000,100.0000,ASN356,0.000000
229E,49,98.1000,100.0000,PRO310,35.000000
229E,49,98.1000,100.0000,ALA323,95.000000
229E,49,98.1000,100.0000,VAL357,0.000000
HKU1,0,0.0000,2.0000,TYR50,100.000000
HKU1,0,0.0000,2.0000,GLY274,71.428571
HKU1,0,0.0000,2.0000,VAL275,85.714286
HKU1,0,0.0000,2.0000,VAL55,85.714286
HKU1,0,0.0000,2.0000,ARG273,95.238095
HKU1,0,0.0000,2.0000,LEU52,66.666667
HKU1,0,0.0000,2.0000,THR221,80.952381
HKU1,0,0.0000,2.0000,ILE51,57.142857
HKU1,0,0.0000,2.0000,ARG54,66.666667
HKU1,0,0.0000,2.0000,MET218,9.523810
HKU1,1,2.1000,4.0000,TYR50,100.000000
HKU1,1,2.1000,4.0000,GLY274,95.000000
HKU1,1,2.1000,4.0000,VAL275,95.000000
HKU1,1,2.1000,4.0000,VAL55,85.000000
HKU1,1,2.1000,4.0000,ARG273,55.000000
HKU1,1,2.1000,4.0000,LEU52,100.000000
HKU1,1,2.1000,4.0000,THR221,90.000000
HKU1,1,2.1000,4.0000,ILE51,40.000000
HKU1,1,2.1000,4.0000,ARG54,95.000000
HKU1,1,2.1000,4.0000,MET218,50.000000
HKU1,2,4.1000,6.0000,TYR50,100.000000
HKU1,2,4.1000,6.0000,GLY274,85.000000
HKU1,2,4.1000,6.0000,VAL275,90.000000
HKU1,2,4.1000,6.0000,VAL55,85.000000
HKU1,2,4.1000,6.0000,ARG273,100.000000
HKU1,2,4.1000,6.0000,LEU52,30.000000
HKU1,2,4.1000,6.0000,THR221,65.000000
HKU1,2,4.1000,6.0000,ILE51,25.000000
HKU1,2,4.1000,6.0000,ARG54,35.000000
HKU1,2,4.1000,6.0000,MET218,70.000000
HKU1,3,6.1000,8.0000,TYR50,20.000000
HKU1,3,6.1000,8.0000,GLY274,5.000000
HKU1,3,6.1000,8.0000,VAL275,75.000000
HKU1,3,6.1000,8.0000,VAL55,0.000000
HKU1,3,6.1000,8.0000,ARG273,60.000000
HKU1,3,6.1000,8.0000,LEU52,0.000000
HKU1,3,6.1000,8.0000,THR221,5.000000
HKU1,3,6.1000,8.0000,ILE51,5.000000
HKU1,3,6.1000,8.0000,ARG54,0.000000
HKU1,3,6.1000,8.0000,MET218,60.000000
HKU1,4,8.1000,10.0000,TYR50,0.000000
HKU1,4,8.1000,10.0000,GLY274,0.000000
HKU1,4,8.1000,10.0000,VAL275,15.000000
HKU1,4,8.1000,10.0000,VAL55,0.000000
HKU1,4,8.1000,10.0000,ARG273,25.000000
HKU1,4,8.1000,10.0000,LEU52,0.000000
HKU1,4,8.1000,10.0000,THR221,0.000000
HKU1,4,8.1000,10.0000,ILE51,0.000000
HKU1,4,8.1000,10.0000,ARG54,0.000000
HKU1,4,8.1000,10.0000,MET218,65.000000
HKU1,5,10.1000,12.0000,TYR50,0.000000
HKU1,5,10.1000,12.0000,GLY274,0.000000
HKU1,5,10.1000,12.0000,VAL275,0.000000
HKU1,5,10.1000,12.0000,VAL55,0.000000
HKU1,5,10.1000,12.0000,ARG273,0.000000
HKU1,5,10.1000,12.0000,LEU52,0.000000
HKU1,5,10.1000,12.0000,THR221,0.000000
HKU1,5,10.1000,12.0000,ILE51,0.000000
HKU1,5,10.1000,12.0000,ARG54,0.000000
HKU1,5,10.1000,12.0000,MET218,0.000000
HKU1,6,12.1000,14.0000,TYR50,0.000000
HKU1,6,12.1000,14.0000,GLY274,0.000000
HKU1,6,12.1000,14.0000,VAL275,0.000000
HKU1,6,12.1000,14.0000,VAL55,0.000000
HKU1,6,12.1000,14.0000,ARG273,0.000000
HKU1,6,12.1000,14.0000,LEU52,0.000000
HKU1,6,12.1000,14.0000,THR221,0.000000
HKU1,6,12.1000,14.0000,ILE51,0.000000
HKU1,6,12.1000,14.0000,ARG54,0.000000
HKU1,6,12.1000,14.0000,MET218,40.000000
HKU1,7,14.1000,16.0000,TYR50,0.000000
HKU1,7,14.1000,16.0000,GLY274,0.000000
HKU1,7,14.1000,16.0000,VAL275,0.000000
HKU1,7,14.1000,16.0000,VAL55,0.000000
HKU1,7,14.1000,16.0000,ARG273,0.000000
HKU1,7,14.1000,16.0000,LEU52,0.000000
HKU1,7,14.1000,16.0000,THR221,0.000000
HKU1,7,14.1000,16.0000,ILE51,0.000000
HKU1,7,14.1000,16.0000,ARG54,0.000000
HKU1,7,14.1000,16.0000,MET218,5.000000
HKU1,8,16.1000,18.0000,TYR50,0.000000
HKU1,8,16.1000,18.0000,GLY274,0.000000
HKU1,8,16.1000,18.0000,VAL275,10.000000
HKU1,8,16.1000,18.0000,VAL55,0.000000
HKU1,8,16.1000,18.0000,ARG273,5.000000
HKU1,8,16.1000,18.0000,LEU52,0.000000
HKU1,8,16.1000,18.0000,THR221,0.000000
HKU1,8,16.1000,18.0000,ILE51,0.000000
HKU1,8,16.1000,18.0000,ARG54,0.000000
HKU1,8,16.1000,18.0000,MET218,20.000000
HKU1,9,18.1000,20.0000,TYR50,0.000000
HKU1,9,18.1000,20.0000,GLY274,0.000000
HKU1,9,18.1000,20.0000,VAL275,0.000000
HKU1,9,18.1000,20.0000,VAL55,0.000000
HKU1,9,18.1000,20.0000,ARG273,0.000000
HKU1,9,18.1000,20.0000,LEU52,0.000000
HKU1,9,18.1000,20.0000,THR221,0.000000
HKU1,9,18.1000,20.0000,ILE51,0.000000
HKU1,9,18.1000,20.0000,ARG54,0.000000
HKU1,9,18.1000,20.0000,MET218,35.000000
HKU1,10,20.1000,22.0000,TYR50,0.000000
HKU1,10,20.1000,22.0000,GLY274,0.000000
HKU1,10,20.1000,22.0000,VAL275,0.000000
HKU1,10,20.1000,22.0000,VAL55,0.000000
HKU1,10,20.1000,22.0000,ARG273,5.000000
HKU1,10,20.1000,22.0000,LEU52,0.000000
HKU1,10,20.1000,22.0000,THR221,0.000000
HKU1,10,20.1000,22.0000,ILE51,0.000000
HKU1,10,20.1000,22.0000,ARG54,0.000000
HKU1,10,20.1000,22.0000,MET218,80.000000
HKU1,11,22.1000,24.0000,TYR50,0.000000
HKU1,11,22.1000,24.0000,GLY274,0.000000
HKU1,11,22.1000,24.0000,VAL275,0.000000
HKU1,11,22.1000,24.0000,VAL55,0.000000
HKU1,11,22.1000,24.0000,ARG273,0.000000
HKU1,11,22.1000,24.0000,LEU52,0.000000
HKU1,11,22.1000,24.0000,THR221,0.000000
HKU1,11,22.1000,24.0000,ILE51,0.000000
HKU1,11,22.1000,24.0000,ARG54,0.000000
HKU1,11,22.1000,24.0000,MET218,65.000000
HKU1,12,24.1000,26.0000,TYR50,0.000000
HKU1,12,24.1000,26.0000,GLY274,0.000000
HKU1,12,24.1000,26.0000,VAL275,65.000000
HKU1,12,24.1000,26.0000,VAL55,0.000000
HKU1,12,24.1000,26.0000,ARG273,0.000000
HKU1,12,24.1000,26.0000,LEU52,0.000000
HKU1,12,24.1000,26.0000,THR221,0.000000
HKU1,12,24.1000,26.0000,ILE51,0.000000
HKU1,12,24.1000,26.0000,ARG54,0.000000
HKU1,12,24.1000,26.0000,MET218,100.000000
HKU1,13,26.1000,28.0000,TYR50,0.000000
HKU1,13,26.1000,28.0000,GLY274,0.000000
HKU1,13,26.1000,28.0000,VAL275,60.000000
HKU1,13,26.1000,28.0000,VAL55,0.000000
HKU1,13,26.1000,28.0000,ARG273,15.000000
HKU1,13,26.1000,28.0000,LEU52,0.000000
HKU1,13,26.1000,28.0000,THR221,0.000000
HKU1,13,26.1000,28.0000,ILE51,0.000000
HKU1,13,26.1000,28.0000,ARG54,0.000000
HKU1,13,26.1000,28.0000,MET218,100.000000
HKU1,14,28.1000,30.0000,TYR50,55.000000
HKU1,14,28.1000,30.0000,GLY274,45.000000
HKU1,14,28.1000,30.0000,VAL275,85.000000
HKU1,14,28.1000,30.0000,VAL55,20.000000
HKU1,14,28.1000,30.0000,ARG273,70.000000
HKU1,14,28.1000,30.0000,LEU52,25.000000
HKU1,14,28.1000,30.0000,THR221,40.000000
HKU1,14,28.1000,30.0000,ILE51,30.000000
HKU1,14,28.1000,30.0000,ARG54,5.000000
HKU1,14,28.1000,30.0000,MET218,85.000000
HKU1,15,30.1000,32.0000,TYR50,100.000000
HKU1,15,30.1000,32.0000,GLY274,85.000000
HKU1,15,30.1000,32.0000,VAL275,95.000000
HKU1,15,30.1000,32.0000,VAL55,60.000000
HKU1,15,30.1000,32.0000,ARG273,95.000000
HKU1,15,30.1000,32.0000,LEU52,35.000000
HKU1,15,30.1000,32.0000,THR221,65.000000
HKU1,15,30.1000,32.0000,ILE51,55.000000
HKU1,15,30.1000,32.0000,ARG54,5.000000
HKU1,15,30.1000,32.0000,MET218,70.000000
HKU1,16,32.1000,34.0000,TYR50,100.000000
HKU1,16,32.1000,34.0000,GLY274,100.000000
HKU1,16,32.1000,34.0000,VAL275,90.000000
HKU1,16,32.1000,34.0000,VAL55,45.000000
HKU1,16,32.1000,34.0000,ARG273,100.000000
HKU1,16,32.1000,34.0000,LEU52,20.000000
HKU1,16,32.1000,34.0000,THR221,60.000000
HKU1,16,32.1000,34.0000,ILE51,65.000000
HKU1,16,32.1000,34.0000,ARG54,10.000000
HKU1,16,32.1000,34.0000,MET218,55.000000
HKU1,17,34.1000,36.0000,TYR50,100.000000
HKU1,17,34.1000,36.0000,GLY274,100.000000
HKU1,17,34.1000,36.0000,VAL275,95.000000
HKU1,17,34.1000,36.0000,VAL55,40.000000
HKU1,17,34.1000,36.0000,ARG273,95.000000
HKU1,17,34.1000,36.0000,LEU52,25.000000
HKU1,17,34.1000,36.0000,THR221,80.000000
HKU1,17,34.1000,36.0000,ILE51,40.000000
HKU1,17,34.1000,36.0000,ARG54,10.000000
HKU1,17,34.1000,36.0000,MET218,75.000000
HKU1,18,36.1000,38.0000,TYR50,100.000000
HKU1,18,36.1000,38.0000,GLY274,80.000000
HKU1,18,36.1000,38.0000,VAL275,100.000000
HKU1,18,36.1000,38.0000,VAL55,35.000000
HKU1,18,36.1000,38.0000,ARG273,90.000000
HKU1,18,36.1000,38.0000,LEU52,15.000000
HKU1,18,36.1000,38.0000,THR221,80.000000
HKU1,18,36.1000,38.0000,ILE51,20.000000
HKU1,18,36.1000,38.0000,ARG54,0.000000
HKU1,18,36.1000,38.0000,MET218,80.000000
HKU1,19,38.1000,40.0000,TYR50,100.000000
HKU1,19,38.1000,40.0000,GLY274,30.000000
HKU1,19,38.1000,40.0000,VAL275,100.000000
HKU1,19,38.1000,40.0000,VAL55,0.000000
HKU1,19,38.1000,40.0000,ARG273,15.000000
HKU1,19,38.1000,40.0000,LEU52,5.000000
HKU1,19,38.1000,40.0000,THR221,100.000000
HKU1,19,38.1000,40.0000,ILE51,5.000000
HKU1,19,38.1000,40.0000,ARG54,0.000000
HKU1,19,38.1000,40.0000,MET218,100.000000
HKU1,20,40.1000,42.0000,TYR50,100.000000
HKU1,20,40.1000,42.0000,GLY274,55.000000
HKU1,20,40.1000,42.0000,VAL275,100.000000
HKU1,20,40.1000,42.0000,VAL55,10.000000
HKU1,20,40.1000,42.0000,ARG273,25.000000
HKU1,20,40.1000,42.0000,LEU52,5.000000
HKU1,20,40.1000,42.0000,THR221,90.000000
HKU1,20,40.1000,42.0000,ILE51,15.000000
HKU1,20,40.1000,42.0000,ARG54,0.000000
HKU1,20,40.1000,42.0000,MET218,90.000000
HKU1,21,42.1000,44.0000,TYR50,100.000000
HKU1,21,42.1000,44.0000,GLY274,95.000000
HKU1,21,42.1000,44.0000,VAL275,90.000000
HKU1,21,42.1000,44.0000,VAL55,55.000000
HKU1,21,42.1000,44.0000,ARG273,85.000000
HKU1,21,42.1000,44.0000,LEU52,30.000000
HKU1,21,42.1000,44.0000,THR221,90.000000
HKU1,21,42.1000,44.0000,ILE51,10.000000
HKU1,21,42.1000,44.0000,ARG54,0.000000
HKU1,21,42.1000,44.0000,MET218,65.000000
HKU1,22,44.1000,46.0000,TYR50,100.000000
HKU1,22,44.1000,46.0000,GLY274,90.000000
HKU1,22,44.1000,46.0000,VAL275,90.000000
HKU1,22,44.1000,46.0000,VAL55,65.000000
HKU1,22,44.1000,46.0000,ARG273,75.000000
HKU1,22,44.1000,46.0000,LEU52,65.000000
HKU1,22,44.1000,46.0000,THR221,70.000000
HKU1,22,44.1000,46.0000,ILE51,0.000000
HKU1,22,44.1000,46.0000,ARG54,25.000000
HKU1,22,44.1000,46.0000,MET218,10.000000
HKU1,23,46.1000,48.0000,TYR50,100.000000
HKU1,23,46.1000,48.0000,GLY274,95.000000
HKU1,23,46.1000,48.0000,VAL275,80.000000
HKU1,23,46.1000,48.0000,VAL55,80.000000
HKU1,23,46.1000,48.0000,ARG273,75.000000
HKU1,23,46.1000,48.0000,LEU52,60.000000
HKU1,23,46.1000,48.0000,THR221,45.000000
HKU1,23,46.1000,48.0000,ILE51,30.000000
HKU1,23,46.1000,48.0000,ARG54,15.000000
HKU1,23,46.1000,48.0000,MET218,5.000000
HKU1,24,48.1000,50.0000,TYR50,100.000000
HKU1,24,48.1000,50.0000,GLY274,100.000000
HKU1,24,48.1000,50.0000,VAL275,70.000000
HKU1,24,48.1000,50.0000,VAL55,70.000000
HKU1,24,48.1000,50.0000,ARG273,80.000000
HKU1,24,48.1000,50.0000,LEU52,15.000000
HKU1,24,48.1000,50.0000,THR221,30.000000
HKU1,24,48.1000,50.0000,ILE51,0.000000
HKU1,24,48.1000,50.0000,ARG54,0.000000
HKU1,24,48.1000,50.0000,MET218,0.000000
HKU1,25,50.1000,52.0000,TYR50,95.000000
HKU1,25,50.1000,52.0000,GLY274,95.000000
HKU1,25,50.1000,52.0000,VAL275,70.000000
HKU1,25,50.1000,52.0000,VAL55,100.000000
HKU1,25,50.1000,52.0000,ARG273,80.000000
HKU1,25,50.1000,52.0000,LEU52,0.000000
HKU1,25,50.1000,52.0000,THR221,80.000000
HKU1,25,50.1000,52.0000,ILE51,0.000000
HKU1,25,50.1000,52.0000,ARG54,0.000000
HKU1,25,50.1000,52.0000,MET218,0.000000
HKU1,26,52.1000,54.0000,TYR50,85.000000
HKU1,26,52.1000,54.0000,GLY274,100.000000
HKU1,26,52.1000,54.0000,VAL275,80.000000
HKU1,26,52.1000,54.0000,VAL55,95.000000
HKU1,26,52.1000,54.0000,ARG273,100.000000
HKU1,26,52.1000,54.0000,LEU52,5.000000
HKU1,26,52.1000,54.0000,THR221,55.000000
HKU1,26,52.1000,54.0000,ILE51,0.000000
HKU1,26,52.1000,54.0000,ARG54,0.000000
HKU1,26,52.1000,54.0000,MET218,0.000000
HKU1,27,54.1000,56.0000,TYR50,95.000000
HKU1,27,54.1000,56.0000,GLY274,90.000000
HKU1,27,54.1000,56.0000,VAL275,65.000000
HKU1,27,54.1000,56.0000,VAL55,85.000000
HKU1,27,54.1000,56.0000,ARG273,100.000000
HKU1,27,54.1000,56.0000,LEU52,0.000000
HKU1,27,54.1000,56.0000,THR221,50.000000
HKU1,27,54.1000,56.0000,ILE51,0.000000
HKU1,27,54.1000,56.0000,ARG54,0.000000
HKU1,27,54.1000,56.0000,MET218,0.000000
HKU1,28,56.1000,58.0000,TYR50,100.000000
HKU1,28,56.1000,58.0000,GLY274,95.000000
HKU1,28,56.1000,58.0000,VAL275,100.000000
HKU1,28,56.1000,58.0000,VAL55,75.000000
HKU1,28,56.1000,58.0000,ARG273,65.000000
HKU1,28,56.1000,58.0000,LEU52,35.000000
HKU1,28,56.1000,58.0000,THR221,65.000000
HKU1,28,56.1000,58.0000,ILE51,50.000000
HKU1,28,56.1000,58.0000,ARG54,35.000000
HKU1,28,56.1000,58.0000,MET218,25.000000
HKU1,29,58.1000,60.0000,TYR50,95.000000
HKU1,29,58.1000,60.0000,GLY274,85.000000
HKU1,29,58.1000,60.0000,VAL275,70.000000
HKU1,29,58.1000,60.0000,VAL55,100.000000
HKU1,29,58.1000,60.0000,ARG273,35.000000
HKU1,29,58.1000,60.0000,LEU52,95.000000
HKU1,29,58.1000,60.0000,THR221,50.000000
HKU1,29,58.1000,60.0000,ILE51,100.000000
HKU1,29,58.1000,60.0000,ARG54,95.000000
HKU1,29,58.1000,60.0000,MET218,0.000000
HKU1,30,60.1000,62.0000,TYR50,100.000000
HKU1,30,60.1000,62.0000,GLY274,95.000000
HKU1,30,60.1000,62.0000,VAL275,65.000000
HKU1,30,60.1000,62.0000,VAL55,100.000000
HKU1,30,60.1000,62.0000,ARG273,45.000000
HKU1,30,60.1000,62.0000,LEU52,75.000000
HKU1,30,60.1000,62.0000,THR221,25.000000
HKU1,30,60.1000,62.0000,ILE51,100.000000
HKU1,30,60.1000,62.0000,ARG54,95.000000
HKU1,30,60.1000,62.0000,MET218,0.000000
HKU1,31,62.1000,64.0000,TYR50,100.000000
HKU1,31,62.1000,64.0000,GLY274,95.000000
HKU1,31,62.1000,64.0000,VAL275,80.000000
HKU1,31,62.1000,64.0000,VAL55,100.000000
HKU1,31,62.1000,64.0000,ARG273,60.000000
HKU1,31,62.1000,64.0000,LEU52,80.000000
HKU1,31,62.1000,64.0000,THR221,25.000000
HKU1,31,62.1000,64.0000,ILE51,95.000000
HKU1,31,62.1000,64.0000,ARG54,100.000000
HKU1,31,62.1000,64.0000,MET218,0.000000
HKU1,32,64.1000,66.0000,TYR50,100.000000
HKU1,32,64.1000,66.0000,GLY274,100.000000
HKU1,32,64.1000,66.0000,VAL275,85.000000
HKU1,32,64.1000,66.0000,VAL55,100.000000
HKU1,32,64.1000,66.0000,ARG273,85.000000
HKU1,32,64.1000,66.0000,LEU52,80.000000
HKU1,32,64.1000,66.0000,THR221,45.000000
HKU1,32,64.1000,66.0000,ILE51,100.000000
HKU1,32,64.1000,66.0000,ARG54,95.000000
HKU1,32,64.1000,66.0000,MET218,0.000000
HKU1,33,66.1000,68.0000,TYR50,100.000000
HKU1,33,66.1000,68.0000,GLY274,90.000000
HKU1,33,66.1000,68.0000,VAL275,75.000000
HKU1,33,66.1000,68.0000,VAL55,40.000000
HKU1,33,66.1000,68.0000,ARG273,50.000000
HKU1,33,66.1000,68.0000,LEU52,100.000000
HKU1,33,66.1000,68.0000,THR221,75.000000
HKU1,33,66.1000,68.0000,ILE51,100.000000
HKU1,33,66.1000,68.0000,ARG54,55.000000
HKU1,33,66.1000,68.0000,MET218,0.000000
HKU1,34,68.1000,70.0000,TYR50,100.000000
HKU1,34,68.1000,70.0000,GLY274,95.000000
HKU1,34,68.1000,70.0000,VAL275,95.000000
HKU1,34,68.1000,70.0000,VAL55,55.000000
HKU1,34,68.1000,70.0000,ARG273,60.000000
HKU1,34,68.1000,70.0000,LEU52,100.000000
HKU1,34,68.1000,70.0000,THR221,75.000000
HKU1,34,68.1000,70.0000,ILE51,85.000000
HKU1,34,68.1000,70.0000,ARG54,5.000000
HKU1,34,68.1000,70.0000,MET218,10.000000
HKU1,35,70.1000,72.0000,TYR50,100.000000
HKU1,35,70.1000,72.0000,GLY274,100.000000
HKU1,35,70.1000,72.0000,VAL275,90.000000
HKU1,35,70.1000,72.0000,VAL55,75.000000
HKU1,35,70.1000,72.0000,ARG273,55.000000
HKU1,35,70.1000,72.0000,LEU52,100.000000
HKU1,35,70.1000,72.0000,THR221,50.000000
HKU1,35,70.1000,72.0000,ILE51,90.000000
HKU1,35,70.1000,72.0000,ARG54,10.000000
HKU1,35,70.1000,72.0000,MET218,0.000000
HKU1,36,72.1000,74.0000,TYR50,100.000000
HKU1,36,72.1000,74.0000,GLY274,95.000000
HKU1,36,72.1000,74.0000,VAL275,100.000000
HKU1,36,72.1000,74.0000,VAL55,85.000000
HKU1,36,72.1000,74.0000,ARG273,35.000000
HKU1,36,72.1000,74.0000,LEU52,100.000000
HKU1,36,72.1000,74.0000,THR221,60.000000
HKU1,36,72.1000,74.0000,ILE51,100.000000
HKU1,36,72.1000,74.0000,ARG54,80.000000
HKU1,36,72.1000,74.0000,MET218,0.000000
HKU1,37,74.1000,76.0000,TYR50,100.000000
HKU1,37,74.1000,76.0000,GLY274,90.000000
HKU1,37,74.1000,76.0000,VAL275,95.000000
HKU1,37,74.1000,76.0000,VAL55,90.000000
HKU1,37,74.1000,76.0000,ARG273,40.000000
HKU1,37,74.1000,76.0000,LEU52,95.000000
HKU1,37,74.1000,76.0000,THR221,55.000000
HKU1,37,74.1000,76.0000,ILE51,90.000000
HKU1,37,74.1000,76.0000,ARG54,60.000000
HKU1,37,74.1000,76.0000,MET218,5.000000
HKU1,38,76.1000,78.0000,TYR50,100.000000
HKU1,38,76.1000,78.0000,GLY274,100.000000
HKU1,38,76.1000,78.0000,VAL275,60.000000
HKU1,38,76.1000,78.0000,VAL55,100.000000
HKU1,38,76.1000,78.0000,ARG273,30.000000
HKU1,38,76.1000,78.0000,LEU52,100.000000
HKU1,38,76.1000,78.0000,THR221,60.000000
HKU1,38,76.1000,78.0000,ILE51,100.000000
HKU1,38,76.1000,78.0000,ARG54,80.000000
HKU1,38,76.1000,78.0000,MET218,0.000000
HKU1,39,78.1000,80.0000,TYR50,100.000000
HKU1,39,78.1000,80.0000,GLY274,90.000000
HKU1,39,78.1000,80.0000,VAL275,70.000000
HKU1,39,78.1000,80.0000,VAL55,90.000000
HKU1,39,78.1000,80.0000,ARG273,10.000000
HKU1,39,78.1000,80.0000,LEU52,95.000000
HKU1,39,78.1000,80.0000,THR221,70.000000
HKU1,39,78.1000,80.0000,ILE51,100.000000
HKU1,39,78.1000,80.0000,ARG54,100.000000
HKU1,39,78.1000,80.0000,MET218,0.000000
HKU1,40,80.1000,82.0000,TYR50,100.000000
HKU1,40,80.1000,82.0000,GLY274,95.000000
HKU1,40,80.1000,82.0000,VAL275,80.000000
HKU1,40,80.1000,82.0000,VAL55,85.000000
HKU1,40,80.1000,82.0000,ARG273,40.000000
HKU1,40,80.1000,82.0000,LEU52,100.000000
HKU1,40,80.1000,82.0000,THR221,50.000000
HKU1,40,80.1000,82.0000,ILE51,90.000000
HKU1,40,80.1000,82.0000,ARG54,50.000000
HKU1,40,80.1000,82.0000,MET218,0.000000
HKU1,41,82.1000,84.0000,TYR50,100.000000
HKU1,41,82.1000,84.0000,GLY274,85.000000
HKU1,41,82.1000,84.0000,VAL275,60.000000
HKU1,41,82.1000,84.0000,VAL55,85.000000
HKU1,41,82.1000,84.0000,ARG273,45.000000
HKU1,41,82.1000,84.0000,LEU52,100.000000
HKU1,41,82.1000,84.0000,THR221,50.000000
HKU1,41,82.1000,84.0000,ILE51,80.000000
HKU1,41,82.1000,84.0000,ARG54,20.000000
HKU1,41,82.1000,84.0000,MET218,0.000000
HKU1,42,84.1000,86.0000,TYR50,100.000000
HKU1,42,84.1000,86.0000,GLY274,100.000000
HKU1,42,84.1000,86.0000,VAL275,75.000000
HKU1,42,84.1000,86.0000,VAL55,100.000000
HKU1,42,84.1000,86.0000,ARG273,45.000000
HKU1,42,84.1000,86.0000,LEU52,95.000000
HKU1,42,84.1000,86.0000,THR221,30.000000
HKU1,42,84.1000,86.0000,ILE51,100.000000
HKU1,42,84.1000,86.0000,ARG54,100.000000
HKU1,42,84.1000,86.0000,MET218,0.000000
HKU1,43,86.1000,88.0000,TYR50,95.000000
HKU1,43,86.1000,88.0000,GLY274,90.000000
HKU1,43,86.1000,88.0000,VAL275,70.000000
HKU1,43,86.1000,88.0000,VAL55,100.000000
HKU1,43,86.1000,88.0000,ARG273,50.000000
HKU1,43,86.1000,88.0000,LEU52,85.000000
HKU1,43,86.1000,88.0000,THR221,40.000000
HKU1,43,86.1000,88.0000,ILE51,100.000000
HKU1,43,86.1000,88.0000,ARG54,95.000000
HKU1,43,86.1000,88.0000,MET218,0.000000
HKU1,44,88.1000,90.0000,TYR50,100.000000
HKU1,44,88.1000,90.0000,GLY274,90.000000
HKU1,44,88.1000,90.0000,VAL275,75.000000
HKU1,44,88.1000,90.0000,VAL55,95.000000
HKU1,44,88.1000,90.0000,ARG273,45.000000
HKU1,44,88.1000,90.0000,LEU52,90.000000
HKU1,44,88.1000,90.0000,THR221,40.000000
HKU1,44,88.1000,90.0000,ILE51,100.000000
HKU1,44,88.1000,90.0000,ARG54,95.000000
HKU1,44,88.1000,90.0000,MET218,0.000000
HKU1,45,90.1000,92.0000,TYR50,95.000000
HKU1,45,90.1000,92.0000,GLY274,90.000000
HKU1,45,90.1000,92.0000,VAL275,65.000000
HKU1,45,90.1000,92.0000,VAL55,85.000000
HKU1,45,90.1000,92.0000,ARG273,55.000000
HKU1,45,90.1000,92.0000,LEU52,95.000000
HKU1,45,90.1000,92.0000,THR221,50.000000
HKU1,45,90.1000,92.0000,ILE51,100.000000
HKU1,45,90.1000,92.0000,ARG54,85.000000
HKU1,45,90.1000,92.0000,MET218,0.000000
HKU1,46,92.1000,94.0000,TYR50,95.000000
HKU1,46,92.1000,94.0000,GLY274,95.000000
HKU1,46,92.1000,94.0000,VAL275,80.000000
HKU1,46,92.1000,94.0000,VAL55,65.000000
HKU1,46,92.1000,94.0000,ARG273,65.000000
HKU1,46,92.1000,94.0000,LEU52,95.000000
HKU1,46,92.1000,94.0000,THR221,45.000000
HKU1,46,92.1000,94.0000,ILE51,70.000000
HKU1,46,92.1000,94.0000,ARG54,25.000000
HKU1,46,92.1000,94.0000,MET218,5.000000
HKU1,47,94.1000,96.0000,TYR50,100.000000
HKU1,47,94.1000,96.0000,GLY274,90.000000
HKU1,47,94.1000,96.0000,VAL275,90.000000
HKU1,47,94.1000,96.0000,VAL55,50.000000
HKU1,47,94.1000,96.0000,ARG273,85.000000
HKU1,47,94.1000,96.0000,LEU52,85.000000
HKU1,47,94.1000,96.0000,THR221,80.000000
HKU1,47,94.1000,96.0000,ILE51,70.000000
HKU1,47,94.1000,96.0000,ARG54,10.000000
HKU1,47,94.1000,96.0000,MET218,30.000000
HKU1,48,96.1000,98.0000,TYR50,100.000000
HKU1,48,96.1000,98.0000,GLY274,95.000000
HKU1,48,96.1000,98.0000,VAL275,95.000000
HKU1,48,96.1000,98.0000,VAL55,40.000000
HKU1,48,96.1000,98.0000,ARG273,100.000000
HKU1,48,96.1000,98.0000,LEU52,65.000000
HKU1,48,96.1000,98.0000,THR221,95.000000
HKU1,48,96.1000,98.0000,ILE51,50.000000
HKU1,48,96.1000,98.0000,ARG54,0.000000
HKU1,48,96.1000,98.0000,MET218,50.000000
HKU1,49,98.1000,100.0000,TYR50,95.000000
HKU1,49,98.1000,100.0000,GLY274,85.000000
HKU1,49,98.1000,100.0000,VAL275,60.000000
HKU1,49,98.1000,100.0000,VAL55,45.000000
HKU1,49,98.1000,100.0000,ARG273,60.000000
HKU1,49,98.1000,100.0000,LEU52,95.000000
HKU1,49,98.1000,100.0000,THR221,55.000000
HKU1,49,98.1000,100.0000,ILE51,60.000000
HKU1,49,98.1000,100.0000,ARG54,35.000000
HKU1,49,98.1000,100.0000,MET218,0.000000
